measure_time,block_height
2024-01-17 13:05:34.13790,1
2024-01-17 13:05:38.27819,1
2024-01-17 13:05:42.30279,1
2024-01-17 13:05:46.34322,1
2024-01-17 13:05:50.37816,1
2024-01-17 13:05:54.42136,1
2024-01-17 13:05:58.47376,1
2024-01-17 13:06:02.63152,1
2024-01-17 13:06:06.65630,1
2024-01-17 13:06:10.69423,1
2024-01-17 13:06:15.23490,1
2024-01-17 13:06:19.28276,1
2024-01-17 13:06:23.31261,1
2024-01-17 13:06:27.60317,1
2024-01-17 13:06:31.64294,1
2024-01-17 13:06:35.25945,1
2024-01-17 13:06:39.20294,4
2024-01-17 13:06:48.07319,8
2024-01-17 13:06:52.30022,12
2024-01-17 13:06:57.28154,14
2024-01-17 13:07:01.31183,14
2024-01-17 13:07:05.35328,14
2024-01-17 13:07:09.39177,14
2024-01-17 13:07:13.12714,14
2024-01-17 13:07:14.15779,16
2024-01-17 13:07:18.42519,18
2024-01-17 13:07:22.45587,18
2024-01-17 13:07:26.48469,18
2024-01-17 13:07:29.65256,20
2024-01-17 13:07:35.44988,24
2024-01-17 13:07:40.76457,28
2024-01-17 13:07:45.57503,30
2024-01-17 13:07:49.59776,30
2024-01-17 13:07:53.64535,30
2024-01-17 13:07:57.67897,30
2024-01-17 13:08:01.73321,30
2024-01-17 13:08:05.77564,30
2024-01-17 13:08:09.82660,30
2024-01-17 13:08:13.87616,30
2024-01-17 13:08:17.92038,30
2024-01-17 13:08:21.96672,30
2024-01-17 13:08:26.00671,30
2024-01-17 13:08:30.05467,30
2024-01-17 13:08:34.09790,30
2024-01-17 13:08:38.13661,30
2024-01-17 13:08:42.17880,30
2024-01-17 13:08:46.21966,30
2024-01-17 13:08:50.26278,30
2024-01-17 13:08:54.31821,30
2024-01-17 13:08:58.36180,30
2024-01-17 13:09:02.40815,30
2024-01-17 13:09:06.45184,30
2024-01-17 13:09:10.55531,30
2024-01-17 13:09:14.59107,30
2024-01-17 13:09:18.63911,30
2024-01-17 13:09:22.67998,30
2024-01-17 13:09:26.76023,30
2024-01-17 13:09:30.80830,30
2024-01-17 13:09:34.84447,30
2024-01-17 13:09:38.87814,30
2024-01-17 13:09:42.92356,30
2024-01-17 13:09:46.96500,30
2024-01-17 13:09:51.01244,30
2024-01-17 13:09:55.05088,30
2024-01-17 13:09:59.09658,30
2024-01-17 13:10:03.14066,30
2024-01-17 13:10:07.18261,30
2024-01-17 13:10:11.21062,30
2024-01-17 13:10:15.23949,30
2024-01-17 13:10:19.27702,30
2024-01-17 13:10:23.31571,30
2024-01-17 13:10:27.34540,30
2024-01-17 13:10:31.38085,30
2024-01-17 13:10:35.41101,30
2024-01-17 13:10:39.45071,30
2024-01-17 13:10:43.48953,30
2024-01-17 13:10:47.53387,30
2024-01-17 13:10:51.57544,30
2024-01-17 13:10:55.61509,30
2024-01-17 13:10:59.65459,30
2024-01-17 13:11:03.69445,30
2024-01-17 13:11:07.73209,30
2024-01-17 13:11:11.76965,30
2024-01-17 13:11:15.81220,30
2024-01-17 13:11:19.85813,30
2024-01-17 13:11:23.92003,30
2024-01-17 13:11:27.95371,30
2024-01-17 13:11:31.98819,30
2024-01-17 13:11:36.02427,30
2024-01-17 13:11:40.06074,30
2024-01-17 13:11:44.11189,30
2024-01-17 13:11:48.14735,30
2024-01-17 13:11:52.17782,30
2024-01-17 13:11:56.21286,30
2024-01-17 13:12:00.29696,30
2024-01-17 13:12:04.35812,30
2024-01-17 13:12:08.54709,30
2024-01-17 13:12:12.57665,30
2024-01-17 13:12:16.61345,30
2024-01-17 13:12:20.65570,30
2024-01-17 13:12:24.72549,30
2024-01-17 13:12:28.77751,30
2024-01-17 13:12:32.84230,30
2024-01-17 13:12:36.88253,30
2024-01-17 13:12:40.91240,30
2024-01-17 13:12:44.94552,30
2024-01-17 13:12:48.98035,30
2024-01-17 13:12:53.01816,30
2024-01-17 13:12:57.04845,30
2024-01-17 13:13:01.08086,30
2024-01-17 13:13:05.12427,30
2024-01-17 13:13:09.16719,30
2024-01-17 13:13:13.20855,30
2024-01-17 13:13:17.24876,30
2024-01-17 13:13:21.29029,30
2024-01-17 13:13:25.33241,30
2024-01-17 13:13:29.37371,30
2024-01-17 13:13:33.41627,30
2024-01-17 13:13:37.44917,30
2024-01-17 13:13:41.49342,30
2024-01-17 13:13:45.53317,30
2024-01-17 13:13:49.57500,30
2024-01-17 13:13:53.61110,30
2024-01-17 13:13:57.94530,30
2024-01-17 13:14:01.99651,30
2024-01-17 13:14:06.26156,30
2024-01-17 13:14:10.29485,30
2024-01-17 13:14:14.34004,30
2024-01-17 13:14:18.40758,30
2024-01-17 13:14:22.43392,30
2024-01-17 13:14:26.49087,30
2024-01-17 13:14:30.52497,30
2024-01-17 13:14:34.56014,30
2024-01-17 13:14:38.60680,30
2024-01-17 13:14:42.65079,30
2024-01-17 13:14:46.68458,30
2024-01-17 13:14:50.71147,30
2024-01-17 13:14:54.73909,30
2024-01-17 13:14:58.77187,30
2024-01-17 13:15:02.80051,30
2024-01-17 13:15:06.83102,30
2024-01-17 13:15:10.87376,30
2024-01-17 13:15:14.91319,30
2024-01-17 13:15:18.98030,30
2024-01-17 13:15:23.01435,30
2024-01-17 13:15:27.05909,30
2024-01-17 13:15:31.11850,30
2024-01-17 13:15:35.17358,30
2024-01-17 13:15:39.21786,30
2024-01-17 13:15:43.25676,30
2024-01-17 13:15:47.36451,30
2024-01-17 13:15:51.41431,30
2024-01-17 13:15:55.45569,30
2024-01-17 13:15:59.50754,30
2024-01-17 13:16:03.54729,30
2024-01-17 13:16:07.59957,30
2024-01-17 13:16:11.64122,30
2024-01-17 13:16:15.67431,30
2024-01-17 13:16:19.72396,30
2024-01-17 13:16:23.77049,30
2024-01-17 13:16:27.80937,30
2024-01-17 13:16:31.87705,30
2024-01-17 13:16:35.92884,30
2024-01-17 13:16:39.96521,30
2024-01-17 13:16:44.00432,30
2024-01-17 13:16:48.04537,30
2024-01-17 13:16:52.08848,30
2024-01-17 13:16:56.12299,30
2024-01-17 13:17:00.18284,30
2024-01-17 13:17:04.21279,30
2024-01-17 13:17:08.24447,30
2024-01-17 13:17:12.28249,30
2024-01-17 13:17:16.31328,30
2024-01-17 13:17:20.42497,30
2024-01-17 13:17:24.46064,30
2024-01-17 13:17:28.49348,30
2024-01-17 13:17:32.52490,30
2024-01-17 13:17:36.57582,30
2024-01-17 13:17:40.62921,30
2024-01-17 13:17:44.67644,30
2024-01-17 13:17:48.71826,30
2024-01-17 13:17:52.75090,30
2024-01-17 13:17:56.79138,30
2024-01-17 13:18:00.83071,30
2024-01-17 13:18:04.87475,30
2024-01-17 13:18:08.92408,30
2024-01-17 13:18:12.95713,30
2024-01-17 13:18:16.99875,30
2024-01-17 13:18:21.06172,30
2024-01-17 13:18:25.09566,30
2024-01-17 13:18:29.13316,30
2024-01-17 13:18:33.17752,30
2024-01-17 13:18:37.22456,30
2024-01-17 13:18:41.26606,30
2024-01-17 13:18:45.30950,30
2024-01-17 13:18:49.35527,30
2024-01-17 13:18:53.94434,30
2024-01-17 13:18:57.98422,30
2024-01-17 13:19:02.02641,30
2024-01-17 13:19:06.06185,30
2024-01-17 13:19:10.09668,30
2024-01-17 13:19:14.13080,30
2024-01-17 13:19:18.16006,30
2024-01-17 13:19:22.19651,30
2024-01-17 13:19:26.22964,30
2024-01-17 13:19:30.26212,30
2024-01-17 13:19:34.29398,30
2024-01-17 13:19:38.33380,30
2024-01-17 13:19:42.39171,30
2024-01-17 13:19:46.43231,30
2024-01-17 13:19:50.51555,30
2024-01-17 13:19:54.55867,30
2024-01-17 13:19:58.61269,30
2024-01-17 13:20:02.65321,30
2024-01-17 13:20:06.69188,30
2024-01-17 13:20:10.73076,30
2024-01-17 13:20:14.76300,30
2024-01-17 13:20:18.79906,30
2024-01-17 13:20:22.83722,30
2024-01-17 13:20:26.91903,30
2024-01-17 13:20:30.96132,30
2024-01-17 13:20:35.00878,30
2024-01-17 13:20:39.04123,30
2024-01-17 13:20:43.08892,30
2024-01-17 13:20:47.13397,30
2024-01-17 13:20:51.17620,30
2024-01-17 13:20:55.21415,30
2024-01-17 13:20:59.26066,30
2024-01-17 13:21:03.30220,30
2024-01-17 13:21:07.34877,30
2024-01-17 13:21:11.39298,30
2024-01-17 13:21:15.42981,30
2024-01-17 13:21:19.46557,30
2024-01-17 13:21:23.50465,30
2024-01-17 13:21:27.54056,30
2024-01-17 13:21:31.57933,30
2024-01-17 13:21:35.62574,30
2024-01-17 13:21:39.65707,30
2024-01-17 13:21:43.69504,30
2024-01-17 13:21:47.73528,30
2024-01-17 13:21:51.77242,30
2024-01-17 13:21:55.80323,30
2024-01-17 13:21:59.83663,30
2024-01-17 13:22:03.86704,30
2024-01-17 13:22:07.89940,30
2024-01-17 13:22:11.93751,30
2024-01-17 13:22:15.96228,30
2024-01-17 13:22:20.00019,30
2024-01-17 13:22:24.04610,30
2024-01-17 13:22:28.09151,30
2024-01-17 13:22:32.13455,30
2024-01-17 13:22:36.16922,30
2024-01-17 13:22:40.20842,30
2024-01-17 13:22:44.24130,30
2024-01-17 13:22:48.27776,30
2024-01-17 13:22:52.30789,30
2024-01-17 13:22:56.33773,30
2024-01-17 13:23:00.37100,30
2024-01-17 13:23:04.40051,30
2024-01-17 13:23:08.44407,30
2024-01-17 13:23:12.49726,30
2024-01-17 13:23:16.53389,30
2024-01-17 13:23:20.56800,30
2024-01-17 13:23:24.59935,30
2024-01-17 13:23:28.64800,30
2024-01-17 13:23:32.68788,30
2024-01-17 13:23:36.78080,30
2024-01-17 13:23:40.81736,30
2024-01-17 13:23:44.85847,30
2024-01-17 13:23:48.89764,30
2024-01-17 13:23:52.93737,30
2024-01-17 13:23:57.02029,30
2024-01-17 13:24:01.05917,30
2024-01-17 13:24:05.24858,30
2024-01-17 13:24:09.38923,30
2024-01-17 13:24:13.43697,30
2024-01-17 13:24:17.46744,30
2024-01-17 13:24:21.49856,30
2024-01-17 13:24:25.54081,30
2024-01-17 13:24:29.58941,30
2024-01-17 13:24:33.62937,30
2024-01-17 13:24:37.67322,30
2024-01-17 13:24:41.71738,30
2024-01-17 13:24:45.75812,30
2024-01-17 13:24:49.80611,30
2024-01-17 13:24:53.85291,30
2024-01-17 13:24:57.89666,30
2024-01-17 13:25:01.93484,30
2024-01-17 13:25:05.97072,30
2024-01-17 13:25:10.01256,30
2024-01-17 13:25:14.06028,30
2024-01-17 13:25:18.12713,30
2024-01-17 13:25:22.17159,30
2024-01-17 13:25:26.21957,30
2024-01-17 13:25:30.56616,30
2024-01-17 13:25:34.60813,30
2024-01-17 13:25:38.66405,30
2024-01-17 13:25:42.70103,30
2024-01-17 13:25:46.76475,30
2024-01-17 13:25:50.81006,30
2024-01-17 13:25:54.84525,30
2024-01-17 13:25:58.88954,30
2024-01-17 13:26:02.92849,30
2024-01-17 13:26:06.96409,30
2024-01-17 13:26:11.00322,30
2024-01-17 13:26:15.04273,30
2024-01-17 13:26:19.09175,30
2024-01-17 13:26:23.14720,30
2024-01-17 13:26:27.18271,30
2024-01-17 13:26:31.22699,30
2024-01-17 13:26:35.26162,30
2024-01-17 13:26:39.29922,30
2024-01-17 13:26:43.34291,30
2024-01-17 13:26:47.37669,30
2024-01-17 13:26:51.42533,30
2024-01-17 13:26:55.45858,30
2024-01-17 13:26:59.50362,30
2024-01-17 13:27:03.54185,30
2024-01-17 13:27:07.64154,30
2024-01-17 13:27:11.72724,30
2024-01-17 13:27:15.77976,30
2024-01-17 13:27:19.83015,30
2024-01-17 13:27:23.88941,30
2024-01-17 13:27:27.93189,30
2024-01-17 13:27:31.98442,30
2024-01-17 13:27:36.16154,30
2024-01-17 13:27:40.21573,30
2024-01-17 13:27:44.26135,30
2024-01-17 13:27:48.30990,30
2024-01-17 13:27:52.40070,30
2024-01-17 13:27:56.44469,30
2024-01-17 13:28:00.51233,30
2024-01-17 13:28:04.55592,30
2024-01-17 13:28:08.59898,30
2024-01-17 13:28:12.63519,30
2024-01-17 13:28:16.67518,30
2024-01-17 13:28:20.70937,30
2024-01-17 13:28:24.75432,30
2024-01-17 13:28:28.79320,30
2024-01-17 13:28:32.83730,30
2024-01-17 13:28:37.05692,30
2024-01-17 13:28:41.08890,30
2024-01-17 13:28:45.12903,30
2024-01-17 13:28:49.16207,30
2024-01-17 13:28:53.20502,30
2024-01-17 13:28:57.24481,30
2024-01-17 13:29:01.28034,30
2024-01-17 13:29:05.32880,30
2024-01-17 13:29:09.37070,30
2024-01-17 13:29:13.40959,30
2024-01-17 13:29:17.45755,30
2024-01-17 13:29:21.49589,30
2024-01-17 13:29:25.53119,30
2024-01-17 13:29:29.68606,30
2024-01-17 13:29:33.73415,30
2024-01-17 13:29:37.77394,30
2024-01-17 13:29:41.85922,30
2024-01-17 13:29:45.90664,30
2024-01-17 13:29:49.96032,30
2024-01-17 13:29:53.99853,30
2024-01-17 13:29:58.03223,30
2024-01-17 13:30:02.07753,30
2024-01-17 13:30:06.11728,30
2024-01-17 13:30:10.15854,30
2024-01-17 13:30:14.19758,30
2024-01-17 13:30:18.23711,30
2024-01-17 13:30:22.27648,30
2024-01-17 13:30:26.31708,30
2024-01-17 13:30:30.38426,30
2024-01-17 13:30:34.43086,30
2024-01-17 13:30:38.47459,30
2024-01-17 13:30:42.54127,30
2024-01-17 13:30:46.58209,30
2024-01-17 13:30:50.62854,30
2024-01-17 13:30:54.86525,30
2024-01-17 13:30:58.91532,30
2024-01-17 13:31:02.95855,30
2024-01-17 13:31:06.99065,30
2024-01-17 13:31:11.02820,30
2024-01-17 13:31:15.07906,30
2024-01-17 13:31:19.11548,30
2024-01-17 13:31:23.16161,30
2024-01-17 13:31:27.20095,30
2024-01-17 13:31:31.23574,30
2024-01-17 13:31:35.27698,30
2024-01-17 13:31:39.33875,30
2024-01-17 13:31:43.38716,30
2024-01-17 13:31:47.43267,30
2024-01-17 13:31:51.47157,30
2024-01-17 13:31:55.60578,30
2024-01-17 13:32:00.00753,30
2024-01-17 13:32:04.05559,30
2024-01-17 13:32:08.39157,30
2024-01-17 13:32:12.44101,30
2024-01-17 13:32:16.47974,30
2024-01-17 13:32:20.54036,30
2024-01-17 13:32:24.57427,30
2024-01-17 13:32:28.61242,30
2024-01-17 13:32:32.65635,30
2024-01-17 13:32:36.70798,30
2024-01-17 13:32:40.74320,30
2024-01-17 13:32:44.79805,30
2024-01-17 13:32:48.84453,30
2024-01-17 13:32:52.91179,30
2024-01-17 13:32:56.96569,30
2024-01-17 13:33:01.01343,30
2024-01-17 13:33:05.05347,30
2024-01-17 13:33:09.08699,30
2024-01-17 13:33:13.12506,30
2024-01-17 13:33:17.16332,30
2024-01-17 13:33:21.19935,30
2024-01-17 13:33:25.24698,30
2024-01-17 13:33:29.29207,30
2024-01-17 13:33:33.80891,30
2024-01-17 13:33:37.85137,30
2024-01-17 13:33:41.89050,30
2024-01-17 13:33:45.93701,30
2024-01-17 13:33:49.98527,30
2024-01-17 13:33:54.03008,30
2024-01-17 13:33:58.08730,30
2024-01-17 13:34:02.13722,30
2024-01-17 13:34:06.17456,30
2024-01-17 13:34:10.22511,30
2024-01-17 13:34:14.29432,30
2024-01-17 13:34:18.34531,30
2024-01-17 13:34:22.38297,30
2024-01-17 13:34:26.42003,30
2024-01-17 13:34:30.46460,30
2024-01-17 13:34:34.49798,30
2024-01-17 13:34:38.53927,30
2024-01-17 13:34:42.57190,30
2024-01-17 13:34:46.60841,30
2024-01-17 13:34:50.65113,30
2024-01-17 13:34:55.00087,30
2024-01-17 13:34:59.03724,30
2024-01-17 13:35:03.11189,30
2024-01-17 13:35:07.20631,30
2024-01-17 13:35:11.25767,30
2024-01-17 13:35:15.29568,30
2024-01-17 13:35:19.33689,30
2024-01-17 13:35:23.36551,30
2024-01-17 13:35:27.43119,30
2024-01-17 13:35:31.48100,30
2024-01-17 13:35:35.51910,30
2024-01-17 13:35:39.55129,30
2024-01-17 13:35:43.58566,30
2024-01-17 13:35:47.61083,30
2024-01-17 13:35:51.68666,30
2024-01-17 13:35:55.71921,30
2024-01-17 13:35:59.74515,30
2024-01-17 13:36:03.80147,30
2024-01-17 13:36:07.83232,30
2024-01-17 13:36:11.86494,30
2024-01-17 13:36:15.90652,30
2024-01-17 13:36:19.96537,30
2024-01-17 13:36:24.00806,30
2024-01-17 13:36:28.05282,30
2024-01-17 13:36:32.11677,30
2024-01-17 13:36:36.15389,30
2024-01-17 13:36:40.18535,30
2024-01-17 13:36:44.22812,30
2024-01-17 13:36:48.33243,30
2024-01-17 13:36:52.36813,30
2024-01-17 13:36:56.42008,30
2024-01-17 13:37:00.46123,30
2024-01-17 13:37:04.48932,30
2024-01-17 13:37:08.52514,30
2024-01-17 13:37:12.56232,30
2024-01-17 13:37:16.61349,30
2024-01-17 13:37:20.66335,30
2024-01-17 13:37:25.20411,30
2024-01-17 13:37:29.40009,30
2024-01-17 13:37:33.43909,30
2024-01-17 13:37:37.50652,30
2024-01-17 13:37:41.57399,30
2024-01-17 13:37:45.62295,30
2024-01-17 13:37:49.66721,30
2024-01-17 13:37:53.71730,30
2024-01-17 13:37:57.76696,30
2024-01-17 13:38:01.80836,30
2024-01-17 13:38:05.85494,30
2024-01-17 13:38:09.88867,30
2024-01-17 13:38:13.93222,30
2024-01-17 13:38:17.97857,30
2024-01-17 13:38:22.01766,30
2024-01-17 13:38:26.06866,30
2024-01-17 13:38:30.12753,30
2024-01-17 13:38:34.15476,30
2024-01-17 13:38:38.20284,30
2024-01-17 13:38:42.24337,30
2024-01-17 13:38:46.30106,30
2024-01-17 13:38:50.35227,30
2024-01-17 13:38:54.39643,30
2024-01-17 13:38:58.45357,30
2024-01-17 13:39:02.49651,30
2024-01-17 13:39:06.54327,30
2024-01-17 13:39:10.59072,30
2024-01-17 13:39:14.63199,30
2024-01-17 13:39:18.66012,30
2024-01-17 13:39:22.71702,30
2024-01-17 13:39:26.76112,30
2024-01-17 13:39:30.78930,30
2024-01-17 13:39:34.84626,30
2024-01-17 13:39:38.88715,30
2024-01-17 13:39:42.93603,30
2024-01-17 13:39:46.98348,30
2024-01-17 13:39:51.02919,30
2024-01-17 13:39:55.07016,30
2024-01-17 13:39:59.11532,30
2024-01-17 13:40:03.15807,30
2024-01-17 13:40:07.18670,30
2024-01-17 13:40:11.23339,30
2024-01-17 13:40:15.28308,30
2024-01-17 13:40:19.31375,30
2024-01-17 13:40:23.35258,30
2024-01-17 13:40:27.49587,30
2024-01-17 13:40:31.53094,30
2024-01-17 13:40:35.57730,30
2024-01-17 13:40:39.71387,30
2024-01-17 13:40:43.75383,30
2024-01-17 13:40:47.80336,30
2024-01-17 13:40:51.83609,30
2024-01-17 13:40:55.87294,30
2024-01-17 13:40:59.91572,30
2024-01-17 13:41:03.95811,30
2024-01-17 13:41:08.01263,30
2024-01-17 13:41:12.05482,30
2024-01-17 13:41:16.10494,30
2024-01-17 13:41:20.14767,30
2024-01-17 13:41:24.19092,30
2024-01-17 13:41:28.23686,30
2024-01-17 13:41:32.27438,30
2024-01-17 13:41:36.31553,30
2024-01-17 13:41:40.36707,30
2024-01-17 13:41:44.41867,30
2024-01-17 13:41:48.45065,30
2024-01-17 13:41:52.49408,30
2024-01-17 13:41:56.53547,30
2024-01-17 13:42:00.58336,30
2024-01-17 13:42:04.62296,30
2024-01-17 13:42:08.68627,30
2024-01-17 13:42:12.79881,30
2024-01-17 13:42:16.83830,30
2024-01-17 13:42:20.87701,30
2024-01-17 13:42:24.91287,30
2024-01-17 13:42:28.95889,30
2024-01-17 13:42:32.99863,30
2024-01-17 13:42:37.04145,30
2024-01-17 13:42:41.08366,30
2024-01-17 13:42:45.13209,30
2024-01-17 13:42:49.18085,30
2024-01-17 13:42:53.22248,30
2024-01-17 13:42:57.28442,30
2024-01-17 13:43:01.32143,30
2024-01-17 13:43:05.35681,30
2024-01-17 13:43:09.38465,30
2024-01-17 13:43:13.41546,30
2024-01-17 13:43:17.46056,30
2024-01-17 13:43:21.49951,30
2024-01-17 13:43:25.53982,30
2024-01-17 13:43:29.58003,30
2024-01-17 13:43:33.61934,30
2024-01-17 13:43:37.67582,30
2024-01-17 13:43:41.72297,30
2024-01-17 13:43:45.76881,30
2024-01-17 13:43:49.81099,30
2024-01-17 13:43:53.85053,30
2024-01-17 13:43:57.88918,30
2024-01-17 13:44:01.93812,30
2024-01-17 13:44:05.97502,30
2024-01-17 13:44:10.02654,30
2024-01-17 13:44:14.06941,30
2024-01-17 13:44:18.10945,30
2024-01-17 13:44:22.15756,30
2024-01-17 13:44:26.20023,30
2024-01-17 13:44:30.23765,30
2024-01-17 13:44:34.28422,30
2024-01-17 13:44:38.32166,30
2024-01-17 13:44:42.36380,30
2024-01-17 13:44:46.40801,30
2024-01-17 13:44:50.44605,30
2024-01-17 13:44:54.48938,30
2024-01-17 13:44:58.54312,30
2024-01-17 13:45:02.57782,30
2024-01-17 13:45:06.61779,30
2024-01-17 13:45:10.66568,30
2024-01-17 13:45:14.70651,30
2024-01-17 13:45:18.75063,30
2024-01-17 13:45:22.79264,30
2024-01-17 13:45:26.83397,30
2024-01-17 13:45:30.87495,30
2024-01-17 13:45:34.91610,30
2024-01-17 13:45:38.95743,30
2024-01-17 13:45:43.00335,30
2024-01-17 13:45:47.04111,30
2024-01-17 13:45:51.08589,30
2024-01-17 13:45:55.13838,30
2024-01-17 13:45:59.18903,30
2024-01-17 13:46:03.22825,30
2024-01-17 13:46:07.26702,30
2024-01-17 13:46:11.31233,30
2024-01-17 13:46:15.34873,30
2024-01-17 13:46:19.39105,30
2024-01-17 13:46:23.43046,30
2024-01-17 13:46:27.47157,30
2024-01-17 13:46:31.51211,30
2024-01-17 13:46:35.55828,30
2024-01-17 13:46:39.71043,30
2024-01-17 13:46:43.77098,30
2024-01-17 13:46:47.81576,30
2024-01-17 13:46:51.86518,30
2024-01-17 13:46:56.09854,30
2024-01-17 13:47:00.14072,30
2024-01-17 13:47:04.20090,30
2024-01-17 13:47:08.24372,30
2024-01-17 13:47:12.28627,30
2024-01-17 13:47:16.32253,30
2024-01-17 13:47:20.36999,30
2024-01-17 13:47:24.41617,30
2024-01-17 13:47:28.45495,30
2024-01-17 13:47:32.49226,30
2024-01-17 13:47:36.52722,30
2024-01-17 13:47:40.57993,30
2024-01-17 13:47:44.61529,30
2024-01-17 13:47:48.65767,30
2024-01-17 13:47:52.70983,30
2024-01-17 13:47:56.75017,30
2024-01-17 13:48:00.79134,30
2024-01-17 13:48:04.83706,30
2024-01-17 13:48:08.87539,30
2024-01-17 13:48:12.91925,30
2024-01-17 13:48:16.96275,30
2024-01-17 13:48:21.00547,30
2024-01-17 13:48:25.05525,30
2024-01-17 13:48:29.09500,30
2024-01-17 13:48:33.13666,30
2024-01-17 13:48:37.18164,30
2024-01-17 13:48:41.22692,30
2024-01-17 13:48:45.26181,30
2024-01-17 13:48:49.30404,30
2024-01-17 13:48:53.34570,30
2024-01-17 13:48:57.38955,30
2024-01-17 13:49:01.42620,30
2024-01-17 13:49:05.46724,30
2024-01-17 13:49:09.51056,30
2024-01-17 13:49:13.55567,30
2024-01-17 13:49:17.59368,30
2024-01-17 13:49:21.63571,30
2024-01-17 13:49:25.67040,30
2024-01-17 13:49:29.70676,30
2024-01-17 13:49:33.74979,30
2024-01-17 13:49:37.79302,30
2024-01-17 13:49:41.83288,30
2024-01-17 13:49:45.87428,30
2024-01-17 13:49:49.91691,30
2024-01-17 13:49:53.95875,30
2024-01-17 13:49:58.00349,30
2024-01-17 13:50:02.04498,30
2024-01-17 13:50:06.08814,30
2024-01-17 13:50:10.13425,30
2024-01-17 13:50:14.17902,30
2024-01-17 13:50:18.21963,30
2024-01-17 13:50:22.26092,30
2024-01-17 13:50:26.29712,30
2024-01-17 13:50:30.34092,30
2024-01-17 13:50:34.37377,30
2024-01-17 13:50:38.40744,30
2024-01-17 13:50:42.44517,30
2024-01-17 13:50:46.48760,30
2024-01-17 13:50:50.53306,30
2024-01-17 13:50:54.57374,30
2024-01-17 13:50:58.61098,30
2024-01-17 13:51:02.65711,30
2024-01-17 13:51:06.69284,30
2024-01-17 13:51:10.73821,30
2024-01-17 13:51:14.78675,30
2024-01-17 13:51:18.83050,30
2024-01-17 13:51:22.87061,30
2024-01-17 13:51:26.91860,30
2024-01-17 13:51:30.96296,30
2024-01-17 13:51:35.00756,30
2024-01-17 13:51:39.05088,30
2024-01-17 13:51:43.09730,30
2024-01-17 13:51:47.13920,30
2024-01-17 13:51:51.18277,30
2024-01-17 13:51:55.24654,30
2024-01-17 13:51:59.28402,30
2024-01-17 13:52:03.32701,30
2024-01-17 13:52:07.37160,30
2024-01-17 13:52:11.41579,30
2024-01-17 13:52:15.46502,30
2024-01-17 13:52:19.51294,30
2024-01-17 13:52:23.55011,30
2024-01-17 13:52:27.59404,30
2024-01-17 13:52:31.63618,30
2024-01-17 13:52:35.67262,30
2024-01-17 13:52:39.71365,30
2024-01-17 13:52:43.76104,30
2024-01-17 13:52:48.28920,30
2024-01-17 13:52:52.32409,30
2024-01-17 13:52:56.36124,30
2024-01-17 13:53:01.18180,30
2024-01-17 13:53:05.23367,30
2024-01-17 13:53:09.27466,30
2024-01-17 13:53:13.32992,30
2024-01-17 13:53:17.37446,30
2024-01-17 13:53:21.41339,30
2024-01-17 13:53:25.46144,30
2024-01-17 13:53:29.48689,30
2024-01-17 13:53:33.52617,30
2024-01-17 13:53:37.56551,30
2024-01-17 13:53:41.61883,30
2024-01-17 13:53:45.97915,30
2024-01-17 13:53:50.04255,30
2024-01-17 13:53:54.09761,30
2024-01-17 13:53:58.26171,30
2024-01-17 13:54:02.31676,30
2024-01-17 13:54:06.36383,30
2024-01-17 13:54:10.40512,30
2024-01-17 13:54:14.44427,30
2024-01-17 13:54:18.80808,30
2024-01-17 13:54:22.85023,30
2024-01-17 13:54:26.89502,30
2024-01-17 13:54:30.93578,30
2024-01-17 13:54:35.02794,30
2024-01-17 13:54:39.07368,30
2024-01-17 13:54:43.13549,30
2024-01-17 13:54:47.17589,30
2024-01-17 13:54:51.22447,30
2024-01-17 13:54:55.26121,30
2024-01-17 13:54:59.54274,30
2024-01-17 13:55:03.81913,30
2024-01-17 13:55:07.85696,30
2024-01-17 13:55:11.89971,30
2024-01-17 13:55:15.93474,30
2024-01-17 13:55:19.99531,30
2024-01-17 13:55:24.03735,30
2024-01-17 13:55:28.08021,30
2024-01-17 13:55:32.11951,30
2024-01-17 13:55:36.16344,30
2024-01-17 13:55:40.20523,30
2024-01-17 13:55:44.25444,30
2024-01-17 13:55:48.28817,30
2024-01-17 13:55:52.33124,30
2024-01-17 13:55:56.37239,30
2024-01-17 13:56:00.41312,30
2024-01-17 13:56:04.45399,30
2024-01-17 13:56:08.49403,30
2024-01-17 13:56:12.53612,30
2024-01-17 13:56:16.57814,30
2024-01-17 13:56:20.61727,30
2024-01-17 13:56:24.65963,30
2024-01-17 13:56:28.69503,30
2024-01-17 13:56:32.72137,30
2024-01-17 13:56:36.75707,30
2024-01-17 13:56:40.78892,30
2024-01-17 13:56:44.83228,30
2024-01-17 13:56:48.87240,30
2024-01-17 13:56:52.91888,30
2024-01-17 13:56:56.95820,30
2024-01-17 13:57:01.02256,30
2024-01-17 13:57:05.07245,30
2024-01-17 13:57:09.10608,30
2024-01-17 13:57:13.14006,30
2024-01-17 13:57:17.18499,30
2024-01-17 13:57:21.22490,30
2024-01-17 13:57:25.27180,30
2024-01-17 13:57:29.31627,30
2024-01-17 13:57:33.34855,30
2024-01-17 13:57:37.38558,30
2024-01-17 13:57:41.43127,30
2024-01-17 13:57:45.47291,30
2024-01-17 13:57:49.50885,30
2024-01-17 13:57:53.54980,30
2024-01-17 13:57:57.58539,30
2024-01-17 13:58:01.62032,30
2024-01-17 13:58:05.65553,30
2024-01-17 13:58:09.68928,30
2024-01-17 13:58:13.79597,30
2024-01-17 13:58:17.84059,30
2024-01-17 13:58:21.88119,30
2024-01-17 13:58:25.93923,30
2024-01-17 13:58:29.98188,30
2024-01-17 13:58:34.01686,30
2024-01-17 13:58:38.08707,30
2024-01-17 13:58:42.12267,30
2024-01-17 13:58:46.16149,30
2024-01-17 13:58:50.21353,30
2024-01-17 13:58:54.25584,30
2024-01-17 13:58:58.32482,30
2024-01-17 13:59:02.38193,30
2024-01-17 13:59:06.42226,30
2024-01-17 13:59:10.46880,30
2024-01-17 13:59:14.52168,30
2024-01-17 13:59:18.56994,30
2024-01-17 13:59:22.60825,30
2024-01-17 13:59:26.64630,30
2024-01-17 13:59:30.68958,30
2024-01-17 13:59:34.73502,30
2024-01-17 13:59:38.77126,30
2024-01-17 13:59:42.81487,30
2024-01-17 13:59:46.86051,30
2024-01-17 13:59:50.90725,30
2024-01-17 13:59:54.94006,30
2024-01-17 13:59:58.97888,30
2024-01-17 14:00:03.02247,30
2024-01-17 14:00:07.21639,30
2024-01-17 14:00:11.27417,30
2024-01-17 14:00:15.30874,30
2024-01-17 14:00:19.34854,30
2024-01-17 14:00:23.39302,30
2024-01-17 14:00:27.43072,30
2024-01-17 14:00:31.47586,30
2024-01-17 14:00:35.52126,30
2024-01-17 14:00:39.57136,30
2024-01-17 14:00:43.60953,30
2024-01-17 14:00:47.64981,30
2024-01-17 14:00:51.68446,30
2024-01-17 14:00:55.71631,30
2024-01-17 14:00:59.77191,30
2024-01-17 14:01:03.80542,30
2024-01-17 14:01:07.89194,30
2024-01-17 14:01:11.93392,30
2024-01-17 14:01:15.97555,30
2024-01-17 14:01:20.02613,30
2024-01-17 14:01:24.08868,30
2024-01-17 14:01:28.13879,30
2024-01-17 14:01:32.18577,30
2024-01-17 14:01:36.21191,30
2024-01-17 14:01:40.23532,30
2024-01-17 14:01:44.26600,30
2024-01-17 14:01:48.29049,30
2024-01-17 14:01:52.32516,30
2024-01-17 14:01:56.36242,30
2024-01-17 14:02:00.40032,30
2024-01-17 14:02:04.43856,30
2024-01-17 14:02:08.46826,30
2024-01-17 14:02:12.50751,30
2024-01-17 14:02:16.53930,30
2024-01-17 14:02:20.57462,30
2024-01-17 14:02:24.61965,30
2024-01-17 14:02:28.66609,30
2024-01-17 14:02:32.70757,30
2024-01-17 14:02:36.75919,30
2024-01-17 14:02:40.79893,30
2024-01-17 14:02:44.84877,30
2024-01-17 14:02:48.89481,30
2024-01-17 14:02:52.94173,30
2024-01-17 14:02:56.98242,30
2024-01-17 14:03:01.03400,30
2024-01-17 14:03:05.08093,30
2024-01-17 14:03:09.11584,30
2024-01-17 14:03:13.15785,30
2024-01-17 14:03:17.19799,30
2024-01-17 14:03:21.23915,30
2024-01-17 14:03:25.29192,30
2024-01-17 14:03:29.33539,30
2024-01-17 14:03:33.36300,30
2024-01-17 14:03:37.43279,30
2024-01-17 14:03:41.47416,30
2024-01-17 14:03:45.52705,30
2024-01-17 14:03:49.56756,30
2024-01-17 14:03:53.61078,30
2024-01-17 14:03:57.65522,30
2024-01-17 14:04:01.69274,30
2024-01-17 14:04:05.72730,30
2024-01-17 14:04:09.76030,30
2024-01-17 14:04:13.80398,30
2024-01-17 14:04:17.85043,30
2024-01-17 14:04:21.93929,30
2024-01-17 14:04:25.98890,30
2024-01-17 14:04:30.04351,30
2024-01-17 14:04:34.07958,30
2024-01-17 14:04:38.11021,30
2024-01-17 14:04:42.14833,30
2024-01-17 14:04:46.19030,30
2024-01-17 14:04:50.22494,30
2024-01-17 14:04:54.35290,30
2024-01-17 14:04:58.58673,30
2024-01-17 14:05:02.75801,30
2024-01-17 14:05:06.80053,30
2024-01-17 14:05:10.95195,30
2024-01-17 14:05:14.99300,30
2024-01-17 14:05:19.04196,30
2024-01-17 14:05:23.08399,30
2024-01-17 14:05:27.13376,30
2024-01-17 14:05:31.17473,30
2024-01-17 14:05:35.21386,30
2024-01-17 14:05:39.26829,30
2024-01-17 14:05:43.33099,30
2024-01-17 14:05:47.37804,30
2024-01-17 14:05:51.42474,30
2024-01-17 14:05:55.45661,30
2024-01-17 14:05:59.50110,30
2024-01-17 14:06:03.54736,30
2024-01-17 14:06:07.60680,30
2024-01-17 14:06:11.66042,30
2024-01-17 14:06:15.69992,30
2024-01-17 14:06:19.74312,30
2024-01-17 14:06:23.79914,30
2024-01-17 14:06:27.83909,30
2024-01-17 14:06:31.86617,30
2024-01-17 14:06:35.89969,30
2024-01-17 14:06:39.94325,30
2024-01-17 14:06:43.98146,30
2024-01-17 14:06:48.02959,30
2024-01-17 14:06:52.07993,30
2024-01-17 14:06:56.12407,30
2024-01-17 14:07:00.17265,30
2024-01-17 14:07:04.22022,30
2024-01-17 14:07:08.27770,30
2024-01-17 14:07:12.32478,30
2024-01-17 14:07:16.36801,30
2024-01-17 14:07:20.41370,30
2024-01-17 14:07:24.45781,30
2024-01-17 14:07:28.49229,30
2024-01-17 14:07:32.52876,30
2024-01-17 14:07:36.57213,30
2024-01-17 14:07:40.61992,30
2024-01-17 14:07:44.66107,30
2024-01-17 14:07:48.69294,30
2024-01-17 14:07:52.72343,30
2024-01-17 14:07:56.77527,30
2024-01-17 14:08:00.81842,30
2024-01-17 14:08:04.86273,30
2024-01-17 14:08:08.91358,30
2024-01-17 14:08:12.95523,30
2024-01-17 14:08:17.00202,30
2024-01-17 14:08:21.04296,30
2024-01-17 14:08:25.08750,30
2024-01-17 14:08:29.13342,30
2024-01-17 14:08:33.17979,30
2024-01-17 14:08:37.22481,30
2024-01-17 14:08:41.26141,30
2024-01-17 14:08:45.30134,30
2024-01-17 14:08:49.34450,30
2024-01-17 14:08:53.39447,30
2024-01-17 14:08:57.42684,30
2024-01-17 14:09:01.45751,30
2024-01-17 14:09:05.50420,30
2024-01-17 14:09:09.54681,30
2024-01-17 14:09:13.58802,30
2024-01-17 14:09:17.63104,30
2024-01-17 14:09:21.67488,30
2024-01-17 14:09:25.71157,30
2024-01-17 14:09:29.75319,30
2024-01-17 14:09:33.80273,30
2024-01-17 14:09:37.84366,30
2024-01-17 14:09:41.87965,30
2024-01-17 14:09:45.90567,30
2024-01-17 14:09:49.94238,30
2024-01-17 14:09:53.98702,30
2024-01-17 14:09:58.02594,30
2024-01-17 14:10:02.06538,30
2024-01-17 14:10:06.11068,30
2024-01-17 14:10:10.14366,30
2024-01-17 14:10:14.18727,30
2024-01-17 14:10:18.22932,30
2024-01-17 14:10:22.27937,30
2024-01-17 14:10:26.31935,30
2024-01-17 14:10:30.36135,30
2024-01-17 14:10:34.40878,30
2024-01-17 14:10:38.44834,30
2024-01-17 14:10:42.49734,30
2024-01-17 14:10:46.53725,30
2024-01-17 14:10:50.58945,30
2024-01-17 14:10:54.63550,30
2024-01-17 14:10:58.68798,30
2024-01-17 14:11:02.73268,30
2024-01-17 14:11:06.76322,30
2024-01-17 14:11:10.79972,30
2024-01-17 14:11:14.85170,30
2024-01-17 14:11:18.87950,30
2024-01-17 14:11:22.90554,30
2024-01-17 14:11:26.94874,30
2024-01-17 14:11:30.98582,30
2024-01-17 14:11:35.03879,30
2024-01-17 14:11:39.08365,30
2024-01-17 14:11:43.11353,30
2024-01-17 14:11:47.14736,30
2024-01-17 14:11:51.19218,30
2024-01-17 14:11:55.23217,30
2024-01-17 14:11:59.26614,30
2024-01-17 14:12:03.29396,30
2024-01-17 14:12:07.32532,30
2024-01-17 14:12:11.35375,30
2024-01-17 14:12:15.40902,30
2024-01-17 14:12:19.47769,30
2024-01-17 14:12:23.50886,30
2024-01-17 14:12:27.53977,30
2024-01-17 14:12:31.57210,30
2024-01-17 14:12:35.60876,30
2024-01-17 14:12:39.66484,30
2024-01-17 14:12:43.71888,30
2024-01-17 14:12:47.75154,30
2024-01-17 14:12:51.78429,30
2024-01-17 14:12:55.82733,30
2024-01-17 14:12:59.86534,30
2024-01-17 14:13:04.01386,30
2024-01-17 14:13:08.05045,30
2024-01-17 14:13:12.08651,30
2024-01-17 14:13:16.12332,30
2024-01-17 14:13:20.16688,30
2024-01-17 14:13:24.20689,30
2024-01-17 14:13:28.23469,30
2024-01-17 14:13:32.28335,30
2024-01-17 14:13:36.33154,30
2024-01-17 14:13:40.36782,30
2024-01-17 14:13:44.40579,30
2024-01-17 14:13:48.45110,30
2024-01-17 14:13:52.48879,30
2024-01-17 14:13:56.52317,30
2024-01-17 14:14:00.56240,30
2024-01-17 14:14:04.59654,30
2024-01-17 14:14:08.62401,30
2024-01-17 14:14:12.65187,30
2024-01-17 14:14:16.68361,30
2024-01-17 14:14:20.71602,30
2024-01-17 14:14:24.74797,30
2024-01-17 14:14:28.78224,30
2024-01-17 14:14:32.81316,30
2024-01-17 14:14:36.84353,30
2024-01-17 14:14:40.88142,30
2024-01-17 14:14:44.91014,30
2024-01-17 14:14:48.94522,30
2024-01-17 14:14:52.97610,30
2024-01-17 14:14:57.01227,30
2024-01-17 14:15:01.04970,30
2024-01-17 14:15:05.08836,30
2024-01-17 14:15:09.11874,30
2024-01-17 14:15:13.15525,30
2024-01-17 14:15:17.19177,30
2024-01-17 14:15:21.22792,30
2024-01-17 14:15:25.26041,30
2024-01-17 14:15:29.28921,30
2024-01-17 14:15:33.32339,30
2024-01-17 14:15:37.36162,30
2024-01-17 14:15:41.39608,30
2024-01-17 14:15:45.42508,30
2024-01-17 14:15:49.45774,30
2024-01-17 14:15:53.48786,30
2024-01-17 14:15:57.52816,30
2024-01-17 14:16:01.55636,30
2024-01-17 14:16:05.59005,30
2024-01-17 14:16:09.65954,30
2024-01-17 14:16:13.68838,30
2024-01-17 14:16:17.71882,30
2024-01-17 14:16:21.75021,30
2024-01-17 14:16:25.79206,30
2024-01-17 14:16:29.82487,30
2024-01-17 14:16:33.85587,30
2024-01-17 14:16:37.88596,30
2024-01-17 14:16:41.92091,30
2024-01-17 14:16:45.95439,30
2024-01-17 14:16:49.98823,30
2024-01-17 14:16:54.01447,30
2024-01-17 14:16:58.04540,30
2024-01-17 14:17:02.08363,30
2024-01-17 14:17:06.11815,30
2024-01-17 14:17:10.15688,30
2024-01-17 14:17:14.20792,30
2024-01-17 14:17:18.23260,30
2024-01-17 14:17:22.25974,30
2024-01-17 14:17:26.28960,30
2024-01-17 14:17:30.32247,30
2024-01-17 14:17:34.36031,30
2024-01-17 14:17:38.38769,30
2024-01-17 14:17:42.41899,30
2024-01-17 14:17:46.45204,30
2024-01-17 14:17:50.49383,30
2024-01-17 14:17:54.52552,30
2024-01-17 14:17:58.57237,30
2024-01-17 14:18:02.61387,30
2024-01-17 14:18:06.66061,30
2024-01-17 14:18:10.69295,30
2024-01-17 14:18:14.72298,30
2024-01-17 14:18:18.77079,30
2024-01-17 14:18:22.81556,30
2024-01-17 14:18:26.85299,30
2024-01-17 14:18:30.88789,30
2024-01-17 14:18:34.91760,30
2024-01-17 14:18:38.95564,30
2024-01-17 14:18:42.99690,30
2024-01-17 14:18:47.06187,30
2024-01-17 14:18:51.09422,30
2024-01-17 14:18:55.12880,30
2024-01-17 14:18:59.15786,30
2024-01-17 14:19:03.19781,30
2024-01-17 14:19:07.23686,30
2024-01-17 14:19:11.28830,30
2024-01-17 14:19:15.32998,30
2024-01-17 14:19:19.37660,30
2024-01-17 14:19:23.41806,30
2024-01-17 14:19:27.47211,30
2024-01-17 14:19:31.52032,30
2024-01-17 14:19:35.56559,30
2024-01-17 14:19:39.61796,30
2024-01-17 14:19:43.66538,30
2024-01-17 14:19:47.72994,30
2024-01-17 14:19:51.77453,30
2024-01-17 14:19:55.80459,30
2024-01-17 14:19:59.84569,30
2024-01-17 14:20:03.88286,30
2024-01-17 14:20:07.91297,30
2024-01-17 14:20:11.97729,30
2024-01-17 14:20:16.00982,30
2024-01-17 14:20:20.04903,30
2024-01-17 14:20:24.12330,30
2024-01-17 14:20:28.16071,30
2024-01-17 14:20:32.19776,30
2024-01-17 14:20:36.23016,30
2024-01-17 14:20:40.27428,30
2024-01-17 14:20:44.30716,30
2024-01-17 14:20:48.35991,30
2024-01-17 14:20:52.39991,30
2024-01-17 14:20:56.43760,30
2024-01-17 14:21:00.47790,30
2024-01-17 14:21:04.51701,30
2024-01-17 14:21:08.55504,30
2024-01-17 14:21:12.59473,30
2024-01-17 14:21:16.62967,30
2024-01-17 14:21:20.67285,30
2024-01-17 14:21:24.70716,30
2024-01-17 14:21:28.74402,30
2024-01-17 14:21:32.80026,30
2024-01-17 14:21:36.84917,30
2024-01-17 14:21:40.89269,30
2024-01-17 14:21:44.92155,30
2024-01-17 14:21:48.96480,30
2024-01-17 14:21:53.00840,30
2024-01-17 14:21:57.03967,30
2024-01-17 14:22:01.07544,30
2024-01-17 14:22:05.12028,30
2024-01-17 14:22:09.16950,30
2024-01-17 14:22:13.20885,30
2024-01-17 14:22:17.24799,30
2024-01-17 14:22:21.29054,30
2024-01-17 14:22:25.32522,30
2024-01-17 14:22:29.35721,30
2024-01-17 14:22:33.38473,30
2024-01-17 14:22:37.41535,30
2024-01-17 14:22:41.45213,30
2024-01-17 14:22:45.50849,30
2024-01-17 14:22:49.53897,30
2024-01-17 14:22:53.56947,30
2024-01-17 14:22:57.60347,30
2024-01-17 14:23:01.64112,30
2024-01-17 14:23:05.68458,30
2024-01-17 14:23:09.72295,30
2024-01-17 14:23:13.75291,30
2024-01-17 14:23:17.79157,30
2024-01-17 14:23:21.82925,30
2024-01-17 14:23:25.86558,30
2024-01-17 14:23:30.93443,30
2024-01-17 14:23:36.04434,30
2024-01-17 14:23:40.35928,30
2024-01-17 14:23:44.41531,30
2024-01-17 14:23:48.45488,30
2024-01-17 14:24:20.15780,30
2024-01-17 14:24:24.19587,30
2024-01-17 14:24:28.24083,30
2024-01-17 14:24:32.29140,30
2024-01-17 14:24:45.25917,30
2024-01-17 14:24:49.37709,30
2024-01-17 14:24:53.44689,30
2024-01-17 14:24:57.50459,30
2024-01-17 14:25:01.56083,30
2024-01-17 14:25:05.60586,30
2024-01-17 14:25:09.65882,30
2024-01-17 14:25:13.69731,30
2024-01-17 14:25:17.78521,30
2024-01-17 14:25:21.82610,30
2024-01-17 14:25:25.87017,30
2024-01-17 14:25:29.92110,30
2024-01-17 14:25:33.95611,30
2024-01-17 14:25:37.98315,30
2024-01-17 14:25:42.02913,30
2024-01-17 14:25:46.07811,30
2024-01-17 14:25:50.11551,30
2024-01-17 14:25:54.17002,30
2024-01-17 14:25:58.20943,30
2024-01-17 14:26:02.24893,30
2024-01-17 14:26:06.28499,30
2024-01-17 14:26:10.33513,30
2024-01-17 14:26:14.37054,30
2024-01-17 14:26:18.42028,30
2024-01-17 14:26:22.45951,30
2024-01-17 14:26:26.49443,30
2024-01-17 14:26:30.53878,30
2024-01-17 14:26:34.58676,30
2024-01-17 14:26:38.63307,30
2024-01-17 14:26:42.67390,30
2024-01-17 14:26:46.71670,30
2024-01-17 14:26:50.76348,30
2024-01-17 14:26:54.80729,30
2024-01-17 14:26:58.85108,30
2024-01-17 14:27:02.90004,30
2024-01-17 14:27:06.94137,30
2024-01-17 14:27:10.99100,30
2024-01-17 14:27:15.02377,30
2024-01-17 14:27:19.06011,30
2024-01-17 14:27:23.10549,30
2024-01-17 14:27:27.14573,30
2024-01-17 14:27:31.18929,30
2024-01-17 14:27:35.23166,30
2024-01-17 14:27:39.26412,30
2024-01-17 14:27:43.30761,30
2024-01-17 14:27:47.34215,30
2024-01-17 14:27:51.39242,30
2024-01-17 14:27:55.43595,30
2024-01-17 14:27:59.48007,30
2024-01-17 14:28:03.52505,30
2024-01-17 14:28:07.57109,30
2024-01-17 14:28:11.61426,30
2024-01-17 14:28:15.65056,30
2024-01-17 14:28:19.69036,30
2024-01-17 14:28:23.72598,30
2024-01-17 14:28:27.77072,30
2024-01-17 14:28:31.81820,30
2024-01-17 14:28:35.89338,30
2024-01-17 14:28:39.94145,30
2024-01-17 14:28:43.99942,30
2024-01-17 14:28:48.04253,30
2024-01-17 14:28:52.07914,30
2024-01-17 14:28:56.13182,30
2024-01-17 14:29:00.17626,30
2024-01-17 14:29:04.22210,30
2024-01-17 14:29:08.27042,30
2024-01-17 14:29:12.32053,30
2024-01-17 14:29:16.38450,30
2024-01-17 14:29:20.43831,30
2024-01-17 14:29:24.48585,30
2024-01-17 14:29:28.52809,30
2024-01-17 14:29:32.57271,30
2024-01-17 14:29:36.62598,30
2024-01-17 14:29:40.67211,30
2024-01-17 14:29:44.71160,30
2024-01-17 14:29:48.75685,30
2024-01-17 14:29:52.79704,30
2024-01-17 14:29:56.84932,30
2024-01-17 14:30:00.89839,30
2024-01-17 14:30:04.94342,30
2024-01-17 14:30:08.97111,30
2024-01-17 14:30:13.00959,30
2024-01-17 14:30:17.04836,30
2024-01-17 14:30:21.08004,30
2024-01-17 14:30:25.11445,30
2024-01-17 14:30:29.14849,30
2024-01-17 14:30:33.19543,30
2024-01-17 14:30:37.24383,30
2024-01-17 14:30:41.29033,30
2024-01-17 14:30:45.33624,30
2024-01-17 14:30:49.38643,30
2024-01-17 14:30:53.43198,30
2024-01-17 14:30:57.47117,30
2024-01-17 14:31:01.53464,30
2024-01-17 14:31:05.57583,30
2024-01-17 14:31:09.62023,30
2024-01-17 14:31:13.66006,30
2024-01-17 14:31:17.71671,30
2024-01-17 14:31:21.75601,30
2024-01-17 14:31:25.80165,30
2024-01-17 14:31:29.85236,30
2024-01-17 14:31:33.89782,30
2024-01-17 14:31:37.94765,30
2024-01-17 14:31:41.98611,30
2024-01-17 14:31:46.03396,30
2024-01-17 14:31:50.07621,30
2024-01-17 14:31:54.11820,30
2024-01-17 14:31:58.16376,30
2024-01-17 14:32:02.20144,30
2024-01-17 14:32:06.24676,30
2024-01-17 14:32:10.29040,30
2024-01-17 14:32:14.33466,30
2024-01-17 14:32:18.38612,30
2024-01-17 14:32:22.43266,30
2024-01-17 14:32:26.49174,30
2024-01-17 14:32:30.53797,30
2024-01-17 14:32:34.58523,30
2024-01-17 14:32:38.62461,30
2024-01-17 14:32:42.66981,30
2024-01-17 14:32:46.71390,30
2024-01-17 14:32:50.75167,30
2024-01-17 14:32:54.79838,30
2024-01-17 14:32:58.84292,30
2024-01-17 14:33:02.88624,30
2024-01-17 14:33:06.94976,30
2024-01-17 14:33:11.00673,30
2024-01-17 14:33:15.05809,30
2024-01-17 14:33:19.10584,30
2024-01-17 14:33:23.15047,30
2024-01-17 14:33:27.19674,30
2024-01-17 14:33:31.24560,30
2024-01-17 14:33:35.29663,30
2024-01-17 14:33:39.35590,30
2024-01-17 14:33:43.40162,30
2024-01-17 14:33:47.44887,30
2024-01-17 14:33:51.71982,30
2024-01-17 14:33:55.76105,30
2024-01-17 14:33:59.80901,30
2024-01-17 14:34:03.85190,30
2024-01-17 14:34:07.88423,30
2024-01-17 14:34:11.91381,30
2024-01-17 14:34:15.94633,30
2024-01-17 14:34:19.97950,30
2024-01-17 14:34:24.01382,30
2024-01-17 14:34:28.04114,30
2024-01-17 14:34:32.07473,30
2024-01-17 14:34:36.11161,30
2024-01-17 14:34:40.15181,30
2024-01-17 14:34:44.18407,30
2024-01-17 14:34:48.21711,30
2024-01-17 14:34:52.24968,30
2024-01-17 14:34:56.28412,30
2024-01-17 14:35:00.31903,30
2024-01-17 14:35:04.35509,30
2024-01-17 14:35:08.38654,30
2024-01-17 14:35:12.42301,30
2024-01-17 14:35:16.45707,30
2024-01-17 14:35:20.48805,30
2024-01-17 14:35:24.52220,30
2024-01-17 14:35:28.55498,30
2024-01-17 14:35:32.59152,30
2024-01-17 14:35:36.62177,30
2024-01-17 14:35:40.65597,30
2024-01-17 14:35:44.68610,30
2024-01-17 14:35:48.72359,30
2024-01-17 14:35:52.75184,30
2024-01-17 14:35:56.78291,30
2024-01-17 14:36:00.81543,30
2024-01-17 14:36:04.85721,30
2024-01-17 14:36:08.88922,30
2024-01-17 14:36:13.00417,30
2024-01-17 14:36:17.07493,30
2024-01-17 14:36:21.10920,30
2024-01-17 14:36:25.15299,30
2024-01-17 14:36:29.21809,30
2024-01-17 14:36:33.27580,30
2024-01-17 14:36:37.34372,30
2024-01-17 14:36:41.39495,30
2024-01-17 14:36:45.44959,30
2024-01-17 14:36:49.48540,30
2024-01-17 14:36:53.53730,30
2024-01-17 14:36:57.59614,30
2024-01-17 14:37:01.64857,30
2024-01-17 14:37:05.69818,30
2024-01-17 14:37:09.74502,30
2024-01-17 14:37:13.78749,30
2024-01-17 14:37:17.83363,30
2024-01-17 14:37:21.89290,30
2024-01-17 14:37:25.93496,30
2024-01-17 14:37:29.97601,30
2024-01-17 14:37:34.01986,30
2024-01-17 14:37:38.06516,30
2024-01-17 14:37:42.11145,30
2024-01-17 14:37:46.15744,30
2024-01-17 14:37:50.20207,30
2024-01-17 14:37:54.24782,30
2024-01-17 14:37:58.29711,30
2024-01-17 14:38:02.34031,30
2024-01-17 14:38:06.38033,30
2024-01-17 14:38:10.42563,30
2024-01-17 14:38:14.45550,30
2024-01-17 14:38:18.48804,30
2024-01-17 14:38:22.53314,30
2024-01-17 14:38:26.57170,30
2024-01-17 14:38:30.61550,30
2024-01-17 14:38:34.65378,30
2024-01-17 14:38:38.70354,30
2024-01-17 14:38:42.74642,30
2024-01-17 14:38:46.78959,30
2024-01-17 14:38:50.82277,30
2024-01-17 14:38:54.86039,30
2024-01-17 14:38:58.89396,30
2024-01-17 14:39:02.92782,30
2024-01-17 14:39:06.98003,30
2024-01-17 14:39:11.02948,30
2024-01-17 14:39:15.07664,30
2024-01-17 14:39:19.12240,30
2024-01-17 14:39:23.16951,30
2024-01-17 14:39:28.20114,30
2024-01-17 14:39:32.74630,30
2024-01-17 14:39:36.78049,30
2024-01-17 14:39:40.81102,30
2024-01-17 14:39:44.85176,30
2024-01-17 14:39:48.89052,30
2024-01-17 14:39:52.93411,30
2024-01-17 14:39:56.97080,30
2024-01-17 14:40:01.00864,30
2024-01-17 14:40:05.04053,30
2024-01-17 14:40:09.06670,30
2024-01-17 14:40:13.09941,30
2024-01-17 14:40:17.15605,30
2024-01-17 14:40:21.19131,30
2024-01-17 14:40:25.22879,30
2024-01-17 14:40:29.25846,30
2024-01-17 14:40:33.30166,30
2024-01-17 14:40:37.34088,30
2024-01-17 14:40:41.38252,30
2024-01-17 14:40:45.42653,30
2024-01-17 14:40:49.46715,30
2024-01-17 14:40:53.51062,30
2024-01-17 14:40:57.55280,30
2024-01-17 14:41:01.60055,30
2024-01-17 14:41:05.63706,30
2024-01-17 14:41:09.68592,30
2024-01-17 14:41:13.72391,30
2024-01-17 14:41:17.76871,30
2024-01-17 14:41:21.81090,30
2024-01-17 14:41:25.84441,30
2024-01-17 14:41:29.88432,30
2024-01-17 14:41:33.92458,30
2024-01-17 14:41:37.96813,30
2024-01-17 14:41:42.00837,30
2024-01-17 14:41:46.05266,30
2024-01-17 14:41:50.10014,30
2024-01-17 14:41:54.14682,30
2024-01-17 14:41:58.19308,30
2024-01-17 14:42:02.22822,30
2024-01-17 14:42:06.26592,30
2024-01-17 14:42:10.31148,30
2024-01-17 14:42:14.35265,30
2024-01-17 14:42:18.39902,30
2024-01-17 14:42:22.44263,30
2024-01-17 14:42:26.47396,30
2024-01-17 14:42:30.51755,30
2024-01-17 14:42:34.56558,30
2024-01-17 14:42:38.60662,30
2024-01-17 14:42:42.64628,30
2024-01-17 14:42:46.68884,30
2024-01-17 14:42:50.71918,30
2024-01-17 14:42:54.76466,30
2024-01-17 14:42:58.80445,30
2024-01-17 14:43:02.84415,30
2024-01-17 14:43:06.87482,30
2024-01-17 14:43:10.91337,30
2024-01-17 14:43:14.95450,30
2024-01-17 14:43:18.98417,30
2024-01-17 14:43:23.02308,30
2024-01-17 14:43:27.05437,30
2024-01-17 14:43:31.09232,30
2024-01-17 14:43:35.12434,30
2024-01-17 14:43:39.16599,30
2024-01-17 14:43:43.20322,30
2024-01-17 14:43:47.23503,30
2024-01-17 14:43:51.27515,30
2024-01-17 14:43:55.31842,30
2024-01-17 14:43:59.37508,30
2024-01-17 14:44:03.41025,30
2024-01-17 14:44:07.44709,30
2024-01-17 14:44:11.48598,30
2024-01-17 14:44:15.51989,30
2024-01-17 14:44:19.56232,30
2024-01-17 14:44:23.60402,30
2024-01-17 14:44:27.64475,30
2024-01-17 14:44:31.68366,30
2024-01-17 14:44:35.72196,30
2024-01-17 14:44:39.76553,30
2024-01-17 14:44:43.79972,30
2024-01-17 14:44:47.83418,30
2024-01-17 14:44:51.87320,30
2024-01-17 14:44:55.91419,30
2024-01-17 14:44:59.94668,30
2024-01-17 14:45:03.98278,30
2024-01-17 14:45:08.02521,30
2024-01-17 14:45:12.07025,30
2024-01-17 14:45:16.10271,30
2024-01-17 14:45:20.14733,30
2024-01-17 14:45:24.18701,30
2024-01-17 14:45:28.22982,30
2024-01-17 14:45:32.27702,30
2024-01-17 14:45:36.31935,30
2024-01-17 14:45:40.35703,30
2024-01-17 14:45:44.40112,30
2024-01-17 14:45:48.45172,30
2024-01-17 14:45:52.49238,30
2024-01-17 14:45:56.52494,30
2024-01-17 14:46:00.57334,30
2024-01-17 14:46:04.61744,30
2024-01-17 14:46:08.65722,30
2024-01-17 14:46:12.70104,30
2024-01-17 14:46:16.75182,30
2024-01-17 14:46:20.79037,30
2024-01-17 14:46:24.83220,30
2024-01-17 14:46:28.87413,30
2024-01-17 14:46:32.89653,30
2024-01-17 14:46:36.93345,30
2024-01-17 14:46:40.97495,30
2024-01-17 14:46:45.02062,30
2024-01-17 14:46:49.06559,30
2024-01-17 14:46:53.10465,30
2024-01-17 14:46:57.14690,30
2024-01-17 14:47:01.19302,30
2024-01-17 14:47:05.22632,30
2024-01-17 14:47:09.26421,30
2024-01-17 14:47:13.30570,30
2024-01-17 14:47:17.37831,30
2024-01-17 14:47:21.42051,30
2024-01-17 14:47:25.46164,30
2024-01-17 14:47:29.50020,30
2024-01-17 14:47:33.54315,30
2024-01-17 14:47:37.57221,30
2024-01-17 14:47:41.59476,30
2024-01-17 14:47:45.63348,30
2024-01-17 14:47:49.67644,30
2024-01-17 14:47:53.70775,30
2024-01-17 14:47:57.74983,30
2024-01-17 14:48:01.79101,30
2024-01-17 14:48:05.83278,30
2024-01-17 14:48:09.86979,30
2024-01-17 14:48:13.91359,30
2024-01-17 14:48:17.95604,30
2024-01-17 14:48:22.00094,30
2024-01-17 14:48:26.04224,30
2024-01-17 14:48:30.07884,30
2024-01-17 14:48:34.12038,30
2024-01-17 14:48:38.16069,30
2024-01-17 14:48:42.20652,30
2024-01-17 14:48:46.24758,30
2024-01-17 14:48:50.29048,30
2024-01-17 14:48:54.33303,30
2024-01-17 14:48:58.38348,30
2024-01-17 14:49:02.42202,30
2024-01-17 14:49:06.45808,30
2024-01-17 14:49:10.50762,30
2024-01-17 14:49:14.55517,30
2024-01-17 14:49:18.59887,30
2024-01-17 14:49:22.64073,30
2024-01-17 14:49:26.68420,30
2024-01-17 14:49:30.72742,30
2024-01-17 14:49:34.77118,30
2024-01-17 14:49:38.81188,30
2024-01-17 14:49:42.85498,30
2024-01-17 14:49:46.89374,30
2024-01-17 14:49:50.93571,30
2024-01-17 14:49:54.97881,30
2024-01-17 14:49:59.02569,30
2024-01-17 14:50:03.09026,30
2024-01-17 14:50:07.13397,30
2024-01-17 14:50:11.17533,30
2024-01-17 14:50:15.21200,30
2024-01-17 14:50:19.25447,30
2024-01-17 14:50:23.29600,30
2024-01-17 14:50:27.33858,30
2024-01-17 14:50:31.38860,30
2024-01-17 14:50:35.42596,30
2024-01-17 14:50:39.46432,30
2024-01-17 14:50:43.49866,30
2024-01-17 14:50:47.53631,30
2024-01-17 14:50:51.57360,30
2024-01-17 14:50:55.61503,30
2024-01-17 14:50:59.66200,30
2024-01-17 14:51:03.70489,30
2024-01-17 14:51:07.74610,30
2024-01-17 14:51:11.78913,30
2024-01-17 14:51:15.83011,30
2024-01-17 14:51:19.87141,30
2024-01-17 14:51:23.91079,30
2024-01-17 14:51:27.95091,30
2024-01-17 14:51:31.99218,30
2024-01-17 14:51:36.03031,30
2024-01-17 14:51:40.06740,30
2024-01-17 14:51:44.11459,30
2024-01-17 14:51:48.15011,30
2024-01-17 14:51:52.19498,30
2024-01-17 14:51:56.23292,30
2024-01-17 14:52:00.27133,30
2024-01-17 14:52:04.30135,30
2024-01-17 14:52:08.35911,30
2024-01-17 14:52:12.38773,30
2024-01-17 14:52:16.42291,30
2024-01-17 14:52:20.46742,30
2024-01-17 14:52:24.50703,30
2024-01-17 14:52:28.55037,30
2024-01-17 14:52:32.58857,30
2024-01-17 14:52:36.62201,30
2024-01-17 14:52:40.65449,30
2024-01-17 14:52:44.69793,30
2024-01-17 14:52:48.73823,30
2024-01-17 14:52:52.76693,30
2024-01-17 14:52:56.81215,30
2024-01-17 14:53:00.84462,30
2024-01-17 14:53:04.87979,30
2024-01-17 14:53:08.92116,30
2024-01-17 14:53:12.98505,30
2024-01-17 14:53:17.02121,30
2024-01-17 14:53:21.05408,30
2024-01-17 14:53:25.08278,30
2024-01-17 14:53:29.11442,30
2024-01-17 14:53:33.15328,30
2024-01-17 14:53:37.18886,30
2024-01-17 14:53:41.22449,30
2024-01-17 14:53:45.25626,30
2024-01-17 14:53:49.29288,30
2024-01-17 14:53:53.33111,30
2024-01-17 14:53:57.36756,30
2024-01-17 14:54:01.40324,30
2024-01-17 14:54:05.44418,30
2024-01-17 14:54:09.49776,30
2024-01-17 14:54:13.53515,30
2024-01-17 14:54:17.57130,30
2024-01-17 14:54:21.60733,30
2024-01-17 14:54:25.64112,30
2024-01-17 14:54:29.68631,30
2024-01-17 14:54:33.72599,30
2024-01-17 14:54:37.76728,30
2024-01-17 14:54:41.80624,30
2024-01-17 14:54:45.83835,30
2024-01-17 14:54:49.88227,30
2024-01-17 14:54:53.92506,30
2024-01-17 14:54:57.96550,30
2024-01-17 14:55:02.00778,30
2024-01-17 14:55:06.04764,30
2024-01-17 14:55:10.09086,30
2024-01-17 14:55:14.13105,30
2024-01-17 14:55:18.17748,30
2024-01-17 14:55:22.22244,30
2024-01-17 14:55:26.26730,30
2024-01-17 14:55:30.31324,30
2024-01-17 14:55:34.35589,30
2024-01-17 14:55:38.39343,30
2024-01-17 14:55:42.43454,30
2024-01-17 14:55:46.47652,30
2024-01-17 14:55:50.99373,30
2024-01-17 14:55:55.03708,30
2024-01-17 14:55:59.53597,30
2024-01-17 14:56:03.57973,30
2024-01-17 14:56:07.62096,30
2024-01-17 14:56:11.66849,30
2024-01-17 14:56:15.70705,30
2024-01-17 14:56:19.75453,30
2024-01-17 14:56:23.79338,30
2024-01-17 14:56:27.83643,30
2024-01-17 14:56:31.88661,30
2024-01-17 14:56:35.93049,30
2024-01-17 14:56:39.97062,30
2024-01-17 14:56:44.01291,30
2024-01-17 14:56:48.05575,30
2024-01-17 14:56:52.10521,30
2024-01-17 14:56:56.14869,30
2024-01-17 14:57:00.19318,30
2024-01-17 14:57:04.23013,30
2024-01-17 14:57:08.26756,30
2024-01-17 14:57:12.31458,30
2024-01-17 14:57:16.36262,30
2024-01-17 14:57:20.41541,30
2024-01-17 14:57:24.46181,30
2024-01-17 14:57:28.51294,30
2024-01-17 14:57:32.55464,30
2024-01-17 14:57:36.59221,30
2024-01-17 14:57:40.63475,30
2024-01-17 14:57:44.67415,30
2024-01-17 14:57:48.71201,30
2024-01-17 14:57:52.75258,30
2024-01-17 14:57:56.79828,30
2024-01-17 14:58:00.84317,30
2024-01-17 14:58:04.88801,30
2024-01-17 14:58:08.93098,30
2024-01-17 14:58:12.97409,30
2024-01-17 14:58:17.00849,30
2024-01-17 14:58:21.05050,30
2024-01-17 14:58:25.09851,30
2024-01-17 14:58:29.13434,30
2024-01-17 14:58:33.17839,30
2024-01-17 14:58:37.21879,30
2024-01-17 14:58:41.25934,30
2024-01-17 14:58:45.30058,30
2024-01-17 14:58:49.34492,30
2024-01-17 14:58:53.39248,30
2024-01-17 14:58:57.43805,30
2024-01-17 14:59:01.48122,30
2024-01-17 14:59:05.52306,30
2024-01-17 14:59:09.57466,30
2024-01-17 14:59:13.60376,30
2024-01-17 14:59:17.64651,30
2024-01-17 14:59:21.68734,30
2024-01-17 14:59:25.72611,30
2024-01-17 14:59:29.76816,30
2024-01-17 14:59:33.81142,30
2024-01-17 14:59:37.85266,30
2024-01-17 14:59:41.89451,30
2024-01-17 14:59:45.93332,30
2024-01-17 14:59:49.96867,30
2024-01-17 14:59:54.00637,30
2024-01-17 14:59:58.04578,30
2024-01-17 15:00:02.08670,30
2024-01-17 15:00:06.12607,30
2024-01-17 15:00:10.17203,30
2024-01-17 15:00:14.22459,30
2024-01-17 15:00:18.26478,30
2024-01-17 15:00:22.30678,30
2024-01-17 15:00:26.34670,30
2024-01-17 15:00:30.39709,30
2024-01-17 15:00:34.43689,30
2024-01-17 15:00:38.48355,30
2024-01-17 15:00:42.52809,30
2024-01-17 15:00:46.57493,30
2024-01-17 15:00:50.60873,30
2024-01-17 15:00:54.65460,30
2024-01-17 15:00:58.69499,30
2024-01-17 15:01:02.73894,30
2024-01-17 15:01:06.77230,30
2024-01-17 15:01:10.82767,30
2024-01-17 15:01:14.86823,30
2024-01-17 15:01:18.90936,30
2024-01-17 15:01:22.94162,30
2024-01-17 15:01:26.98371,30
2024-01-17 15:01:31.01619,30
2024-01-17 15:01:35.06677,30
2024-01-17 15:01:39.11651,30
2024-01-17 15:01:43.16407,30
2024-01-17 15:01:47.19926,30
2024-01-17 15:01:51.23483,30
2024-01-17 15:01:55.26373,30
2024-01-17 15:01:59.30144,30
2024-01-17 15:02:03.33890,30
2024-01-17 15:02:07.38764,30
2024-01-17 15:02:11.42972,30
2024-01-17 15:02:15.47696,30
2024-01-17 15:02:19.52017,30
2024-01-17 15:02:23.55216,30
2024-01-17 15:02:27.58548,30
2024-01-17 15:02:31.62314,30
2024-01-17 15:02:35.66688,30
2024-01-17 15:02:39.71290,30
2024-01-17 15:02:43.76091,30
2024-01-17 15:02:47.80573,30
2024-01-17 15:02:51.85043,30
2024-01-17 15:02:57.05452,30
2024-01-17 15:03:01.10817,30
2024-01-17 15:03:37.61048,30
2024-01-17 15:03:41.72550,30
2024-01-17 15:03:45.75409,30
2024-01-17 15:03:49.79173,30
2024-01-17 15:03:53.83399,30
2024-01-17 15:03:57.87860,30
2024-01-17 15:04:01.92430,30
2024-01-17 15:04:05.96524,30
2024-01-17 15:04:10.01115,30
2024-01-17 15:04:14.05595,30
2024-01-17 15:04:18.09291,30
2024-01-17 15:04:22.12757,30
2024-01-17 15:04:26.17174,30
2024-01-17 15:04:30.21891,30
2024-01-17 15:04:34.26148,30
2024-01-17 15:04:38.29734,30
2024-01-17 15:04:42.33889,30
2024-01-17 15:04:46.38267,30
2024-01-17 15:04:50.42552,30
2024-01-17 15:04:54.46622,30
2024-01-17 15:04:58.51416,30
2024-01-17 15:05:02.55822,30
2024-01-17 15:05:06.60676,30
2024-01-17 15:05:10.65881,30
2024-01-17 15:05:14.71037,30
2024-01-17 15:05:18.74950,30
2024-01-17 15:05:22.79663,30
2024-01-17 15:05:26.83944,30
2024-01-17 15:05:30.88213,30
2024-01-17 15:05:34.92007,30
2024-01-17 15:05:38.95977,30
2024-01-17 15:05:43.00672,30
2024-01-17 15:05:47.05459,30
2024-01-17 15:05:51.09802,30
2024-01-17 15:05:55.14402,30
2024-01-17 15:05:59.18507,30
2024-01-17 15:06:03.22820,30
2024-01-17 15:06:07.27351,30
2024-01-17 15:06:11.31531,30
2024-01-17 15:06:15.35932,30
2024-01-17 15:06:19.41116,30
2024-01-17 15:06:23.46303,30
2024-01-17 15:06:27.50728,30
2024-01-17 15:06:31.55129,30
2024-01-17 15:06:35.59519,30
2024-01-17 15:06:39.64986,30
2024-01-17 15:06:43.69773,30
2024-01-17 15:06:47.73900,30
2024-01-17 15:06:51.78338,30
2024-01-17 15:06:55.82875,30
2024-01-17 15:06:59.87098,30
2024-01-17 15:07:03.91289,30
2024-01-17 15:07:07.94416,30
2024-01-17 15:07:11.99180,30
2024-01-17 15:07:16.03542,30
2024-01-17 15:07:20.07653,30
2024-01-17 15:07:24.12010,30
2024-01-17 15:07:28.16714,30
2024-01-17 15:07:32.20836,30
2024-01-17 15:07:36.25412,30
2024-01-17 15:07:40.29740,30
2024-01-17 15:07:44.34477,30
2024-01-17 15:07:48.39059,30
2024-01-17 15:07:52.43406,30
2024-01-17 15:07:56.47626,30
2024-01-17 15:08:00.51717,30
2024-01-17 15:08:04.55953,30
2024-01-17 15:08:08.59848,30
2024-01-17 15:08:12.63806,30
2024-01-17 15:08:16.68020,30
2024-01-17 15:08:20.72590,30
2024-01-17 15:08:24.76996,30
2024-01-17 15:08:28.81472,30
2024-01-17 15:08:32.85844,30
2024-01-17 15:08:36.90958,30
2024-01-17 15:08:40.94600,30
2024-01-17 15:08:44.98645,30
2024-01-17 15:08:49.03343,30
2024-01-17 15:08:53.08362,30
2024-01-17 15:08:57.12703,30
2024-01-17 15:09:01.18078,30
2024-01-17 15:09:05.22825,30
2024-01-17 15:09:09.28144,30
2024-01-17 15:09:13.33409,30
2024-01-17 15:09:17.38274,30
2024-01-17 15:09:21.43834,30
2024-01-17 15:09:25.47660,30
2024-01-17 15:09:29.52195,30
2024-01-17 15:09:33.56442,30
2024-01-17 15:09:37.60729,30
2024-01-17 15:09:41.65323,30
2024-01-17 15:09:45.69676,30
2024-01-17 15:09:49.74248,30
2024-01-17 15:09:53.77997,30
2024-01-17 15:09:57.88173,30
2024-01-17 15:10:01.97021,30
2024-01-17 15:10:58.15012,30
2024-01-17 15:11:02.19019,30
2024-01-17 15:11:06.24112,30
2024-01-17 15:11:10.27874,30
2024-01-17 15:11:33.76177,30
2024-01-17 15:11:37.80745,30
2024-01-17 15:11:41.88318,30
2024-01-17 15:11:45.92667,30
2024-01-17 15:11:49.97525,30
2024-01-17 15:11:54.02340,30
2024-01-17 15:11:58.07105,30
2024-01-17 15:12:02.11052,30
2024-01-17 15:12:06.14164,30
2024-01-17 15:12:10.20552,30
2024-01-17 15:12:14.24474,30
2024-01-17 15:12:18.28863,30
2024-01-17 15:12:24.10155,30
2024-01-17 15:12:28.80984,30
2024-01-17 15:12:32.87972,30
2024-01-17 15:12:36.92488,30
2024-01-17 15:12:40.97673,30
2024-01-17 15:12:45.01294,30
2024-01-17 15:12:49.05584,30
2024-01-17 15:12:53.13856,30
2024-01-17 15:12:57.37147,30
2024-01-17 15:13:01.40568,30
2024-01-17 15:13:05.43622,30
2024-01-17 15:13:09.47595,30
2024-01-17 15:13:13.52419,30
2024-01-17 15:13:17.56332,30
2024-01-17 15:13:21.60735,30
2024-01-17 15:13:25.65000,30
2024-01-17 15:13:29.67671,30
2024-01-17 15:13:33.71875,30
2024-01-17 15:13:37.75217,30
2024-01-17 15:13:41.78703,30
2024-01-17 15:13:45.85408,30
2024-01-17 15:13:49.89438,30
2024-01-17 15:13:53.92680,30
2024-01-17 15:13:57.95647,30
2024-01-17 15:14:01.99711,30
2024-01-17 15:14:06.04728,30
2024-01-17 15:14:10.07272,30
2024-01-17 15:14:14.10352,30
2024-01-17 15:14:18.12925,30
2024-01-17 15:14:22.15266,30
2024-01-17 15:14:26.18745,30
2024-01-17 15:14:30.21364,30
2024-01-17 15:14:34.24376,30
2024-01-17 15:14:38.28788,30
2024-01-17 15:14:42.33291,30
2024-01-17 15:14:46.37332,30
2024-01-17 15:14:50.40785,30
2024-01-17 15:14:54.45644,30
2024-01-17 15:14:58.50075,30
2024-01-17 15:15:02.55066,30
2024-01-17 15:15:06.58932,30
2024-01-17 15:15:10.63475,30
2024-01-17 15:15:14.68076,30
2024-01-17 15:15:18.74885,30
2024-01-17 15:15:22.78185,30
2024-01-17 15:15:26.81880,30
2024-01-17 15:15:30.86168,30
2024-01-17 15:15:34.90813,30
2024-01-17 15:15:38.94012,30
2024-01-17 15:15:42.98710,30
2024-01-17 15:15:47.02661,30
2024-01-17 15:15:51.05989,30
2024-01-17 15:15:55.09322,30
2024-01-17 15:15:59.13785,30
2024-01-17 15:16:03.17941,30
2024-01-17 15:16:07.22530,30
2024-01-17 15:16:11.27015,30
2024-01-17 15:16:15.30950,30
2024-01-17 15:16:19.35625,30
2024-01-17 15:16:23.40580,30
2024-01-17 15:16:27.44515,30
2024-01-17 15:16:31.49345,30
2024-01-17 15:16:35.53432,30
2024-01-17 15:16:39.58390,30
2024-01-17 15:16:43.63507,30
2024-01-17 15:16:47.67986,30
2024-01-17 15:16:51.72355,30
2024-01-17 15:16:55.76002,30
2024-01-17 15:16:59.80907,30
2024-01-17 15:17:03.86128,30
2024-01-17 15:17:07.90242,30
2024-01-17 15:17:11.94545,30
2024-01-17 15:17:15.99096,30
2024-01-17 15:17:20.03011,30
2024-01-17 15:17:24.07273,30
2024-01-17 15:17:28.12078,30
2024-01-17 15:17:32.16033,30
2024-01-17 15:17:36.20486,30
2024-01-17 15:17:40.40462,30
2024-01-17 15:17:44.45003,30
2024-01-17 15:17:48.49725,30
2024-01-17 15:17:52.54205,30
2024-01-17 15:17:56.59436,30
2024-01-17 15:18:00.64627,30
2024-01-17 15:18:04.68600,30
2024-01-17 15:18:08.72293,30
2024-01-17 15:18:12.77527,30
2024-01-17 15:18:16.81355,30
2024-01-17 15:18:20.84705,30
2024-01-17 15:18:24.88265,30
2024-01-17 15:18:28.91576,30
2024-01-17 15:18:32.94898,30
2024-01-17 15:18:36.99703,30
2024-01-17 15:18:41.04113,30
2024-01-17 15:18:45.06651,30
2024-01-17 15:18:49.11414,30
2024-01-17 15:18:53.14849,30
2024-01-17 15:18:57.14235,30
2024-01-17 15:19:01.17339,30
2024-01-17 15:19:05.21283,30
2024-01-17 15:19:09.25661,30
2024-01-17 15:19:13.29675,30
2024-01-17 15:19:17.34018,30
2024-01-17 15:19:21.37711,30
2024-01-17 15:19:25.48589,30
2024-01-17 15:19:29.51747,30
2024-01-17 15:19:33.56102,30
2024-01-17 15:19:37.59858,30
2024-01-17 15:19:41.64276,30
2024-01-17 15:19:45.68763,30
2024-01-17 15:19:49.73287,30
2024-01-17 15:19:53.77966,30
2024-01-17 15:19:57.83247,30
2024-01-17 15:20:01.87671,30
2024-01-17 15:20:05.92612,30
2024-01-17 15:20:09.97563,30
2024-01-17 15:20:14.01602,30
2024-01-17 15:20:18.06465,30
2024-01-17 15:20:22.10661,30
2024-01-17 15:20:26.14738,30
2024-01-17 15:20:30.19359,30
2024-01-17 15:20:34.24167,30
2024-01-17 15:20:38.30927,30
2024-01-17 15:20:42.35007,30
2024-01-17 15:20:46.39328,30
2024-01-17 15:20:50.44378,30
2024-01-17 15:20:54.60229,30
2024-01-17 15:20:58.64915,30
2024-01-17 15:21:02.68419,30
2024-01-17 15:21:06.73387,30
2024-01-17 15:21:10.77750,30
2024-01-17 15:21:15.35809,30
2024-01-17 15:21:19.39300,30
2024-01-17 15:21:23.56199,30
2024-01-17 15:21:27.60809,30
2024-01-17 15:21:31.65216,30
2024-01-17 15:21:35.70221,30
2024-01-17 15:21:39.74082,30
2024-01-17 15:21:43.78040,30
2024-01-17 15:21:47.81755,30
2024-01-17 15:21:51.85043,30
2024-01-17 15:21:55.88566,30
2024-01-17 15:21:59.91975,30
2024-01-17 15:22:03.96352,30
2024-01-17 15:22:07.99579,30
2024-01-17 15:22:12.03410,30
2024-01-17 15:22:16.07350,30
2024-01-17 15:22:20.12027,30
2024-01-17 15:22:24.15951,30
2024-01-17 15:22:28.21148,30
2024-01-17 15:22:32.26148,30
2024-01-17 15:22:36.29714,30
2024-01-17 15:22:40.33921,30
2024-01-17 15:22:44.38032,30
2024-01-17 15:22:48.43560,30
2024-01-17 15:22:52.51632,30
2024-01-17 15:22:56.56249,30
2024-01-17 15:23:00.60726,30
2024-01-17 15:23:04.65672,30
2024-01-17 15:23:08.70012,30
2024-01-17 15:23:12.75325,30
2024-01-17 15:23:16.79611,30
2024-01-17 15:23:20.84292,30
2024-01-17 15:23:24.89402,30
2024-01-17 15:23:28.92991,30
2024-01-17 15:23:32.96996,30
2024-01-17 15:23:37.01141,30
2024-01-17 15:23:41.05498,30
2024-01-17 15:23:45.10110,30
2024-01-17 15:23:49.14228,30
2024-01-17 15:23:53.18532,30
2024-01-17 15:23:57.22286,30
2024-01-17 15:24:01.27129,30
2024-01-17 15:24:05.31894,30
2024-01-17 15:24:09.36181,30
2024-01-17 15:24:13.40909,30
2024-01-17 15:24:17.45740,30
2024-01-17 15:24:21.49955,30
2024-01-17 15:24:25.54545,30
2024-01-17 15:24:29.58753,30
2024-01-17 15:24:33.62717,30
2024-01-17 15:24:37.67003,30
2024-01-17 15:24:41.73788,30
2024-01-17 15:24:45.77441,30
2024-01-17 15:24:49.83297,30
2024-01-17 15:24:53.86375,30
2024-01-17 15:24:57.90726,30
2024-01-17 15:25:01.94216,30
2024-01-17 15:25:05.97370,30
2024-01-17 15:25:10.00096,30
2024-01-17 15:25:14.05697,30
2024-01-17 15:25:18.09441,30
2024-01-17 15:25:22.12613,30
2024-01-17 15:25:26.15794,30
2024-01-17 15:25:30.19648,30
2024-01-17 15:25:34.24016,30
2024-01-17 15:25:38.28113,30
2024-01-17 15:25:42.31575,30
2024-01-17 15:25:46.36113,30
2024-01-17 15:25:50.41495,30
2024-01-17 15:25:54.45403,30
2024-01-17 15:25:58.49108,30
2024-01-17 15:26:02.53236,30
2024-01-17 15:26:06.57200,30
2024-01-17 15:26:10.59945,30
2024-01-17 15:26:14.63181,30
2024-01-17 15:26:18.67609,30
2024-01-17 15:26:22.72350,30
2024-01-17 15:26:26.76493,30
2024-01-17 15:26:30.81239,30
2024-01-17 15:26:34.85226,30
2024-01-17 15:26:38.89428,30
2024-01-17 15:26:42.94296,30
2024-01-17 15:26:46.99467,30
2024-01-17 15:26:51.03667,30
2024-01-17 15:26:55.07888,30
2024-01-17 15:26:59.12271,30
2024-01-17 15:27:03.16904,30
2024-01-17 15:27:07.21082,30
2024-01-17 15:27:11.24640,30
2024-01-17 15:27:15.29326,30
2024-01-17 15:27:19.33956,30
2024-01-17 15:27:23.38261,30
2024-01-17 15:27:27.42603,30
2024-01-17 15:27:31.47185,30
2024-01-17 15:27:35.51794,30
2024-01-17 15:27:39.57178,30
2024-01-17 15:27:43.61608,30
2024-01-17 15:27:47.65516,30
2024-01-17 15:27:51.69498,30
2024-01-17 15:27:55.73276,30
2024-01-17 15:27:59.78816,30
2024-01-17 15:28:03.83391,30
2024-01-17 15:28:07.88162,30
2024-01-17 15:28:11.93152,30
2024-01-17 15:28:15.97500,30
2024-01-17 15:28:20.01827,30
2024-01-17 15:28:24.07231,30
2024-01-17 15:28:28.12700,30
2024-01-17 15:28:32.17896,30
2024-01-17 15:28:36.22276,30
2024-01-17 15:28:40.26834,30
2024-01-17 15:28:44.31983,30
2024-01-17 15:28:48.36402,30
2024-01-17 15:28:52.40884,30
2024-01-17 15:28:56.45672,30
2024-01-17 15:29:00.50873,30
2024-01-17 15:29:04.55513,30
2024-01-17 15:29:08.60149,30
2024-01-17 15:29:12.63826,30
2024-01-17 15:29:16.68579,30
2024-01-17 15:29:20.73107,30
2024-01-17 15:29:24.77466,30
2024-01-17 15:29:28.82142,30
2024-01-17 15:29:32.87031,30
2024-01-17 15:29:36.91948,30
2024-01-17 15:29:40.96534,30
2024-01-17 15:29:45.01097,30
2024-01-17 15:29:49.05138,30
2024-01-17 15:29:53.09630,30
2024-01-17 15:29:57.14327,30
2024-01-17 15:30:01.18588,30
2024-01-17 15:30:05.24081,30
2024-01-17 15:30:09.28317,30
2024-01-17 15:30:13.32868,30
2024-01-17 15:30:17.37514,30
2024-01-17 15:30:21.41765,30
2024-01-17 15:30:25.46079,30
2024-01-17 15:30:29.50006,30
2024-01-17 15:30:33.54320,30
2024-01-17 15:30:37.59069,30
2024-01-17 15:30:41.63917,30
2024-01-17 15:30:45.68303,30
2024-01-17 15:30:49.72927,30
2024-01-17 15:30:53.77136,30
2024-01-17 15:30:57.81696,30
2024-01-17 15:31:01.86615,30
2024-01-17 15:31:05.90675,30
2024-01-17 15:31:09.94934,30
2024-01-17 15:31:13.98930,30
2024-01-17 15:31:18.03505,30
2024-01-17 15:31:22.08456,30
2024-01-17 15:31:26.12845,30
2024-01-17 15:31:30.17273,30
2024-01-17 15:31:34.21755,30
2024-01-17 15:31:38.26300,30
2024-01-17 15:31:42.29900,30
2024-01-17 15:31:46.33827,30
2024-01-17 15:31:50.36578,30
2024-01-17 15:31:54.40468,30
2024-01-17 15:31:58.45425,30
2024-01-17 15:32:02.50244,30
2024-01-17 15:32:06.54760,30
2024-01-17 15:32:10.59118,30
2024-01-17 15:32:14.62768,30
2024-01-17 15:32:18.66703,30
2024-01-17 15:32:22.71048,30
2024-01-17 15:32:26.90811,30
2024-01-17 15:32:30.94542,30
2024-01-17 15:32:34.97943,30
2024-01-17 15:32:39.01969,30
2024-01-17 15:32:43.05708,30
2024-01-17 15:32:47.09323,30
2024-01-17 15:32:51.12431,30
2024-01-17 15:32:55.15911,30
2024-01-17 15:32:59.19414,30
2024-01-17 15:33:03.22416,30
2024-01-17 15:33:07.26281,30
2024-01-17 15:33:11.29296,30
2024-01-17 15:33:15.31607,30
2024-01-17 15:33:19.34578,30
2024-01-17 15:33:23.38355,30
2024-01-17 15:33:27.41251,30
2024-01-17 15:33:31.44766,30
2024-01-17 15:33:35.47827,30
2024-01-17 15:33:39.51962,30
2024-01-17 15:33:43.57534,30
2024-01-17 15:33:47.61909,30
2024-01-17 15:33:51.66375,30
2024-01-17 15:33:55.70957,30
2024-01-17 15:33:59.75541,30
2024-01-17 15:34:03.80167,30
2024-01-17 15:34:07.73746,30
2024-01-17 15:34:11.77239,30
2024-01-17 15:34:15.81773,30
2024-01-17 15:34:19.86284,30
2024-01-17 15:34:23.90465,30
2024-01-17 15:34:27.93634,30
2024-01-17 15:34:31.96418,30
2024-01-17 15:34:36.00537,30
2024-01-17 15:34:40.04414,30
2024-01-17 15:34:44.08722,30
2024-01-17 15:34:48.13364,30
2024-01-17 15:34:52.17604,30
2024-01-17 15:34:56.21744,30
2024-01-17 15:35:00.26605,30
2024-01-17 15:35:04.31005,30
2024-01-17 15:35:08.52210,30
2024-01-17 15:35:12.55635,30
2024-01-17 15:35:16.58949,30
2024-01-17 15:35:20.63656,30
2024-01-17 15:35:24.68866,30
2024-01-17 15:35:28.72726,30
2024-01-17 15:35:32.77336,30
2024-01-17 15:35:36.81381,30
2024-01-17 15:35:40.85916,30
2024-01-17 15:35:44.90295,30
2024-01-17 15:35:48.94720,30
2024-01-17 15:35:52.99048,30
2024-01-17 15:35:57.03581,30
2024-01-17 15:36:01.08705,30
2024-01-17 15:36:05.12722,30
2024-01-17 15:36:09.17960,30
2024-01-17 15:36:13.22508,30
2024-01-17 15:36:17.26852,30
2024-01-17 15:36:21.31608,30
2024-01-17 15:36:25.36236,30
2024-01-17 15:36:29.39791,30
2024-01-17 15:36:33.44553,30
2024-01-17 15:36:37.48905,30
2024-01-17 15:36:41.53099,30
2024-01-17 15:36:45.57595,30
2024-01-17 15:36:49.62238,30
2024-01-17 15:36:53.66133,30
2024-01-17 15:36:57.70709,30
2024-01-17 15:37:01.74568,30
2024-01-17 15:37:05.78451,30
2024-01-17 15:37:09.82743,30
2024-01-17 15:37:13.86989,30
2024-01-17 15:37:17.91556,30
2024-01-17 15:37:21.95817,30
2024-01-17 15:37:26.00884,30
2024-01-17 15:37:30.05456,30
2024-01-17 15:37:34.09952,30
2024-01-17 15:37:38.14518,30
2024-01-17 15:37:42.17190,30
2024-01-17 15:37:46.20929,30
2024-01-17 15:37:50.25721,30
2024-01-17 15:37:54.43573,30
2024-01-17 15:37:58.48323,30
2024-01-17 15:38:02.74548,30
2024-01-17 15:38:06.77576,30
2024-01-17 15:38:10.81018,30
2024-01-17 15:38:14.84036,30
2024-01-17 15:38:18.88802,30
2024-01-17 15:38:22.92911,30
2024-01-17 15:38:26.97290,30
2024-01-17 15:38:31.00788,30
2024-01-17 15:38:35.05073,30
2024-01-17 15:38:39.09545,30
2024-01-17 15:38:43.13000,30
2024-01-17 15:38:47.16438,30
2024-01-17 15:38:51.24604,30
2024-01-17 15:38:55.29804,30
2024-01-17 15:38:59.33830,30
2024-01-17 15:39:03.50830,30
2024-01-17 15:39:07.91686,30
2024-01-17 15:39:11.96091,30
2024-01-17 15:39:16.00861,30
2024-01-17 15:39:20.05416,30
2024-01-17 15:39:24.11124,30
2024-01-17 15:39:28.15281,30
2024-01-17 15:39:32.20409,30
2024-01-17 15:39:36.23869,30
2024-01-17 15:39:40.27923,30
2024-01-17 15:39:44.31398,30
2024-01-17 15:39:48.36664,30
2024-01-17 15:39:52.41918,30
2024-01-17 15:39:56.44930,30
2024-01-17 15:40:00.49255,30
2024-01-17 15:40:04.53452,30
2024-01-17 15:40:08.57310,30
2024-01-17 15:40:12.62059,30
2024-01-17 15:40:16.65710,30
2024-01-17 15:40:20.72477,30
2024-01-17 15:40:24.75858,30
2024-01-17 15:40:28.79913,30
2024-01-17 15:40:32.84152,30
2024-01-17 15:40:36.88992,30
2024-01-17 15:40:40.93555,30
2024-01-17 15:40:44.98353,30
2024-01-17 15:40:49.13219,30
2024-01-17 15:40:53.18411,30
2024-01-17 15:40:57.23632,30
2024-01-17 15:41:01.27625,30
2024-01-17 15:41:05.31748,30
2024-01-17 15:41:09.35729,30
2024-01-17 15:41:13.45285,30
2024-01-17 15:41:17.49452,30
2024-01-17 15:41:21.54491,30
2024-01-17 15:41:25.60092,30
2024-01-17 15:41:29.64810,30
2024-01-17 15:41:33.70023,30
2024-01-17 15:41:37.75675,30
2024-01-17 15:41:41.80017,30
2024-01-17 15:41:45.83692,30
2024-01-17 15:41:49.88562,30
2024-01-17 15:41:53.93531,30
2024-01-17 15:41:57.98349,30
2024-01-17 15:42:02.03712,30
2024-01-17 15:42:06.08120,30
2024-01-17 15:42:10.12927,30
2024-01-17 15:42:14.17816,30
2024-01-17 15:42:18.22461,30
2024-01-17 15:42:22.26978,30
2024-01-17 15:42:26.31827,30
2024-01-17 15:42:30.36609,30
2024-01-17 15:42:34.41544,30
2024-01-17 15:42:38.46436,30
2024-01-17 15:42:42.50553,30
2024-01-17 15:42:46.55817,30
2024-01-17 15:42:50.59560,30
2024-01-17 15:42:54.66484,30
2024-01-17 15:42:58.70854,30
2024-01-17 15:43:02.75035,30
2024-01-17 15:43:06.79636,30
2024-01-17 15:43:10.83380,30
2024-01-17 15:43:14.88156,30
2024-01-17 15:43:18.93231,30
2024-01-17 15:43:22.97441,30
2024-01-17 15:43:27.00365,30
2024-01-17 15:43:31.03615,30
2024-01-17 15:43:35.09297,30
2024-01-17 15:43:39.13075,30
2024-01-17 15:43:43.16797,30
2024-01-17 15:43:47.21268,30
2024-01-17 15:43:51.26788,30
2024-01-17 15:43:55.31475,30
2024-01-17 15:43:59.36276,30
2024-01-17 15:44:03.40351,30
2024-01-17 15:44:07.43750,30
2024-01-17 15:44:11.48168,30
2024-01-17 15:44:15.52402,30
2024-01-17 15:44:19.56643,30
2024-01-17 15:44:23.60869,30
2024-01-17 15:44:27.63932,30
2024-01-17 15:44:31.69039,30
2024-01-17 15:44:35.73710,30
2024-01-17 15:44:39.78612,30
2024-01-17 15:44:43.82413,30
2024-01-17 15:44:47.86645,30
2024-01-17 15:44:51.91782,30
2024-01-17 15:44:55.95300,30
2024-01-17 15:44:59.99682,30
2024-01-17 15:45:04.04915,30
2024-01-17 15:45:08.08770,30
2024-01-17 15:45:12.13336,30
2024-01-17 15:45:16.17605,30
2024-01-17 15:45:20.22336,30
2024-01-17 15:45:24.27105,30
2024-01-17 15:45:28.31463,30
2024-01-17 15:45:32.36208,30
2024-01-17 15:45:36.40484,30
2024-01-17 15:45:40.47139,30
2024-01-17 15:45:44.51653,30
2024-01-17 15:45:48.55747,30
2024-01-17 15:45:52.59855,30
2024-01-17 15:45:56.63680,30
2024-01-17 15:46:00.68025,30
2024-01-17 15:46:04.72075,30
2024-01-17 15:46:08.76642,30
2024-01-17 15:46:12.80950,30
2024-01-17 15:46:16.85143,30
2024-01-17 15:46:20.90555,30
2024-01-17 15:46:24.95157,30
2024-01-17 15:46:29.00668,30
2024-01-17 15:46:33.04831,30
2024-01-17 15:46:37.08726,30
2024-01-17 15:46:41.12691,30
2024-01-17 15:46:45.16162,30
2024-01-17 15:46:49.20250,30
2024-01-17 15:46:53.24762,30
2024-01-17 15:46:57.28265,30
2024-01-17 15:47:01.36277,30
2024-01-17 15:47:05.41334,30
2024-01-17 15:47:09.45309,30
2024-01-17 15:47:13.49532,30
2024-01-17 15:47:17.54340,30
2024-01-17 15:47:21.66106,30
2024-01-17 15:47:25.68998,30
2024-01-17 15:47:29.75870,30
2024-01-17 15:47:33.80211,30
2024-01-17 15:47:37.84730,30
2024-01-17 15:47:41.89159,30
2024-01-17 15:47:45.93758,30
2024-01-17 15:47:49.97642,30
2024-01-17 15:47:54.02340,30
2024-01-17 15:47:58.07307,30
2024-01-17 15:48:02.11718,30
2024-01-17 15:48:06.18356,30
2024-01-17 15:48:10.24006,30
2024-01-17 15:48:14.28021,30
2024-01-17 15:48:18.31748,30
2024-01-17 15:48:22.36423,30
2024-01-17 15:48:26.40615,30
2024-01-17 15:48:30.45148,30
2024-01-17 15:48:34.49799,30
2024-01-17 15:48:38.53722,30
2024-01-17 15:48:42.57977,30
2024-01-17 15:48:46.61935,30
2024-01-17 15:48:50.66541,30
2024-01-17 15:48:54.69920,30
2024-01-17 15:48:58.74635,30
2024-01-17 15:49:02.79176,30
2024-01-17 15:49:06.83682,30
2024-01-17 15:49:10.87526,30
2024-01-17 15:49:14.92144,30
2024-01-17 15:49:18.96138,30
2024-01-17 15:49:23.00911,30
2024-01-17 15:49:27.04980,30
2024-01-17 15:49:31.09176,30
2024-01-17 15:49:35.13351,30
2024-01-17 15:49:39.17949,30
2024-01-17 15:49:43.22857,30
2024-01-17 15:49:47.27647,30
2024-01-17 15:49:51.31482,30
2024-01-17 15:49:55.36265,30
2024-01-17 15:49:59.41330,30
2024-01-17 15:50:03.45994,30
2024-01-17 15:50:07.50763,30
2024-01-17 15:50:11.56196,30
2024-01-17 15:50:15.60216,30
2024-01-17 15:50:19.64686,30
2024-01-17 15:50:23.69928,30
2024-01-17 15:50:27.74246,30
2024-01-17 15:50:31.79040,30
2024-01-17 15:50:35.83781,30
2024-01-17 15:50:39.87955,30
2024-01-17 15:50:43.92990,30
2024-01-17 15:50:47.98032,30
2024-01-17 15:50:52.02433,30
2024-01-17 15:50:56.07097,30
2024-01-17 15:51:00.11353,30
2024-01-17 15:51:04.16208,30
2024-01-17 15:51:08.20597,30
2024-01-17 15:51:12.24663,30
2024-01-17 15:51:16.29682,30
2024-01-17 15:51:20.33858,30
2024-01-17 15:51:24.37493,30
2024-01-17 15:51:28.63154,30
2024-01-17 15:51:33.91396,30
2024-01-17 15:51:34.45740,30
2024-01-17 15:51:38.89568,30
2024-01-17 15:51:42.95500,30
2024-01-17 15:51:46.98303,30
2024-01-17 15:51:51.01784,30
2024-01-17 15:51:55.10354,30
2024-01-17 15:51:59.14986,30
2024-01-17 15:52:03.19683,30
2024-01-17 15:52:07.23842,30
2024-01-17 15:52:11.28435,30
2024-01-17 15:52:15.32762,30
2024-01-17 15:52:19.36967,30
2024-01-17 15:52:23.41158,30
2024-01-17 15:52:27.45049,30
2024-01-17 15:52:31.50182,30
2024-01-17 15:52:35.54990,30
2024-01-17 15:52:39.58504,30
2024-01-17 15:52:43.62339,30
2024-01-17 15:52:47.66387,30
2024-01-17 15:52:51.70431,30
2024-01-17 15:52:55.74749,30
2024-01-17 15:52:59.79658,30
2024-01-17 15:53:03.83706,30
2024-01-17 15:53:07.86859,30
2024-01-17 15:53:11.90743,30
2024-01-17 15:53:15.94808,30
2024-01-17 15:53:19.99033,30
2024-01-17 15:53:24.05336,30
2024-01-17 15:53:28.09675,30
2024-01-17 15:53:32.14548,30
2024-01-17 15:53:36.18821,30
2024-01-17 15:53:40.21787,30
2024-01-17 15:53:44.25956,30
2024-01-17 15:53:48.28764,30
2024-01-17 15:53:52.31876,30
2024-01-17 15:53:56.35501,30
2024-01-17 15:54:00.38266,30
2024-01-17 15:54:04.41791,30
2024-01-17 15:54:08.47399,30
2024-01-17 15:54:12.50727,30
2024-01-17 15:54:16.55094,30
2024-01-17 15:54:20.59825,30
2024-01-17 15:54:24.64401,30
2024-01-17 15:54:28.68816,30
2024-01-17 15:54:32.73797,30
2024-01-17 15:54:36.77298,30
2024-01-17 15:54:40.83942,30
2024-01-17 15:54:44.95065,30
2024-01-17 15:54:49.22112,30
2024-01-17 15:54:53.26343,30
2024-01-17 15:54:57.30015,30
2024-01-17 15:55:01.34821,30
2024-01-17 15:55:05.39390,30
2024-01-17 15:55:09.42996,30
2024-01-17 15:55:13.47741,30
2024-01-17 15:55:17.51846,30
2024-01-17 15:55:21.55852,30
2024-01-17 15:55:25.60396,30
2024-01-17 15:55:29.64125,30
2024-01-17 15:55:33.67526,30
2024-01-17 15:55:37.76731,30
2024-01-17 15:55:41.81267,30
2024-01-17 15:55:45.86736,30
2024-01-17 15:55:49.91583,30
2024-01-17 15:55:53.95676,30
2024-01-17 15:55:58.00815,30
2024-01-17 15:56:02.04962,30
2024-01-17 15:56:06.10604,30
2024-01-17 15:56:10.16998,30
2024-01-17 15:56:14.20558,30
2024-01-17 15:56:18.23649,30
2024-01-17 15:56:22.27767,30
2024-01-17 15:56:26.31450,30
2024-01-17 15:56:30.34667,30
2024-01-17 15:56:34.38778,30
2024-01-17 15:56:38.44300,30
2024-01-17 15:56:42.48080,30
2024-01-17 15:56:46.52167,30
2024-01-17 15:56:50.56266,30
2024-01-17 15:56:54.59771,30
2024-01-17 15:56:58.62688,30
2024-01-17 15:57:02.69751,30
2024-01-17 15:57:06.72241,30
2024-01-17 15:57:10.74743,30
2024-01-17 15:57:14.78137,30
2024-01-17 15:57:18.82226,30
2024-01-17 15:57:22.86880,30
2024-01-17 15:57:26.90649,30
2024-01-17 15:57:30.96806,30
2024-01-17 15:57:35.01385,30
2024-01-17 15:57:39.05769,30
2024-01-17 15:57:43.09871,30
2024-01-17 15:57:47.14748,30
2024-01-17 15:57:51.19160,30
2024-01-17 15:57:55.23363,30
2024-01-17 15:57:59.40827,30
2024-01-17 15:58:03.46222,30
2024-01-17 15:58:07.50441,30
2024-01-17 15:58:11.54344,30
2024-01-17 15:58:15.99761,30
2024-01-17 15:58:20.03593,30
2024-01-17 15:58:24.07293,30
2024-01-17 15:58:28.11247,30
2024-01-17 15:58:32.15851,30
2024-01-17 15:58:36.19424,30
2024-01-17 15:58:40.23747,30
2024-01-17 15:58:44.27448,30
2024-01-17 15:58:48.31372,30
2024-01-17 15:58:52.34467,30
2024-01-17 15:58:56.38789,30
2024-01-17 15:59:00.43597,30
2024-01-17 15:59:04.48431,30
2024-01-17 15:59:08.53230,30
2024-01-17 15:59:12.57388,30
2024-01-17 15:59:16.61094,30
2024-01-17 15:59:20.64396,30
2024-01-17 15:59:24.66946,30
2024-01-17 15:59:28.69557,30
2024-01-17 15:59:32.73285,30
2024-01-17 15:59:36.76387,30
2024-01-17 15:59:40.79237,30
2024-01-17 15:59:44.82025,30
2024-01-17 15:59:48.85105,30
2024-01-17 15:59:52.88435,30
2024-01-17 15:59:56.91950,30
2024-01-17 16:00:00.94635,30
2024-01-17 16:00:04.97492,30
2024-01-17 16:00:08.99703,30
2024-01-17 16:00:13.02731,30
2024-01-17 16:00:17.05668,30
2024-01-17 16:00:21.08398,30
2024-01-17 16:00:25.12158,30
2024-01-17 16:00:29.15583,30
2024-01-17 16:00:33.19437,30
2024-01-17 16:00:37.23085,30
2024-01-17 16:00:41.28213,30
2024-01-17 16:00:45.30640,30
2024-01-17 16:00:49.33882,30
2024-01-17 16:00:53.36095,30
2024-01-17 16:00:57.39495,30
2024-01-17 16:01:01.43785,30
2024-01-17 16:01:05.47830,30
2024-01-17 16:01:09.51637,30
2024-01-17 16:01:13.54952,30
2024-01-17 16:01:17.59215,30
2024-01-17 16:01:21.62911,30
2024-01-17 16:01:25.66119,30
2024-01-17 16:01:29.70010,30
2024-01-17 16:01:33.73073,30
2024-01-17 16:01:37.77521,30
2024-01-17 16:01:41.80779,30
2024-01-17 16:01:45.85891,30
2024-01-17 16:01:49.90639,30
2024-01-17 16:01:53.94618,30
2024-01-17 16:01:58.09817,30
2024-01-17 16:02:02.13402,30
2024-01-17 16:02:06.22504,30
2024-01-17 16:02:10.25989,30
2024-01-17 16:02:14.29929,30
2024-01-17 16:02:18.35959,30
2024-01-17 16:02:22.41390,30
2024-01-17 16:02:26.45861,30
2024-01-17 16:02:30.49244,30
2024-01-17 16:02:34.75141,30
2024-01-17 16:02:38.80301,30
2024-01-17 16:02:42.84967,30
2024-01-17 16:02:46.88507,30
2024-01-17 16:02:50.93237,30
2024-01-17 16:02:55.00242,30
2024-01-17 16:02:59.04262,30
2024-01-17 16:03:03.35036,30
2024-01-17 16:03:07.38662,30
2024-01-17 16:03:11.41905,30
2024-01-17 16:03:15.76263,30
2024-01-17 16:03:19.79635,30
2024-01-17 16:03:23.83417,30
2024-01-17 16:03:27.87737,30
2024-01-17 16:03:31.91376,30
2024-01-17 16:03:35.95943,30
2024-01-17 16:03:40.00662,30
2024-01-17 16:03:44.04277,30
2024-01-17 16:03:48.09344,30
2024-01-17 16:03:52.12521,30
2024-01-17 16:03:56.16032,30
2024-01-17 16:04:00.20811,30
2024-01-17 16:04:04.26218,30
2024-01-17 16:04:08.30267,30
2024-01-17 16:04:12.34576,30
2024-01-17 16:04:16.38048,30
2024-01-17 16:04:20.45753,30
2024-01-17 16:04:24.49581,30
2024-01-17 16:04:28.52853,30
2024-01-17 16:04:32.58118,30
2024-01-17 16:04:36.63139,30
2024-01-17 16:04:40.67409,30
2024-01-17 16:04:44.72022,30
2024-01-17 16:04:48.76059,30
2024-01-17 16:04:52.80914,30
2024-01-17 16:04:56.85669,30
2024-01-17 16:05:00.90481,30
2024-01-17 16:05:04.94615,30
2024-01-17 16:05:08.98328,30
2024-01-17 16:05:13.03166,30
2024-01-17 16:05:17.07685,30
2024-01-17 16:05:21.11151,30
2024-01-17 16:05:25.15962,30
2024-01-17 16:05:29.20979,30
2024-01-17 16:05:33.24936,30
2024-01-17 16:05:37.28277,30
2024-01-17 16:05:41.32575,30
2024-01-17 16:05:45.37108,30
2024-01-17 16:05:49.40534,30
2024-01-17 16:05:53.44566,30
2024-01-17 16:05:57.48797,30
2024-01-17 16:06:01.53822,30
2024-01-17 16:06:05.57211,30
2024-01-17 16:06:09.63977,30
2024-01-17 16:06:13.68232,30
2024-01-17 16:06:17.72731,30
2024-01-17 16:06:21.79654,30
2024-01-17 16:06:25.84589,30
2024-01-17 16:06:29.88624,30
2024-01-17 16:06:33.92257,30
2024-01-17 16:06:37.97574,30
2024-01-17 16:06:42.01225,30
2024-01-17 16:06:46.05978,30
2024-01-17 16:06:50.10665,30
2024-01-17 16:06:54.15976,30
2024-01-17 16:06:58.21143,30
2024-01-17 16:07:02.25862,30
2024-01-17 16:07:06.29519,30
2024-01-17 16:07:10.36102,30
2024-01-17 16:07:14.39486,30
2024-01-17 16:07:18.46039,30
2024-01-17 16:07:22.51894,30
2024-01-17 16:07:26.58727,30
2024-01-17 16:07:30.62367,30
2024-01-17 16:07:34.70133,30
2024-01-17 16:07:38.74775,30
2024-01-17 16:07:42.79538,30
2024-01-17 16:07:46.84395,30
2024-01-17 16:07:50.90110,30
2024-01-17 16:07:54.95930,30
2024-01-17 16:07:59.00144,30
2024-01-17 16:08:03.05747,30
2024-01-17 16:08:07.09254,30
2024-01-17 16:08:11.14268,30
2024-01-17 16:08:15.19445,30
2024-01-17 16:08:19.22723,30
2024-01-17 16:08:23.26532,30
2024-01-17 16:08:27.30321,30
2024-01-17 16:08:31.35617,30
2024-01-17 16:08:35.39817,30
2024-01-17 16:08:39.43770,30
2024-01-17 16:08:43.47956,30
2024-01-17 16:08:47.51627,30
2024-01-17 16:08:51.56829,30
2024-01-17 16:08:55.62208,30
2024-01-17 16:08:59.65524,30
2024-01-17 16:09:03.68422,30
2024-01-17 16:09:07.71696,30
2024-01-17 16:09:11.74588,30
2024-01-17 16:09:15.78122,30
2024-01-17 16:09:19.81642,30
2024-01-17 16:09:23.86189,30
2024-01-17 16:09:27.88899,30
2024-01-17 16:09:31.91157,30
2024-01-17 16:09:35.94340,30
2024-01-17 16:09:39.98252,30
2024-01-17 16:09:44.02152,30
2024-01-17 16:09:48.06097,30
2024-01-17 16:09:52.10178,30
2024-01-17 16:09:56.14652,30
2024-01-17 16:10:00.18445,30
2024-01-17 16:10:04.22965,30
2024-01-17 16:10:08.27534,30
2024-01-17 16:10:12.31909,30
2024-01-17 16:10:16.37897,30
2024-01-17 16:10:20.41806,30
2024-01-17 16:10:24.46307,30
2024-01-17 16:10:28.50411,30
2024-01-17 16:10:32.55489,30
2024-01-17 16:10:36.59704,30
2024-01-17 16:10:40.64748,30
2024-01-17 16:10:44.68753,30
2024-01-17 16:10:48.73948,30
2024-01-17 16:10:52.78364,30
2024-01-17 16:10:56.82372,30
2024-01-17 16:11:00.86500,30
2024-01-17 16:11:04.90759,30
2024-01-17 16:11:08.95193,30
2024-01-17 16:11:12.99527,30
2024-01-17 16:11:17.03173,30
2024-01-17 16:11:21.07517,30
2024-01-17 16:11:25.12144,30
2024-01-17 16:11:29.15628,30
2024-01-17 16:11:33.19250,30
2024-01-17 16:11:37.23481,30
2024-01-17 16:11:41.26587,30
2024-01-17 16:11:45.30942,30
2024-01-17 16:11:49.33971,30
2024-01-17 16:11:53.37863,30
2024-01-17 16:11:57.41686,30
2024-01-17 16:12:01.45843,30
2024-01-17 16:12:05.49951,30
2024-01-17 16:12:09.55229,30
2024-01-17 16:12:13.59724,30
2024-01-17 16:12:17.64295,30
2024-01-17 16:12:21.67999,30
2024-01-17 16:12:25.71740,30
2024-01-17 16:12:29.76950,30
2024-01-17 16:12:33.81092,30
2024-01-17 16:12:37.85094,30
2024-01-17 16:12:41.89652,30
2024-01-17 16:12:45.94037,30
2024-01-17 16:12:49.98582,30
2024-01-17 16:12:54.00923,30
2024-01-17 16:12:58.06945,30
2024-01-17 16:13:02.14646,30
2024-01-17 16:13:06.18270,30
2024-01-17 16:13:10.20771,30
2024-01-17 16:13:14.24059,30
2024-01-17 16:13:18.43723,30
2024-01-17 16:13:22.49623,30
2024-01-17 16:13:26.54655,30
2024-01-17 16:13:30.59243,30
2024-01-17 16:13:34.63813,30
2024-01-17 16:13:38.69163,30
2024-01-17 16:13:42.75113,30
2024-01-17 16:13:46.79247,30
2024-01-17 16:13:50.84132,30
2024-01-17 16:13:54.87685,30
2024-01-17 16:13:58.91706,30
2024-01-17 16:14:02.95073,30
2024-01-17 16:14:07.00691,30
2024-01-17 16:14:11.04584,30
2024-01-17 16:14:15.07908,30
2024-01-17 16:14:19.10279,30
2024-01-17 16:14:23.13162,30
2024-01-17 16:14:27.15859,30
2024-01-17 16:14:31.18530,30
2024-01-17 16:14:35.22346,30
2024-01-17 16:14:39.39105,30
2024-01-17 16:14:43.43802,30
2024-01-17 16:14:47.46601,30
2024-01-17 16:14:51.49302,30
2024-01-17 16:14:55.52705,30
2024-01-17 16:14:59.56007,30
2024-01-17 16:15:03.60973,30
2024-01-17 16:15:07.64717,30
2024-01-17 16:15:11.68216,30
2024-01-17 16:15:15.80153,30
2024-01-17 16:15:19.86102,30
2024-01-17 16:15:23.97822,30
2024-01-17 16:15:28.01797,30
2024-01-17 16:15:32.05976,30
2024-01-17 16:15:36.10107,30
2024-01-17 16:15:40.16817,30
2024-01-17 16:15:44.87807,30
2024-01-17 16:15:48.90997,30
2024-01-17 16:15:52.95823,30
2024-01-17 16:15:56.99738,30
2024-01-17 16:16:01.04625,30
2024-01-17 16:16:05.07858,30
2024-01-17 16:16:09.12572,30
2024-01-17 16:16:13.15596,30
2024-01-17 16:16:17.19175,30
2024-01-17 16:16:21.22314,30
2024-01-17 16:16:25.26438,30
2024-01-17 16:16:29.31660,30
2024-01-17 16:16:33.35847,30
2024-01-17 16:16:37.41863,30
2024-01-17 16:16:41.47130,30
2024-01-17 16:16:45.50976,30
2024-01-17 16:16:49.60518,30
2024-01-17 16:16:53.64816,30
2024-01-17 16:16:57.69270,30
2024-01-17 16:17:01.73950,30
2024-01-17 16:17:05.77511,30
2024-01-17 16:17:09.81312,30
2024-01-17 16:17:13.85364,30
2024-01-17 16:17:17.89279,30
2024-01-17 16:17:21.95744,30
2024-01-17 16:17:26.00202,30
2024-01-17 16:17:30.04730,30
2024-01-17 16:17:34.09350,30
2024-01-17 16:17:38.13712,30
2024-01-17 16:17:42.17462,30
2024-01-17 16:17:46.22284,30
2024-01-17 16:17:50.24971,30
2024-01-17 16:17:54.27925,30
2024-01-17 16:17:58.30468,30
2024-01-17 16:18:02.33203,30
2024-01-17 16:18:06.36307,30
2024-01-17 16:18:10.39126,30
2024-01-17 16:18:14.41813,30
2024-01-17 16:18:18.45228,30
2024-01-17 16:18:22.47956,30
2024-01-17 16:18:26.51850,30
2024-01-17 16:18:30.57236,30
2024-01-17 16:18:34.60914,30
2024-01-17 16:18:38.64160,30
2024-01-17 16:18:42.68503,30
2024-01-17 16:18:46.72972,30
2024-01-17 16:18:50.77513,30
2024-01-17 16:18:54.82230,30
2024-01-17 16:18:58.86924,30
2024-01-17 16:19:02.90908,30
2024-01-17 16:19:06.94752,30
2024-01-17 16:19:10.98541,30
2024-01-17 16:19:15.03748,30
2024-01-17 16:19:19.07787,30
2024-01-17 16:19:23.12091,30
2024-01-17 16:19:27.16864,30
2024-01-17 16:19:31.21185,30
2024-01-17 16:19:35.25586,30
2024-01-17 16:19:39.29715,30
2024-01-17 16:19:43.34251,30
2024-01-17 16:19:47.38380,30
2024-01-17 16:19:51.42831,30
2024-01-17 16:19:55.47847,30
2024-01-17 16:19:59.52299,30
2024-01-17 16:20:03.56535,30
2024-01-17 16:20:07.61402,30
2024-01-17 16:20:11.64601,30
2024-01-17 16:20:15.68626,30
2024-01-17 16:20:19.72108,30
2024-01-17 16:20:23.76135,30
2024-01-17 16:20:27.79454,30
2024-01-17 16:20:31.83962,30
2024-01-17 16:20:35.88615,30
2024-01-17 16:20:39.92382,30
2024-01-17 16:20:43.96945,30
2024-01-17 16:20:48.00349,30
2024-01-17 16:20:52.04855,30
2024-01-17 16:20:56.09289,30
2024-01-17 16:21:00.13537,30
2024-01-17 16:21:04.18858,30
2024-01-17 16:21:08.23474,30
2024-01-17 16:21:12.28419,30
2024-01-17 16:21:16.32970,30
2024-01-17 16:21:20.39327,30
2024-01-17 16:21:24.45278,30
2024-01-17 16:21:28.49532,30
2024-01-17 16:21:32.53022,30
2024-01-17 16:21:36.57404,30
2024-01-17 16:21:40.62004,30
2024-01-17 16:21:44.65462,30
2024-01-17 16:21:48.68717,30
2024-01-17 16:21:52.71771,30
2024-01-17 16:21:56.75142,30
2024-01-17 16:22:00.78564,30
2024-01-17 16:22:04.82257,30
2024-01-17 16:22:08.85425,30
2024-01-17 16:22:12.89094,30
2024-01-17 16:22:16.92447,30
2024-01-17 16:22:20.95038,30
2024-01-17 16:22:24.99421,30
2024-01-17 16:22:29.03096,30
2024-01-17 16:22:33.06396,30
2024-01-17 16:22:37.09194,30
2024-01-17 16:22:41.12269,30
2024-01-17 16:22:45.19968,30
2024-01-17 16:22:49.23006,30
2024-01-17 16:22:53.25703,30
2024-01-17 16:22:57.51534,30
2024-01-17 16:23:01.55163,30
2024-01-17 16:23:05.59081,30
2024-01-17 16:23:09.61952,30
2024-01-17 16:23:13.65965,30
2024-01-17 16:23:17.70794,30
2024-01-17 16:23:21.75786,30
2024-01-17 16:23:25.81701,30
2024-01-17 16:23:29.85941,30
2024-01-17 16:23:33.91634,30
2024-01-17 16:23:37.95821,30
2024-01-17 16:23:42.00921,30
2024-01-17 16:23:46.05580,30
2024-01-17 16:23:50.09805,30
2024-01-17 16:23:54.14664,30
2024-01-17 16:23:58.19150,30
2024-01-17 16:24:02.23397,30
2024-01-17 16:24:06.26962,30
2024-01-17 16:24:10.31881,30
2024-01-17 16:24:14.35364,30
2024-01-17 16:24:18.40488,30
2024-01-17 16:24:22.46951,30
2024-01-17 16:24:26.50866,30
2024-01-17 16:24:30.56087,30
2024-01-17 16:24:34.60605,30
2024-01-17 16:24:38.68348,30
2024-01-17 16:24:42.74331,30
2024-01-17 16:24:46.79863,30
2024-01-17 16:24:50.85808,30
2024-01-17 16:24:54.89920,30
2024-01-17 16:24:58.93034,30
2024-01-17 16:25:02.96354,30
2024-01-17 16:25:06.99710,30
2024-01-17 16:25:11.03692,30
2024-01-17 16:25:15.07186,30
2024-01-17 16:25:19.11569,30
2024-01-17 16:25:23.14766,30
2024-01-17 16:25:27.18556,30
2024-01-17 16:25:31.22508,30
2024-01-17 16:25:35.25588,30
2024-01-17 16:25:39.29225,30
2024-01-17 16:25:43.34111,30
2024-01-17 16:25:47.37291,30
2024-01-17 16:25:51.43032,30
2024-01-17 16:25:55.47585,30
2024-01-17 16:25:59.51461,30
2024-01-17 16:26:03.55693,30
2024-01-17 16:26:07.60052,30
2024-01-17 16:26:11.64538,30
2024-01-17 16:26:15.68948,30
2024-01-17 16:26:19.73475,30
2024-01-17 16:26:23.77303,30
2024-01-17 16:26:27.81998,30
2024-01-17 16:26:31.85363,30
2024-01-17 16:26:35.89475,30
2024-01-17 16:26:39.94573,30
2024-01-17 16:26:43.99792,30
2024-01-17 16:26:48.03245,30
2024-01-17 16:26:52.06617,30
2024-01-17 16:26:56.09621,30
2024-01-17 16:27:00.13791,30
2024-01-17 16:27:04.18404,30
2024-01-17 16:27:08.23369,30
2024-01-17 16:27:12.27085,30
2024-01-17 16:27:16.31281,30
2024-01-17 16:27:20.35853,30
2024-01-17 16:27:24.39427,30
2024-01-17 16:27:28.44002,30
2024-01-17 16:27:32.49506,30
2024-01-17 16:27:36.54807,30
2024-01-17 16:27:40.68821,30
2024-01-17 16:27:44.76898,30
2024-01-17 16:27:48.80894,30
2024-01-17 16:27:52.86329,30
2024-01-17 16:27:56.89613,30
2024-01-17 16:28:01.04353,30
2024-01-17 16:28:05.08220,30
2024-01-17 16:28:09.11845,30
2024-01-17 16:28:13.15032,30
2024-01-17 16:28:17.18284,30
2024-01-17 16:28:21.21619,30
2024-01-17 16:28:25.25913,30
2024-01-17 16:28:29.29779,30
2024-01-17 16:28:33.32769,30
2024-01-17 16:28:37.35998,30
2024-01-17 16:28:41.38757,30
2024-01-17 16:28:45.43035,30
2024-01-17 16:28:49.47981,30
2024-01-17 16:28:53.52064,30
2024-01-17 16:28:57.57334,30
2024-01-17 16:29:01.63196,30
2024-01-17 16:29:05.67884,30
2024-01-17 16:29:09.73521,30
2024-01-17 16:29:13.77973,30
2024-01-17 16:29:17.81829,30
2024-01-17 16:29:21.86612,30
2024-01-17 16:29:25.91618,30
2024-01-17 16:29:29.95792,30
2024-01-17 16:29:34.00989,30
2024-01-17 16:29:38.05502,30
2024-01-17 16:29:42.09790,30
2024-01-17 16:29:46.13419,30
2024-01-17 16:29:50.22899,30
2024-01-17 16:29:54.40647,30
2024-01-17 16:29:58.71320,30
2024-01-17 16:30:02.82624,30
2024-01-17 16:30:06.86261,30
2024-01-17 16:30:10.90896,30
2024-01-17 16:30:14.95576,30
2024-01-17 16:30:18.99642,30
2024-01-17 16:30:23.03792,30
2024-01-17 16:30:27.07295,30
2024-01-17 16:30:31.15015,30
2024-01-17 16:30:35.19021,30
2024-01-17 16:30:39.23427,30
2024-01-17 16:30:43.28792,30
2024-01-17 16:30:47.33011,30
2024-01-17 16:30:51.38026,30
2024-01-17 16:30:55.43538,30
2024-01-17 16:30:59.47065,30
2024-01-17 16:31:03.51430,30
2024-01-17 16:31:07.54596,30
2024-01-17 16:31:11.58378,30
2024-01-17 16:31:15.62139,30
2024-01-17 16:31:19.66233,30
2024-01-17 16:31:23.70918,30
2024-01-17 16:31:28.35959,30
2024-01-17 16:31:32.50329,30
2024-01-17 16:31:36.57345,30
2024-01-17 16:31:40.62268,30
2024-01-17 16:31:44.66797,30
2024-01-17 16:31:48.73524,30
2024-01-17 16:31:52.78281,30
2024-01-17 16:31:56.85723,30
2024-01-17 16:32:00.93216,30
2024-01-17 16:32:04.96514,30
2024-01-17 16:32:09.01852,30
2024-01-17 16:32:13.07445,30
2024-01-17 16:32:17.13037,30
2024-01-17 16:32:21.24911,30
2024-01-17 16:32:25.29847,30
2024-01-17 16:32:29.33810,30
2024-01-17 16:32:33.39234,30
2024-01-17 16:32:37.43405,30
2024-01-17 16:32:41.50400,30
2024-01-17 16:32:45.54497,30
2024-01-17 16:32:49.57703,30
2024-01-17 16:32:53.60375,30
2024-01-17 16:32:57.63943,30
2024-01-17 16:33:01.66834,30
2024-01-17 16:33:05.70640,30
2024-01-17 16:33:09.73804,30
2024-01-17 16:33:13.76578,30
2024-01-17 16:33:17.79822,30
2024-01-17 16:33:21.84005,30
2024-01-17 16:33:25.89989,30
2024-01-17 16:33:29.94173,30
2024-01-17 16:33:33.98517,30
2024-01-17 16:33:38.01719,30
2024-01-17 16:33:42.05606,30
2024-01-17 16:33:46.09749,30
2024-01-17 16:33:50.14063,30
2024-01-17 16:33:54.18212,30
2024-01-17 16:33:58.21931,30
2024-01-17 16:34:02.27117,30
2024-01-17 16:34:06.31161,30
2024-01-17 16:34:10.35807,30
2024-01-17 16:34:14.39333,30
2024-01-17 16:34:18.44446,30
2024-01-17 16:34:22.48480,30
2024-01-17 16:34:26.51767,30
2024-01-17 16:34:30.55865,30
2024-01-17 16:34:34.60806,30
2024-01-17 16:34:38.65439,30
2024-01-17 16:34:42.69637,30
2024-01-17 16:34:46.74664,30
2024-01-17 16:34:50.79304,30
2024-01-17 16:34:54.83016,30
2024-01-17 16:34:58.87274,30
2024-01-17 16:35:02.90236,30
2024-01-17 16:35:06.93671,30
2024-01-17 16:35:10.97608,30
2024-01-17 16:35:15.00816,30
2024-01-17 16:35:19.04638,30
2024-01-17 16:35:23.08599,30
2024-01-17 16:35:27.11849,30
2024-01-17 16:35:31.16340,30
2024-01-17 16:35:35.29049,30
2024-01-17 16:35:39.55683,30
2024-01-17 16:35:43.60510,30
2024-01-17 16:35:47.64652,30
2024-01-17 16:35:51.71169,30
2024-01-17 16:35:55.75235,30
2024-01-17 16:35:59.88810,30
2024-01-17 16:36:03.93525,30
2024-01-17 16:36:07.96297,30
2024-01-17 16:36:11.99611,30
2024-01-17 16:36:16.05325,30
2024-01-17 16:36:20.12499,30
2024-01-17 16:36:24.15025,30
2024-01-17 16:36:28.17635,30
2024-01-17 16:36:32.20744,30
2024-01-17 16:36:36.25715,30
2024-01-17 16:36:40.56818,30
2024-01-17 16:36:44.60837,30
2024-01-17 16:36:48.64676,30
2024-01-17 16:36:52.69022,30
2024-01-17 16:36:56.73092,30
2024-01-17 16:37:00.77371,30
2024-01-17 16:37:04.82164,30
2024-01-17 16:37:08.98560,30
2024-01-17 16:37:13.02733,30
2024-01-17 16:37:17.07655,30
2024-01-17 16:37:21.12719,30
2024-01-17 16:37:25.16592,30
2024-01-17 16:37:29.20427,30
2024-01-17 16:37:33.24158,30
2024-01-17 16:37:37.27621,30
2024-01-17 16:37:41.31454,30
2024-01-17 16:37:45.35401,30
2024-01-17 16:37:49.39172,30
2024-01-17 16:37:53.44474,30
2024-01-17 16:37:57.50778,30
2024-01-17 16:38:01.55357,30
2024-01-17 16:38:05.59884,30
2024-01-17 16:38:09.64461,30
2024-01-17 16:38:13.69138,30
2024-01-17 16:38:17.73556,30
2024-01-17 16:38:21.76728,30
2024-01-17 16:38:25.80720,30
2024-01-17 16:38:29.84681,30
2024-01-17 16:38:33.88600,30
2024-01-17 16:38:37.92439,30
2024-01-17 16:38:41.96842,30
2024-01-17 16:38:46.01403,30
2024-01-17 16:38:50.05258,30
2024-01-17 16:38:54.08993,30
2024-01-17 16:38:58.13815,30
2024-01-17 16:39:02.18141,30
2024-01-17 16:39:06.22422,30
2024-01-17 16:39:10.27079,30
2024-01-17 16:39:14.31095,30
2024-01-17 16:39:18.34564,30
2024-01-17 16:39:22.38647,30
2024-01-17 16:39:26.42308,30
2024-01-17 16:39:30.45983,30
2024-01-17 16:39:34.49814,30
2024-01-17 16:39:38.53960,30
2024-01-17 16:39:42.57477,30
2024-01-17 16:39:46.61635,30
2024-01-17 16:39:50.65824,30
2024-01-17 16:39:54.70034,30
2024-01-17 16:39:58.73690,30
2024-01-17 16:40:02.78122,30
2024-01-17 16:40:06.81836,30
2024-01-17 16:40:10.85681,30
2024-01-17 16:40:14.90270,30
2024-01-17 16:40:18.94732,30
2024-01-17 16:40:22.98476,30
2024-01-17 16:40:27.02925,30
2024-01-17 16:40:31.06856,30
2024-01-17 16:40:35.10995,30
2024-01-17 16:40:39.14974,30
2024-01-17 16:40:43.19413,30
2024-01-17 16:40:47.23514,30
2024-01-17 16:40:51.27566,30
2024-01-17 16:40:55.31550,30
2024-01-17 16:40:59.35341,30
2024-01-17 16:41:03.38732,30
2024-01-17 16:41:07.42703,30
2024-01-17 16:41:11.45603,30
2024-01-17 16:41:15.49015,30
2024-01-17 16:41:19.53487,30
2024-01-17 16:41:23.58577,30
2024-01-17 16:41:27.62841,30
2024-01-17 16:41:31.67725,30
2024-01-17 16:41:35.71792,30
2024-01-17 16:41:39.76247,30
2024-01-17 16:41:43.80823,30
2024-01-17 16:41:47.85467,30
2024-01-17 16:41:51.89210,30
2024-01-17 16:41:55.93885,30
2024-01-17 16:41:59.97443,30
2024-01-17 16:42:04.00978,30
2024-01-17 16:42:08.05881,30
2024-01-17 16:42:12.11195,30
2024-01-17 16:42:16.14932,30
2024-01-17 16:42:20.19295,30
2024-01-17 16:42:24.22668,30
2024-01-17 16:42:28.26024,30
2024-01-17 16:42:32.28929,30
2024-01-17 16:42:36.32205,30
2024-01-17 16:42:40.36027,30
2024-01-17 16:42:44.40136,30
2024-01-17 16:42:48.44279,30
2024-01-17 16:42:52.48575,30
2024-01-17 16:42:56.52559,30
2024-01-17 16:43:00.57567,30
2024-01-17 16:43:04.61320,30
2024-01-17 16:43:08.65929,30
2024-01-17 16:43:12.69496,30
2024-01-17 16:43:16.72738,30
2024-01-17 16:43:20.77135,30
2024-01-17 16:43:24.81955,30
2024-01-17 16:43:28.86336,30
2024-01-17 16:43:32.90358,30
2024-01-17 16:43:36.95124,30
2024-01-17 16:43:41.00229,30
2024-01-17 16:43:45.05234,30
2024-01-17 16:43:49.09299,30
2024-01-17 16:43:53.13571,30
2024-01-17 16:43:57.18086,30
2024-01-17 16:44:01.21885,30
2024-01-17 16:44:05.25207,30
2024-01-17 16:44:09.30977,30
2024-01-17 16:44:13.34775,30
2024-01-17 16:44:17.38302,30
2024-01-17 16:44:21.44647,30
2024-01-17 16:44:25.49232,30
2024-01-17 16:44:29.53722,30
2024-01-17 16:44:33.57466,30
2024-01-17 16:44:37.89559,30
2024-01-17 16:44:41.93134,30
2024-01-17 16:44:45.97347,30
2024-01-17 16:44:50.01718,30
2024-01-17 16:44:54.08546,30
2024-01-17 16:44:58.11525,30
2024-01-17 16:45:02.14607,30
2024-01-17 16:45:06.18900,30
2024-01-17 16:45:10.22988,30
2024-01-17 16:45:14.26840,30
2024-01-17 16:45:18.32153,30
2024-01-17 16:45:22.37811,30
2024-01-17 16:45:26.41936,30
2024-01-17 16:45:30.46083,30
2024-01-17 16:45:34.50951,30
2024-01-17 16:45:38.54699,30
2024-01-17 16:45:42.58613,30
2024-01-17 16:45:46.62700,30
2024-01-17 16:45:50.65737,30
2024-01-17 16:45:54.70637,30
2024-01-17 16:45:58.74374,30
2024-01-17 16:46:02.78936,30
2024-01-17 16:46:06.82937,30
2024-01-17 16:46:10.86452,30
2024-01-17 16:46:14.91673,30
2024-01-17 16:46:18.96895,30
2024-01-17 16:46:23.02068,30
2024-01-17 16:46:27.06984,30
2024-01-17 16:46:31.10423,30
2024-01-17 16:46:35.16274,30
2024-01-17 16:46:39.20773,30
2024-01-17 16:46:43.25646,30
2024-01-17 16:46:47.30127,30
2024-01-17 16:46:51.33859,30
2024-01-17 16:46:55.37645,30
2024-01-17 16:46:59.42011,30
2024-01-17 16:47:03.46255,30
2024-01-17 16:47:07.51305,30
2024-01-17 16:47:11.57746,30
2024-01-17 16:47:15.61169,30
2024-01-17 16:47:19.65550,30
2024-01-17 16:47:23.68911,30
2024-01-17 16:47:27.72130,30
2024-01-17 16:47:31.75999,30
2024-01-17 16:47:35.80325,30
2024-01-17 16:47:39.84263,30
2024-01-17 16:47:43.88036,30
2024-01-17 16:47:47.92017,30
2024-01-17 16:47:51.96130,30
2024-01-17 16:47:56.00250,30
2024-01-17 16:48:00.04746,30
2024-01-17 16:48:04.09718,30
2024-01-17 16:48:08.14156,30
2024-01-17 16:48:12.18952,30
2024-01-17 16:48:16.23008,30
2024-01-17 16:48:20.34230,30
2024-01-17 16:48:24.48442,30
2024-01-17 16:48:28.53488,30
2024-01-17 16:48:32.58011,30
2024-01-17 16:48:36.62917,30
2024-01-17 16:48:40.66248,30
2024-01-17 16:48:44.74036,30
2024-01-17 16:48:48.78429,30
2024-01-17 16:48:52.84448,30
2024-01-17 16:48:56.88413,30
2024-01-17 16:49:00.92344,30
2024-01-17 16:49:04.96804,30
2024-01-17 16:49:09.00951,30
2024-01-17 16:49:13.05088,30
2024-01-17 16:49:17.09011,30
2024-01-17 16:49:21.12703,30
2024-01-17 16:49:25.16562,30
2024-01-17 16:49:29.20431,30
2024-01-17 16:49:33.25367,30
2024-01-17 16:49:37.28973,30
2024-01-17 16:49:41.31977,30
2024-01-17 16:49:45.46363,30
2024-01-17 16:49:49.51701,30
2024-01-17 16:49:53.55919,30
2024-01-17 16:49:57.60792,30
2024-01-17 16:50:01.65476,30
2024-01-17 16:50:05.70163,30
2024-01-17 16:50:09.74765,30
2024-01-17 16:50:13.79498,30
2024-01-17 16:50:17.84052,30
2024-01-17 16:50:21.88542,30
2024-01-17 16:50:25.92786,30
2024-01-17 16:50:29.96717,30
2024-01-17 16:50:34.00457,30
2024-01-17 16:50:38.05059,30
2024-01-17 16:50:42.09653,30
2024-01-17 16:50:46.14343,30
2024-01-17 16:50:50.18838,30
2024-01-17 16:50:54.22132,30
2024-01-17 16:50:58.26023,30
2024-01-17 16:51:02.30352,30
2024-01-17 16:51:06.49258,30
2024-01-17 16:51:10.56499,30
2024-01-17 16:51:14.59873,30
2024-01-17 16:51:18.70611,30
2024-01-17 16:51:22.74720,30
2024-01-17 16:51:26.78936,30
2024-01-17 16:51:30.83283,30
2024-01-17 16:51:34.87733,30
2024-01-17 16:51:38.91937,30
2024-01-17 16:51:42.95835,30
2024-01-17 16:51:47.00732,30
2024-01-17 16:51:51.06021,30
2024-01-17 16:51:55.10296,30
2024-01-17 16:51:59.14461,30
2024-01-17 16:52:03.18603,30
2024-01-17 16:52:07.23409,30
2024-01-17 16:52:11.50609,30
2024-01-17 16:52:15.54328,30
2024-01-17 16:52:19.60424,30
2024-01-17 16:52:23.64029,30
2024-01-17 16:52:27.66689,30
2024-01-17 16:52:31.70523,30
2024-01-17 16:52:35.73895,30
2024-01-17 16:52:39.77354,30
2024-01-17 16:52:43.80103,30
2024-01-17 16:52:47.83081,30
2024-01-17 16:52:51.86275,30
2024-01-17 16:52:55.89515,30
2024-01-17 16:52:59.92546,30
2024-01-17 16:53:03.95732,30
2024-01-17 16:53:07.98464,30
2024-01-17 16:53:12.00890,30
2024-01-17 16:53:16.05039,30
2024-01-17 16:53:20.07335,30
2024-01-17 16:53:24.09561,30
2024-01-17 16:53:28.11973,30
2024-01-17 16:53:32.14301,30
2024-01-17 16:53:36.33340,30
2024-01-17 16:53:40.36676,30
2024-01-17 16:53:44.70906,30
2024-01-17 16:53:48.76508,30
2024-01-17 16:53:52.81553,30
2024-01-17 16:53:56.85012,30
2024-01-17 16:54:00.89393,30
2024-01-17 16:54:04.95575,30
2024-01-17 16:54:08.98491,30
2024-01-17 16:54:13.04964,30
2024-01-17 16:54:17.17563,30
2024-01-17 16:54:21.21163,30
2024-01-17 16:54:25.24839,30
2024-01-17 16:54:29.29763,30
2024-01-17 16:54:33.33884,30
2024-01-17 16:54:37.37537,30
2024-01-17 16:54:41.41438,30
2024-01-17 16:54:45.45436,30
2024-01-17 16:54:49.48935,30
2024-01-17 16:54:53.53473,30
2024-01-17 16:54:57.57226,30
2024-01-17 16:55:01.63229,30
2024-01-17 16:55:05.66499,30
2024-01-17 16:55:09.81814,30
2024-01-17 16:55:13.86482,30
2024-01-17 16:55:17.91494,30
2024-01-17 16:55:21.96724,30
2024-01-17 16:55:26.01815,30
2024-01-17 16:55:30.06998,30
2024-01-17 16:55:34.12160,30
2024-01-17 16:55:38.16288,30
2024-01-17 16:55:42.20903,30
2024-01-17 16:55:46.25405,30
2024-01-17 16:55:50.29853,30
2024-01-17 16:55:54.34918,30
2024-01-17 16:55:58.39835,30
2024-01-17 16:56:02.42777,30
2024-01-17 16:56:06.52424,30
2024-01-17 16:56:10.71186,30
2024-01-17 16:56:14.76416,30
2024-01-17 16:56:18.80856,30
2024-01-17 16:56:22.87541,30
2024-01-17 16:56:26.91192,30
2024-01-17 16:56:30.95656,30
2024-01-17 16:56:35.00294,30
2024-01-17 16:56:39.03971,30
2024-01-17 16:56:43.07558,30
2024-01-17 16:56:47.11599,30
2024-01-17 16:56:51.15465,30
2024-01-17 16:56:55.19457,30
2024-01-17 16:56:59.23316,30
2024-01-17 16:57:03.28480,30
2024-01-17 16:57:07.32436,30
2024-01-17 16:57:11.38487,30
2024-01-17 16:57:15.42087,30
2024-01-17 16:57:19.47145,30
2024-01-17 16:57:23.51432,30
2024-01-17 16:57:27.58113,30
2024-01-17 16:57:31.63236,30
2024-01-17 16:57:35.67778,30
2024-01-17 16:57:39.72117,30
2024-01-17 16:57:43.76414,30
2024-01-17 16:57:47.80139,30
2024-01-17 16:57:51.83976,30
2024-01-17 16:57:55.88087,30
2024-01-17 16:57:59.91417,30
2024-01-17 16:58:03.95662,30
2024-01-17 16:58:08.00266,30
2024-01-17 16:58:12.04619,30
2024-01-17 16:58:16.08893,30
2024-01-17 16:58:20.12848,30
2024-01-17 16:58:24.17494,30
2024-01-17 16:58:28.22139,30
2024-01-17 16:58:32.26691,30
2024-01-17 16:58:36.31032,30
2024-01-17 16:58:40.35061,30
2024-01-17 16:58:44.39520,30
2024-01-17 16:58:48.43978,30
2024-01-17 16:58:52.48294,30
2024-01-17 16:58:56.51972,30
2024-01-17 16:59:00.56067,30
2024-01-17 16:59:04.60038,30
2024-01-17 16:59:08.64212,30
2024-01-17 16:59:12.68433,30
2024-01-17 16:59:16.71931,30
2024-01-17 16:59:20.76583,30
2024-01-17 16:59:24.80505,30
2024-01-17 16:59:28.84446,30
2024-01-17 16:59:32.88843,30
2024-01-17 16:59:36.92919,30
2024-01-17 16:59:40.97667,30
2024-01-17 16:59:45.01538,30
2024-01-17 16:59:49.06616,30
2024-01-17 16:59:53.11023,30
2024-01-17 16:59:57.14935,30
2024-01-17 17:00:01.19101,30
2024-01-17 17:00:05.23026,30
2024-01-17 17:00:09.25796,30
2024-01-17 17:00:13.28277,30
2024-01-17 17:00:17.31791,30
2024-01-17 17:00:21.38656,30
2024-01-17 17:00:25.42681,30
2024-01-17 17:00:29.45473,30
2024-01-17 17:00:33.49979,30
2024-01-17 17:00:37.54351,30
2024-01-17 17:00:41.58858,30
2024-01-17 17:00:45.62763,30
2024-01-17 17:00:49.67989,30
2024-01-17 17:00:53.72295,30
2024-01-17 17:00:57.75723,30
2024-01-17 17:01:01.79670,30
2024-01-17 17:01:05.83641,30
2024-01-17 17:01:09.88551,30
2024-01-17 17:01:13.92913,30
2024-01-17 17:01:17.96925,30
2024-01-17 17:01:22.01760,30
2024-01-17 17:01:26.06396,30
2024-01-17 17:01:30.10498,30
2024-01-17 17:01:34.13638,30
2024-01-17 17:01:38.17646,30
2024-01-17 17:01:42.21170,30
2024-01-17 17:01:46.25297,30
2024-01-17 17:01:50.29060,30
2024-01-17 17:01:54.33203,30
2024-01-17 17:01:58.44909,30
2024-01-17 17:02:02.48748,30
2024-01-17 17:02:06.51756,30
2024-01-17 17:02:10.55592,30
2024-01-17 17:02:14.58662,30
2024-01-17 17:02:18.62010,30
2024-01-17 17:02:22.65738,30
2024-01-17 17:02:26.70496,30
2024-01-17 17:02:30.79362,30
2024-01-17 17:02:37.74248,30
2024-01-17 17:03:22.33935,30
2024-01-17 17:03:26.38058,30
2024-01-17 17:03:30.42417,30
2024-01-17 17:03:34.47140,30
2024-01-17 17:37:26.82486,30
2024-01-17 20:29:29.69030,30
2024-01-17 20:29:33.73634,30
2024-01-17 20:29:46.36602,30
2024-01-17 20:29:50.41429,30
2024-01-17 20:36:24.39351,30
2024-01-17 20:36:28.43858,30
2024-01-17 20:45:39.84836,30
2024-01-17 20:45:43.89592,30
2024-01-17 20:45:47.94870,30
2024-01-17 21:05:50.65941,30
2024-01-17 22:42:08.70876,30
2024-01-17 22:43:13.43052,30
