measure_time,block_height,block_tx_count,conflict_count
2024-01-17 13:06:35.26478,1,1,0
2024-01-17 13:06:35.88873,2,353,0
2024-01-17 13:06:35.88888,2,353,0
2024-01-17 13:06:35.88895,2,353,0
2024-01-17 13:06:35.88902,2,353,0
2024-01-17 13:06:35.88909,2,353,0
2024-01-17 13:06:35.88914,2,353,0
2024-01-17 13:06:35.88921,2,353,0
2024-01-17 13:06:35.88928,2,353,0
2024-01-17 13:06:35.88935,2,353,0
2024-01-17 13:06:35.88941,2,353,0
2024-01-17 13:06:35.88948,2,353,0
2024-01-17 13:06:35.88955,2,353,0
2024-01-17 13:06:35.88962,2,353,0
2024-01-17 13:06:35.88971,2,353,0
2024-01-17 13:06:35.88978,2,353,0
2024-01-17 13:06:35.88985,2,353,0
2024-01-17 13:06:35.88993,2,353,0
2024-01-17 13:06:35.89001,2,353,0
2024-01-17 13:06:35.89009,2,353,0
2024-01-17 13:06:35.89020,2,353,0
2024-01-17 13:06:35.89028,2,353,0
2024-01-17 13:06:35.89035,2,353,0
2024-01-17 13:06:35.89043,2,353,0
2024-01-17 13:06:35.89050,2,353,0
2024-01-17 13:06:35.89058,2,353,0
2024-01-17 13:06:35.89065,2,353,0
2024-01-17 13:06:35.89073,2,353,0
2024-01-17 13:06:35.89080,2,353,0
2024-01-17 13:06:35.89086,2,353,0
2024-01-17 13:06:35.89094,2,353,0
2024-01-17 13:06:35.89102,2,353,0
2024-01-17 13:06:35.89109,2,353,0
2024-01-17 13:06:35.89115,2,353,0
2024-01-17 13:06:35.89123,2,353,0
2024-01-17 13:06:35.89130,2,353,0
2024-01-17 13:06:35.89137,2,353,0
2024-01-17 13:06:35.89145,2,353,0
2024-01-17 13:06:35.89157,2,353,0
2024-01-17 13:06:35.89185,2,353,0
2024-01-17 13:06:35.89206,2,353,0
2024-01-17 13:06:35.89220,2,353,0
2024-01-17 13:06:35.89229,2,353,0
2024-01-17 13:06:35.89236,2,353,0
2024-01-17 13:06:35.89243,2,353,0
2024-01-17 13:06:35.89249,2,353,0
2024-01-17 13:06:35.89256,2,353,0
2024-01-17 13:06:35.89262,2,353,0
2024-01-17 13:06:35.89269,2,353,0
2024-01-17 13:06:35.89275,2,353,0
2024-01-17 13:06:35.89282,2,353,0
2024-01-17 13:06:35.89289,2,353,0
2024-01-17 13:06:35.89296,2,353,0
2024-01-17 13:06:35.89302,2,353,0
2024-01-17 13:06:35.89309,2,353,0
2024-01-17 13:06:35.89316,2,353,0
2024-01-17 13:06:35.89323,2,353,0
2024-01-17 13:06:35.89330,2,353,0
2024-01-17 13:06:35.89337,2,353,0
2024-01-17 13:06:35.89344,2,353,0
2024-01-17 13:06:35.89350,2,353,0
2024-01-17 13:06:35.89357,2,353,0
2024-01-17 13:06:35.89364,2,353,0
2024-01-17 13:06:35.89371,2,353,0
2024-01-17 13:06:35.89377,2,353,0
2024-01-17 13:06:35.89384,2,353,0
2024-01-17 13:06:35.89390,2,353,0
2024-01-17 13:06:35.89399,2,353,0
2024-01-17 13:06:35.89405,2,353,0
2024-01-17 13:06:35.89413,2,353,0
2024-01-17 13:06:35.89419,2,353,0
2024-01-17 13:06:35.89425,2,353,0
2024-01-17 13:06:35.89432,2,353,0
2024-01-17 13:06:35.89439,2,353,0
2024-01-17 13:06:35.89445,2,353,0
2024-01-17 13:06:35.89452,2,353,0
2024-01-17 13:06:35.89459,2,353,0
2024-01-17 13:06:35.89467,2,353,0
2024-01-17 13:06:35.89474,2,353,0
2024-01-17 13:06:35.89480,2,353,0
2024-01-17 13:06:35.89487,2,353,0
2024-01-17 13:06:35.89495,2,353,0
2024-01-17 13:06:35.89502,2,353,0
2024-01-17 13:06:35.89509,2,353,0
2024-01-17 13:06:35.89516,2,353,0
2024-01-17 13:06:35.89524,2,353,0
2024-01-17 13:06:35.89531,2,353,0
2024-01-17 13:06:35.89539,2,353,0
2024-01-17 13:06:35.89547,2,353,0
2024-01-17 13:06:35.89554,2,353,0
2024-01-17 13:06:35.89560,2,353,0
2024-01-17 13:06:35.89570,2,353,0
2024-01-17 13:06:35.89578,2,353,0
2024-01-17 13:06:35.89585,2,353,0
2024-01-17 13:06:35.89592,2,353,0
2024-01-17 13:06:35.89599,2,353,0
2024-01-17 13:06:35.89605,2,353,0
2024-01-17 13:06:35.89612,2,353,0
2024-01-17 13:06:35.89618,2,353,0
2024-01-17 13:06:35.89624,2,353,0
2024-01-17 13:06:35.89631,2,353,0
2024-01-17 13:06:35.89637,2,353,0
2024-01-17 13:06:35.89644,2,353,0
2024-01-17 13:06:35.89651,2,353,0
2024-01-17 13:06:35.89658,2,353,0
2024-01-17 13:06:35.89665,2,353,0
2024-01-17 13:06:35.89671,2,353,0
2024-01-17 13:06:35.89678,2,353,0
2024-01-17 13:06:35.89685,2,353,0
2024-01-17 13:06:35.89691,2,353,0
2024-01-17 13:06:35.89698,2,353,0
2024-01-17 13:06:35.89705,2,353,0
2024-01-17 13:06:35.89711,2,353,0
2024-01-17 13:06:35.89718,2,353,0
2024-01-17 13:06:35.89725,2,353,0
2024-01-17 13:06:35.89731,2,353,0
2024-01-17 13:06:35.89737,2,353,0
2024-01-17 13:06:35.89743,2,353,0
2024-01-17 13:06:35.89749,2,353,0
2024-01-17 13:06:35.89820,2,353,0
2024-01-17 13:06:35.89828,2,353,0
2024-01-17 13:06:35.89835,2,353,0
2024-01-17 13:06:35.89843,2,353,0
2024-01-17 13:06:35.89850,2,353,0
2024-01-17 13:06:35.89857,2,353,0
2024-01-17 13:06:35.89864,2,353,0
2024-01-17 13:06:35.89872,2,353,0
2024-01-17 13:06:35.89880,2,353,0
2024-01-17 13:06:35.89888,2,353,0
2024-01-17 13:06:35.89895,2,353,0
2024-01-17 13:06:35.89902,2,353,0
2024-01-17 13:06:35.89910,2,353,0
2024-01-17 13:06:35.89918,2,353,0
2024-01-17 13:06:35.89925,2,353,0
2024-01-17 13:06:35.89933,2,353,0
2024-01-17 13:06:35.89940,2,353,0
2024-01-17 13:06:35.89947,2,353,0
2024-01-17 13:06:35.89955,2,353,0
2024-01-17 13:06:35.89963,2,353,0
2024-01-17 13:06:35.89971,2,353,0
2024-01-17 13:06:35.89978,2,353,0
2024-01-17 13:06:35.89985,2,353,0
2024-01-17 13:06:35.89993,2,353,0
2024-01-17 13:06:35.90000,2,353,0
2024-01-17 13:06:35.90008,2,353,0
2024-01-17 13:06:35.90016,2,353,0
2024-01-17 13:06:35.90023,2,353,0
2024-01-17 13:06:35.90030,2,353,0
2024-01-17 13:06:35.90037,2,353,0
2024-01-17 13:06:35.90045,2,353,0
2024-01-17 13:06:35.90052,2,353,0
2024-01-17 13:06:35.90060,2,353,0
2024-01-17 13:06:35.90068,2,353,0
2024-01-17 13:06:35.90076,2,353,0
2024-01-17 13:06:35.90084,2,353,0
2024-01-17 13:06:35.90091,2,353,0
2024-01-17 13:06:35.90098,2,353,0
2024-01-17 13:06:35.90106,2,353,0
2024-01-17 13:06:35.90114,2,353,0
2024-01-17 13:06:35.90121,2,353,0
2024-01-17 13:06:35.90129,2,353,0
2024-01-17 13:06:35.90136,2,353,0
2024-01-17 13:06:35.90143,2,353,0
2024-01-17 13:06:35.90151,2,353,0
2024-01-17 13:06:35.90159,2,353,0
2024-01-17 13:06:35.90166,2,353,0
2024-01-17 13:06:35.90174,2,353,0
2024-01-17 13:06:35.90181,2,353,0
2024-01-17 13:06:35.90189,2,353,0
2024-01-17 13:06:35.90196,2,353,0
2024-01-17 13:06:35.90203,2,353,0
2024-01-17 13:06:35.90212,2,353,0
2024-01-17 13:06:35.90220,2,353,0
2024-01-17 13:06:35.90228,2,353,0
2024-01-17 13:06:35.90235,2,353,0
2024-01-17 13:06:35.90243,2,353,0
2024-01-17 13:06:35.90250,2,353,0
2024-01-17 13:06:35.90257,2,353,0
2024-01-17 13:06:35.90264,2,353,0
2024-01-17 13:06:35.90271,2,353,0
2024-01-17 13:06:35.90278,2,353,0
2024-01-17 13:06:35.90285,2,353,0
2024-01-17 13:06:35.90293,2,353,0
2024-01-17 13:06:35.90300,2,353,0
2024-01-17 13:06:35.90308,2,353,0
2024-01-17 13:06:35.90315,2,353,0
2024-01-17 13:06:35.90324,2,353,0
2024-01-17 13:06:35.90331,2,353,0
2024-01-17 13:06:35.90338,2,353,0
2024-01-17 13:06:35.90346,2,353,0
2024-01-17 13:06:35.90353,2,353,0
2024-01-17 13:06:35.90360,2,353,0
2024-01-17 13:06:35.90368,2,353,0
2024-01-17 13:06:35.90375,2,353,0
2024-01-17 13:06:35.90382,2,353,0
2024-01-17 13:06:35.90390,2,353,0
2024-01-17 13:06:35.90397,2,353,0
2024-01-17 13:06:35.90405,2,353,0
2024-01-17 13:06:35.90413,2,353,0
2024-01-17 13:06:35.90423,2,353,0
2024-01-17 13:06:35.90430,2,353,0
2024-01-17 13:06:35.90439,2,353,0
2024-01-17 13:06:35.90448,2,353,0
2024-01-17 13:06:35.90457,2,353,0
2024-01-17 13:06:35.90466,2,353,0
2024-01-17 13:06:35.90473,2,353,0
2024-01-17 13:06:35.90480,2,353,0
2024-01-17 13:06:35.90489,2,353,0
2024-01-17 13:06:35.90498,2,353,0
2024-01-17 13:06:35.90507,2,353,0
2024-01-17 13:06:35.90515,2,353,0
2024-01-17 13:06:35.90523,2,353,0
2024-01-17 13:06:35.90530,2,353,0
2024-01-17 13:06:35.90537,2,353,0
2024-01-17 13:06:35.90545,2,353,0
2024-01-17 13:06:35.90554,2,353,0
2024-01-17 13:06:35.90562,2,353,0
2024-01-17 13:06:35.90570,2,353,0
2024-01-17 13:06:35.90578,2,353,0
2024-01-17 13:06:35.90586,2,353,0
2024-01-17 13:06:35.90596,2,353,0
2024-01-17 13:06:35.90603,2,353,0
2024-01-17 13:06:35.90612,2,353,0
2024-01-17 13:06:35.90619,2,353,0
2024-01-17 13:06:35.90626,2,353,0
2024-01-17 13:06:35.90635,2,353,0
2024-01-17 13:06:35.90643,2,353,0
2024-01-17 13:06:35.90650,2,353,0
2024-01-17 13:06:35.90658,2,353,0
2024-01-17 13:06:35.90666,2,353,0
2024-01-17 13:06:35.90674,2,353,0
2024-01-17 13:06:35.90687,2,353,0
2024-01-17 13:06:35.90695,2,353,0
2024-01-17 13:06:35.90704,2,353,0
2024-01-17 13:06:35.90712,2,353,0
2024-01-17 13:06:35.90719,2,353,0
2024-01-17 13:06:35.90727,2,353,0
2024-01-17 13:06:35.90735,2,353,0
2024-01-17 13:06:35.90743,2,353,0
2024-01-17 13:06:35.90753,2,353,0
2024-01-17 13:06:35.90768,2,353,0
2024-01-17 13:06:35.90777,2,353,0
2024-01-17 13:06:35.90787,2,353,0
2024-01-17 13:06:35.90795,2,353,0
2024-01-17 13:06:35.90809,2,353,0
2024-01-17 13:06:35.90816,2,353,0
2024-01-17 13:06:35.90826,2,353,0
2024-01-17 13:06:35.90836,2,353,0
2024-01-17 13:06:35.90845,2,353,0
2024-01-17 13:06:35.90852,2,353,0
2024-01-17 13:06:35.90860,2,353,0
2024-01-17 13:06:35.90869,2,353,0
2024-01-17 13:06:35.90878,2,353,0
2024-01-17 13:06:35.90887,2,353,0
2024-01-17 13:06:35.90894,2,353,0
2024-01-17 13:06:35.90903,2,353,0
2024-01-17 13:06:35.90910,2,353,0
2024-01-17 13:06:35.90919,2,353,0
2024-01-17 13:06:35.90928,2,353,0
2024-01-17 13:06:35.90938,2,353,0
2024-01-17 13:06:35.90959,2,353,0
2024-01-17 13:06:35.90976,2,353,0
2024-01-17 13:06:35.90985,2,353,0
2024-01-17 13:06:35.90997,2,353,0
2024-01-17 13:06:35.91006,2,353,0
2024-01-17 13:06:35.91014,2,353,0
2024-01-17 13:06:35.91025,2,353,0
2024-01-17 13:06:35.91035,2,353,0
2024-01-17 13:06:35.91044,2,353,0
2024-01-17 13:06:35.91053,2,353,0
2024-01-17 13:06:35.91063,2,353,0
2024-01-17 13:06:35.91071,2,353,0
2024-01-17 13:06:35.91080,2,353,0
2024-01-17 13:06:35.91089,2,353,0
2024-01-17 13:06:35.91100,2,353,0
2024-01-17 13:06:35.91111,2,353,0
2024-01-17 13:06:35.91120,2,353,0
2024-01-17 13:06:35.91129,2,353,0
2024-01-17 13:06:35.91137,2,353,0
2024-01-17 13:06:35.91146,2,353,0
2024-01-17 13:06:35.91153,2,353,0
2024-01-17 13:06:35.91161,2,353,0
2024-01-17 13:06:35.91171,2,353,0
2024-01-17 13:06:35.91179,2,353,0
2024-01-17 13:06:35.91188,2,353,0
2024-01-17 13:06:35.91198,2,353,0
2024-01-17 13:06:35.91207,2,353,0
2024-01-17 13:06:35.91215,2,353,0
2024-01-17 13:06:35.91224,2,353,0
2024-01-17 13:06:35.91233,2,353,0
2024-01-17 13:06:35.91242,2,353,0
2024-01-17 13:06:35.91251,2,353,0
2024-01-17 13:06:35.91259,2,353,0
2024-01-17 13:06:35.91270,2,353,0
2024-01-17 13:06:35.91278,2,353,0
2024-01-17 13:06:35.91288,2,353,0
2024-01-17 13:06:35.91297,2,353,0
2024-01-17 13:06:35.91306,2,353,0
2024-01-17 13:06:35.91317,2,353,0
2024-01-17 13:06:35.91327,2,353,0
2024-01-17 13:06:35.91340,2,353,0
2024-01-17 13:06:35.91350,2,353,0
2024-01-17 13:06:35.91363,2,353,0
2024-01-17 13:06:35.91386,2,353,0
2024-01-17 13:06:35.91396,2,353,0
2024-01-17 13:06:35.91405,2,353,0
2024-01-17 13:06:35.91412,2,353,0
2024-01-17 13:06:35.91421,2,353,0
2024-01-17 13:06:35.91431,2,353,0
2024-01-17 13:06:35.91443,2,353,0
2024-01-17 13:06:35.91451,2,353,0
2024-01-17 13:06:35.91459,2,353,0
2024-01-17 13:06:35.91468,2,353,0
2024-01-17 13:06:35.91476,2,353,0
2024-01-17 13:06:35.91484,2,353,0
2024-01-17 13:06:35.91493,2,353,0
2024-01-17 13:06:35.91502,2,353,0
2024-01-17 13:06:35.91512,2,353,0
2024-01-17 13:06:35.91521,2,353,0
2024-01-17 13:06:35.91529,2,353,0
2024-01-17 13:06:35.91539,2,353,0
2024-01-17 13:06:35.91547,2,353,0
2024-01-17 13:06:35.91555,2,353,0
2024-01-17 13:06:35.91564,2,353,0
2024-01-17 13:06:35.91571,2,353,0
2024-01-17 13:06:35.91580,2,353,0
2024-01-17 13:06:35.91588,2,353,0
2024-01-17 13:06:35.91597,2,353,0
2024-01-17 13:06:35.91605,2,353,0
2024-01-17 13:06:35.91614,2,353,0
2024-01-17 13:06:35.91622,2,353,0
2024-01-17 13:06:35.91631,2,353,0
2024-01-17 13:06:35.91640,2,353,0
2024-01-17 13:06:35.91649,2,353,0
2024-01-17 13:06:35.91657,2,353,0
2024-01-17 13:06:35.91667,2,353,0
2024-01-17 13:06:35.91677,2,353,0
2024-01-17 13:06:35.91685,2,353,0
2024-01-17 13:06:35.91695,2,353,0
2024-01-17 13:06:35.91705,2,353,0
2024-01-17 13:06:35.91714,2,353,0
2024-01-17 13:06:35.91724,2,353,0
2024-01-17 13:06:35.91737,2,353,0
2024-01-17 13:06:35.91757,2,353,0
2024-01-17 13:06:35.91769,2,353,0
2024-01-17 13:06:35.91779,2,353,0
2024-01-17 13:06:35.91788,2,353,0
2024-01-17 13:06:35.91798,2,353,0
2024-01-17 13:06:35.91806,2,353,0
2024-01-17 13:06:35.91814,2,353,0
2024-01-17 13:06:35.91825,2,353,0
2024-01-17 13:06:35.91833,2,353,0
2024-01-17 13:06:35.91841,2,353,0
2024-01-17 13:06:35.91852,2,353,0
2024-01-17 13:06:37.55623,3,596,0
2024-01-17 13:06:37.55654,3,596,0
2024-01-17 13:06:37.55664,3,596,0
2024-01-17 13:06:37.55679,3,596,0
2024-01-17 13:06:37.55689,3,596,0
2024-01-17 13:06:37.55706,3,596,0
2024-01-17 13:06:37.55729,3,596,0
2024-01-17 13:06:37.55746,3,596,0
2024-01-17 13:06:37.55760,3,596,0
2024-01-17 13:06:37.55798,3,596,0
2024-01-17 13:06:37.55824,3,596,0
2024-01-17 13:06:37.55844,3,596,0
2024-01-17 13:06:37.55867,3,596,0
2024-01-17 13:06:37.55882,3,596,0
2024-01-17 13:06:37.55893,3,596,0
2024-01-17 13:06:37.55902,3,596,0
2024-01-17 13:06:37.55914,3,596,0
2024-01-17 13:06:37.55925,3,596,0
2024-01-17 13:06:37.55935,3,596,0
2024-01-17 13:06:37.55951,3,596,0
2024-01-17 13:06:37.55967,3,596,0
2024-01-17 13:06:37.55981,3,596,0
2024-01-17 13:06:37.56000,3,596,0
2024-01-17 13:06:37.56017,3,596,0
2024-01-17 13:06:37.56033,3,596,0
2024-01-17 13:06:37.56051,3,596,0
2024-01-17 13:06:37.56068,3,596,0
2024-01-17 13:06:37.56086,3,596,0
2024-01-17 13:06:37.56101,3,596,0
2024-01-17 13:06:37.56117,3,596,0
2024-01-17 13:06:37.56130,3,596,0
2024-01-17 13:06:37.56146,3,596,0
2024-01-17 13:06:37.56168,3,596,0
2024-01-17 13:06:37.56182,3,596,0
2024-01-17 13:06:37.56195,3,596,0
2024-01-17 13:06:37.56206,3,596,0
2024-01-17 13:06:37.56217,3,596,0
2024-01-17 13:06:37.56229,3,596,0
2024-01-17 13:06:37.56240,3,596,0
2024-01-17 13:06:37.56254,3,596,0
2024-01-17 13:06:37.56264,3,596,0
2024-01-17 13:06:37.56279,3,596,0
2024-01-17 13:06:37.56291,3,596,0
2024-01-17 13:06:37.56302,3,596,0
2024-01-17 13:06:37.56316,3,596,0
2024-01-17 13:06:37.56330,3,596,0
2024-01-17 13:06:37.56342,3,596,0
2024-01-17 13:06:37.56356,3,596,0
2024-01-17 13:06:37.56371,3,596,0
2024-01-17 13:06:37.56383,3,596,0
2024-01-17 13:06:37.56395,3,596,0
2024-01-17 13:06:37.56409,3,596,0
2024-01-17 13:06:37.56423,3,596,0
2024-01-17 13:06:37.56446,3,596,0
2024-01-17 13:06:37.56463,3,596,0
2024-01-17 13:06:37.56482,3,596,0
2024-01-17 13:06:37.56495,3,596,0
2024-01-17 13:06:37.56511,3,596,0
2024-01-17 13:06:37.56524,3,596,0
2024-01-17 13:06:37.56539,3,596,0
2024-01-17 13:06:37.56557,3,596,0
2024-01-17 13:06:37.56732,3,596,0
2024-01-17 13:06:37.56793,3,596,0
2024-01-17 13:06:37.56822,3,596,0
2024-01-17 13:06:37.56833,3,596,0
2024-01-17 13:06:37.56842,3,596,0
2024-01-17 13:06:37.56854,3,596,0
2024-01-17 13:06:37.56866,3,596,0
2024-01-17 13:06:37.56881,3,596,0
2024-01-17 13:06:37.56895,3,596,0
2024-01-17 13:06:37.56911,3,596,0
2024-01-17 13:06:37.56932,3,596,0
2024-01-17 13:06:37.56959,3,596,0
2024-01-17 13:06:37.56978,3,596,0
2024-01-17 13:06:37.56991,3,596,0
2024-01-17 13:06:37.57003,3,596,0
2024-01-17 13:06:37.57014,3,596,0
2024-01-17 13:06:37.57024,3,596,0
2024-01-17 13:06:37.57035,3,596,0
2024-01-17 13:06:37.57048,3,596,0
2024-01-17 13:06:37.57059,3,596,0
2024-01-17 13:06:37.57070,3,596,0
2024-01-17 13:06:37.57080,3,596,0
2024-01-17 13:06:37.57091,3,596,0
2024-01-17 13:06:37.57104,3,596,0
2024-01-17 13:06:37.57134,3,596,0
2024-01-17 13:06:37.57146,3,596,0
2024-01-17 13:06:37.57160,3,596,0
2024-01-17 13:06:37.57178,3,596,0
2024-01-17 13:06:37.57206,3,596,0
2024-01-17 13:06:37.57220,3,596,0
2024-01-17 13:06:37.57233,3,596,0
2024-01-17 13:06:37.57246,3,596,0
2024-01-17 13:06:37.57260,3,596,0
2024-01-17 13:06:37.57273,3,596,0
2024-01-17 13:06:37.57285,3,596,0
2024-01-17 13:06:37.57295,3,596,0
2024-01-17 13:06:37.57306,3,596,0
2024-01-17 13:06:37.57317,3,596,0
2024-01-17 13:06:37.57327,3,596,0
2024-01-17 13:06:37.57336,3,596,0
2024-01-17 13:06:37.57349,3,596,0
2024-01-17 13:06:37.57375,3,596,0
2024-01-17 13:06:37.57393,3,596,0
2024-01-17 13:06:37.57413,3,596,0
2024-01-17 13:06:37.57435,3,596,0
2024-01-17 13:06:37.57454,3,596,0
2024-01-17 13:06:37.57477,3,596,0
2024-01-17 13:06:37.57490,3,596,0
2024-01-17 13:06:37.57506,3,596,0
2024-01-17 13:06:37.57523,3,596,0
2024-01-17 13:06:37.57534,3,596,0
2024-01-17 13:06:37.57545,3,596,0
2024-01-17 13:06:37.57558,3,596,0
2024-01-17 13:06:37.57576,3,596,0
2024-01-17 13:06:37.57588,3,596,0
2024-01-17 13:06:37.57608,3,596,0
2024-01-17 13:06:37.57618,3,596,0
2024-01-17 13:06:37.57627,3,596,0
2024-01-17 13:06:37.57640,3,596,0
2024-01-17 13:06:37.57652,3,596,0
2024-01-17 13:06:37.57665,3,596,0
2024-01-17 13:06:37.57674,3,596,0
2024-01-17 13:06:37.57684,3,596,0
2024-01-17 13:06:37.57696,3,596,0
2024-01-17 13:06:37.57707,3,596,0
2024-01-17 13:06:37.57717,3,596,0
2024-01-17 13:06:37.57733,3,596,0
2024-01-17 13:06:37.57742,3,596,0
2024-01-17 13:06:37.57750,3,596,0
2024-01-17 13:06:37.57757,3,596,0
2024-01-17 13:06:37.57766,3,596,0
2024-01-17 13:06:37.57774,3,596,0
2024-01-17 13:06:37.57782,3,596,0
2024-01-17 13:06:37.57791,3,596,0
2024-01-17 13:06:37.57799,3,596,0
2024-01-17 13:06:37.57806,3,596,0
2024-01-17 13:06:37.57815,3,596,0
2024-01-17 13:06:37.57822,3,596,0
2024-01-17 13:06:37.57830,3,596,0
2024-01-17 13:06:37.57838,3,596,0
2024-01-17 13:06:37.57845,3,596,0
2024-01-17 13:06:37.57854,3,596,0
2024-01-17 13:06:37.57861,3,596,0
2024-01-17 13:06:37.57869,3,596,0
2024-01-17 13:06:37.57876,3,596,0
2024-01-17 13:06:37.57885,3,596,0
2024-01-17 13:06:37.57893,3,596,0
2024-01-17 13:06:37.57902,3,596,0
2024-01-17 13:06:37.57911,3,596,0
2024-01-17 13:06:37.57920,3,596,0
2024-01-17 13:06:37.57930,3,596,0
2024-01-17 13:06:37.57938,3,596,0
2024-01-17 13:06:37.57949,3,596,0
2024-01-17 13:06:37.57957,3,596,0
2024-01-17 13:06:37.57964,3,596,0
2024-01-17 13:06:37.57971,3,596,0
2024-01-17 13:06:37.57979,3,596,0
2024-01-17 13:06:37.58003,3,596,0
2024-01-17 13:06:37.58013,3,596,0
2024-01-17 13:06:37.58025,3,596,0
2024-01-17 13:06:37.58034,3,596,0
2024-01-17 13:06:37.58043,3,596,0
2024-01-17 13:06:37.58051,3,596,0
2024-01-17 13:06:37.58059,3,596,0
2024-01-17 13:06:37.58066,3,596,0
2024-01-17 13:06:37.58073,3,596,0
2024-01-17 13:06:37.58084,3,596,0
2024-01-17 13:06:37.58092,3,596,0
2024-01-17 13:06:37.58099,3,596,0
2024-01-17 13:06:37.58112,3,596,0
2024-01-17 13:06:37.58122,3,596,0
2024-01-17 13:06:37.58134,3,596,0
2024-01-17 13:06:37.58145,3,596,0
2024-01-17 13:06:37.58154,3,596,0
2024-01-17 13:06:37.58167,3,596,0
2024-01-17 13:06:37.58176,3,596,0
2024-01-17 13:06:37.58184,3,596,0
2024-01-17 13:06:37.58192,3,596,0
2024-01-17 13:06:37.58209,3,596,0
2024-01-17 13:06:37.58217,3,596,0
2024-01-17 13:06:37.58230,3,596,0
2024-01-17 13:06:37.58244,3,596,0
2024-01-17 13:06:37.58253,3,596,0
2024-01-17 13:06:37.58261,3,596,0
2024-01-17 13:06:37.58275,3,596,0
2024-01-17 13:06:37.58287,3,596,0
2024-01-17 13:06:37.58295,3,596,0
2024-01-17 13:06:37.58310,3,596,0
2024-01-17 13:06:37.58328,3,596,0
2024-01-17 13:06:37.58335,3,596,0
2024-01-17 13:06:37.58342,3,596,0
2024-01-17 13:06:37.58349,3,596,0
2024-01-17 13:06:37.58358,3,596,0
2024-01-17 13:06:37.58367,3,596,0
2024-01-17 13:06:37.58374,3,596,0
2024-01-17 13:06:37.58393,3,596,0
2024-01-17 13:06:37.58410,3,596,0
2024-01-17 13:06:37.58428,3,596,0
2024-01-17 13:06:37.58477,3,596,0
2024-01-17 13:06:37.58515,3,596,0
2024-01-17 13:06:37.58523,3,596,0
2024-01-17 13:06:37.58532,3,596,0
2024-01-17 13:06:37.58541,3,596,0
2024-01-17 13:06:37.58548,3,596,0
2024-01-17 13:06:37.58556,3,596,0
2024-01-17 13:06:37.58565,3,596,0
2024-01-17 13:06:37.58576,3,596,0
2024-01-17 13:06:37.58584,3,596,0
2024-01-17 13:06:37.58596,3,596,0
2024-01-17 13:06:37.58604,3,596,0
2024-01-17 13:06:37.58614,3,596,0
2024-01-17 13:06:37.58623,3,596,0
2024-01-17 13:06:37.58633,3,596,0
2024-01-17 13:06:37.58643,3,596,0
2024-01-17 13:06:37.58652,3,596,0
2024-01-17 13:06:37.58662,3,596,0
2024-01-17 13:06:37.58672,3,596,0
2024-01-17 13:06:37.58682,3,596,0
2024-01-17 13:06:37.58692,3,596,0
2024-01-17 13:06:37.58699,3,596,0
2024-01-17 13:06:37.58724,3,596,0
2024-01-17 13:06:37.58734,3,596,0
2024-01-17 13:06:37.58742,3,596,0
2024-01-17 13:06:37.58750,3,596,0
2024-01-17 13:06:37.58758,3,596,0
2024-01-17 13:06:37.58766,3,596,0
2024-01-17 13:06:37.58775,3,596,0
2024-01-17 13:06:37.58785,3,596,0
2024-01-17 13:06:37.58794,3,596,0
2024-01-17 13:06:37.58808,3,596,0
2024-01-17 13:06:37.58829,3,596,0
2024-01-17 13:06:37.58838,3,596,0
2024-01-17 13:06:37.58846,3,596,0
2024-01-17 13:06:37.58860,3,596,0
2024-01-17 13:06:37.58884,3,596,0
2024-01-17 13:06:37.58892,3,596,0
2024-01-17 13:06:37.58902,3,596,0
2024-01-17 13:06:37.58921,3,596,0
2024-01-17 13:06:37.58939,3,596,0
2024-01-17 13:06:37.58949,3,596,0
2024-01-17 13:06:37.58957,3,596,0
2024-01-17 13:06:37.58965,3,596,0
2024-01-17 13:06:37.58972,3,596,0
2024-01-17 13:06:37.58980,3,596,0
2024-01-17 13:06:37.58989,3,596,0
2024-01-17 13:06:37.59008,3,596,0
2024-01-17 13:06:37.59038,3,596,0
2024-01-17 13:06:37.59056,3,596,0
2024-01-17 13:06:37.59074,3,596,0
2024-01-17 13:06:37.59090,3,596,0
2024-01-17 13:06:37.59104,3,596,0
2024-01-17 13:06:37.59116,3,596,0
2024-01-17 13:06:37.59130,3,596,0
2024-01-17 13:06:37.59149,3,596,0
2024-01-17 13:06:37.59167,3,596,0
2024-01-17 13:06:37.59183,3,596,0
2024-01-17 13:06:37.59193,3,596,0
2024-01-17 13:06:37.59205,3,596,0
2024-01-17 13:06:37.59216,3,596,0
2024-01-17 13:06:37.59225,3,596,0
2024-01-17 13:06:37.59234,3,596,0
2024-01-17 13:06:37.59241,3,596,0
2024-01-17 13:06:37.59250,3,596,0
2024-01-17 13:06:37.59258,3,596,0
2024-01-17 13:06:37.59265,3,596,0
2024-01-17 13:06:37.59272,3,596,0
2024-01-17 13:06:37.59281,3,596,0
2024-01-17 13:06:37.59290,3,596,0
2024-01-17 13:06:37.59300,3,596,0
2024-01-17 13:06:37.59311,3,596,0
2024-01-17 13:06:37.59320,3,596,0
2024-01-17 13:06:37.59336,3,596,0
2024-01-17 13:06:37.59345,3,596,0
2024-01-17 13:06:37.59353,3,596,0
2024-01-17 13:06:37.59362,3,596,0
2024-01-17 13:06:37.59369,3,596,0
2024-01-17 13:06:37.59378,3,596,0
2024-01-17 13:06:37.59386,3,596,0
2024-01-17 13:06:37.59394,3,596,0
2024-01-17 13:06:37.59403,3,596,0
2024-01-17 13:06:37.59411,3,596,0
2024-01-17 13:06:37.59422,3,596,0
2024-01-17 13:06:37.59429,3,596,0
2024-01-17 13:06:37.59439,3,596,0
2024-01-17 13:06:37.59450,3,596,0
2024-01-17 13:06:37.59459,3,596,0
2024-01-17 13:06:37.59471,3,596,0
2024-01-17 13:06:37.59483,3,596,0
2024-01-17 13:06:37.59509,3,596,0
2024-01-17 13:06:37.59525,3,596,0
2024-01-17 13:06:37.59534,3,596,0
2024-01-17 13:06:37.59543,3,596,0
2024-01-17 13:06:37.59551,3,596,0
2024-01-17 13:06:37.59559,3,596,0
2024-01-17 13:06:37.59569,3,596,0
2024-01-17 13:06:37.59577,3,596,0
2024-01-17 13:06:37.59589,3,596,0
2024-01-17 13:06:37.59597,3,596,0
2024-01-17 13:06:37.59609,3,596,0
2024-01-17 13:06:37.59629,3,596,0
2024-01-17 13:06:37.59639,3,596,0
2024-01-17 13:06:37.59649,3,596,0
2024-01-17 13:06:37.59657,3,596,0
2024-01-17 13:06:37.59667,3,596,0
2024-01-17 13:06:37.59676,3,596,0
2024-01-17 13:06:37.59686,3,596,0
2024-01-17 13:06:37.59698,3,596,0
2024-01-17 13:06:37.59707,3,596,0
2024-01-17 13:06:37.59716,3,596,0
2024-01-17 13:06:37.59726,3,596,0
2024-01-17 13:06:37.59735,3,596,0
2024-01-17 13:06:37.59742,3,596,0
2024-01-17 13:06:37.59762,3,596,0
2024-01-17 13:06:37.59782,3,596,0
2024-01-17 13:06:37.59797,3,596,0
2024-01-17 13:06:37.59820,3,596,0
2024-01-17 13:06:37.59833,3,596,0
2024-01-17 13:06:37.59841,3,596,0
2024-01-17 13:06:37.59851,3,596,0
2024-01-17 13:06:37.59860,3,596,0
2024-01-17 13:06:37.59869,3,596,0
2024-01-17 13:06:37.59878,3,596,0
2024-01-17 13:06:37.59886,3,596,0
2024-01-17 13:06:37.59895,3,596,0
2024-01-17 13:06:37.59904,3,596,0
2024-01-17 13:06:37.59912,3,596,0
2024-01-17 13:06:37.59921,3,596,0
2024-01-17 13:06:37.59929,3,596,0
2024-01-17 13:06:37.59943,3,596,0
2024-01-17 13:06:37.59958,3,596,0
2024-01-17 13:06:37.59972,3,596,0
2024-01-17 13:06:37.59982,3,596,0
2024-01-17 13:06:37.59994,3,596,0
2024-01-17 13:06:37.60001,3,596,0
2024-01-17 13:06:37.60012,3,596,0
2024-01-17 13:06:37.60023,3,596,0
2024-01-17 13:06:37.60035,3,596,0
2024-01-17 13:06:37.60043,3,596,0
2024-01-17 13:06:37.60051,3,596,0
2024-01-17 13:06:37.60060,3,596,0
2024-01-17 13:06:37.60071,3,596,0
2024-01-17 13:06:37.60082,3,596,0
2024-01-17 13:06:37.60101,3,596,0
2024-01-17 13:06:37.60118,3,596,0
2024-01-17 13:06:37.60132,3,596,0
2024-01-17 13:06:37.60143,3,596,0
2024-01-17 13:06:37.60151,3,596,0
2024-01-17 13:06:37.60163,3,596,0
2024-01-17 13:06:37.60172,3,596,0
2024-01-17 13:06:37.60188,3,596,0
2024-01-17 13:06:37.60205,3,596,0
2024-01-17 13:06:37.60218,3,596,0
2024-01-17 13:06:37.60228,3,596,0
2024-01-17 13:06:37.60237,3,596,0
2024-01-17 13:06:37.60247,3,596,0
2024-01-17 13:06:37.60256,3,596,0
2024-01-17 13:06:37.60266,3,596,0
2024-01-17 13:06:37.60279,3,596,0
2024-01-17 13:06:37.60287,3,596,0
2024-01-17 13:06:37.60303,3,596,0
2024-01-17 13:06:37.60328,3,596,0
2024-01-17 13:06:37.60336,3,596,0
2024-01-17 13:06:37.60346,3,596,0
2024-01-17 13:06:37.60358,3,596,0
2024-01-17 13:06:37.60366,3,596,0
2024-01-17 13:06:37.60373,3,596,0
2024-01-17 13:06:37.60391,3,596,0
2024-01-17 13:06:37.60437,3,596,0
2024-01-17 13:06:37.60447,3,596,0
2024-01-17 13:06:37.60465,3,596,0
2024-01-17 13:06:37.60481,3,596,0
2024-01-17 13:06:37.60494,3,596,0
2024-01-17 13:06:37.60509,3,596,0
2024-01-17 13:06:37.60529,3,596,0
2024-01-17 13:06:37.60550,3,596,0
2024-01-17 13:06:37.60567,3,596,0
2024-01-17 13:06:37.60581,3,596,0
2024-01-17 13:06:37.60591,3,596,0
2024-01-17 13:06:37.60603,3,596,0
2024-01-17 13:06:37.60613,3,596,0
2024-01-17 13:06:37.60624,3,596,0
2024-01-17 13:06:37.60635,3,596,0
2024-01-17 13:06:37.60670,3,596,0
2024-01-17 13:06:37.60692,3,596,0
2024-01-17 13:06:37.60714,3,596,0
2024-01-17 13:06:37.60727,3,596,0
2024-01-17 13:06:37.60735,3,596,0
2024-01-17 13:06:37.60744,3,596,0
2024-01-17 13:06:37.60754,3,596,0
2024-01-17 13:06:37.60764,3,596,0
2024-01-17 13:06:37.60773,3,596,0
2024-01-17 13:06:37.60784,3,596,0
2024-01-17 13:06:37.60793,3,596,0
2024-01-17 13:06:37.60804,3,596,0
2024-01-17 13:06:37.60814,3,596,0
2024-01-17 13:06:37.60826,3,596,0
2024-01-17 13:06:37.60836,3,596,0
2024-01-17 13:06:37.60849,3,596,0
2024-01-17 13:06:37.60863,3,596,0
2024-01-17 13:06:37.60874,3,596,0
2024-01-17 13:06:37.60883,3,596,0
2024-01-17 13:06:37.60892,3,596,0
2024-01-17 13:06:37.60903,3,596,0
2024-01-17 13:06:37.60913,3,596,0
2024-01-17 13:06:37.60921,3,596,0
2024-01-17 13:06:37.60942,3,596,0
2024-01-17 13:06:37.60961,3,596,0
2024-01-17 13:06:37.60980,3,596,0
2024-01-17 13:06:37.61000,3,596,0
2024-01-17 13:06:37.61018,3,596,0
2024-01-17 13:06:37.61039,3,596,0
2024-01-17 13:06:37.61056,3,596,0
2024-01-17 13:06:37.61074,3,596,0
2024-01-17 13:06:37.61103,3,596,0
2024-01-17 13:06:37.61122,3,596,0
2024-01-17 13:06:37.61143,3,596,0
2024-01-17 13:06:37.61168,3,596,0
2024-01-17 13:06:37.61192,3,596,0
2024-01-17 13:06:37.61209,3,596,0
2024-01-17 13:06:37.61236,3,596,0
2024-01-17 13:06:37.61256,3,596,0
2024-01-17 13:06:37.61281,3,596,0
2024-01-17 13:06:37.61299,3,596,0
2024-01-17 13:06:37.61318,3,596,0
2024-01-17 13:06:37.61336,3,596,0
2024-01-17 13:06:37.61355,3,596,0
2024-01-17 13:06:37.61381,3,596,0
2024-01-17 13:06:37.61408,3,596,0
2024-01-17 13:06:37.61417,3,596,0
2024-01-17 13:06:37.61429,3,596,0
2024-01-17 13:06:37.61444,3,596,0
2024-01-17 13:06:37.61460,3,596,0
2024-01-17 13:06:37.61474,3,596,0
2024-01-17 13:06:37.61490,3,596,0
2024-01-17 13:06:37.61510,3,596,0
2024-01-17 13:06:37.61619,3,596,0
2024-01-17 13:06:37.61627,3,596,0
2024-01-17 13:06:37.61636,3,596,0
2024-01-17 13:06:37.61643,3,596,0
2024-01-17 13:06:37.61651,3,596,0
2024-01-17 13:06:37.61660,3,596,0
2024-01-17 13:06:37.61670,3,596,0
2024-01-17 13:06:37.61679,3,596,0
2024-01-17 13:06:37.61687,3,596,0
2024-01-17 13:06:37.61696,3,596,0
2024-01-17 13:06:37.61767,3,596,0
2024-01-17 13:06:37.61797,3,596,0
2024-01-17 13:06:37.61805,3,596,0
2024-01-17 13:06:37.61814,3,596,0
2024-01-17 13:06:37.61823,3,596,0
2024-01-17 13:06:37.61832,3,596,0
2024-01-17 13:06:37.61840,3,596,0
2024-01-17 13:06:37.61849,3,596,0
2024-01-17 13:06:37.61856,3,596,0
2024-01-17 13:06:37.61864,3,596,0
2024-01-17 13:06:37.61872,3,596,0
2024-01-17 13:06:37.61882,3,596,0
2024-01-17 13:06:37.61890,3,596,0
2024-01-17 13:06:37.61898,3,596,0
2024-01-17 13:06:37.61905,3,596,0
2024-01-17 13:06:37.61913,3,596,0
2024-01-17 13:06:37.61921,3,596,0
2024-01-17 13:06:37.61930,3,596,0
2024-01-17 13:06:37.61940,3,596,0
2024-01-17 13:06:37.61950,3,596,0
2024-01-17 13:06:37.61958,3,596,0
2024-01-17 13:06:37.61966,3,596,0
2024-01-17 13:06:37.61974,3,596,0
2024-01-17 13:06:37.61981,3,596,0
2024-01-17 13:06:37.61989,3,596,0
2024-01-17 13:06:37.61996,3,596,0
2024-01-17 13:06:37.62004,3,596,0
2024-01-17 13:06:37.62013,3,596,0
2024-01-17 13:06:37.62027,3,596,0
2024-01-17 13:06:37.62112,3,596,0
2024-01-17 13:06:37.62152,3,596,0
2024-01-17 13:06:37.62160,3,596,0
2024-01-17 13:06:37.62170,3,596,0
2024-01-17 13:06:37.62179,3,596,0
2024-01-17 13:06:37.62188,3,596,0
2024-01-17 13:06:37.62200,3,596,0
2024-01-17 13:06:37.62208,3,596,0
2024-01-17 13:06:37.62219,3,596,0
2024-01-17 13:06:37.62228,3,596,0
2024-01-17 13:06:37.62237,3,596,0
2024-01-17 13:06:37.62243,3,596,0
2024-01-17 13:06:37.62250,3,596,0
2024-01-17 13:06:37.62264,3,596,0
2024-01-17 13:06:37.62280,3,596,0
2024-01-17 13:06:37.62293,3,596,0
2024-01-17 13:06:37.62303,3,596,0
2024-01-17 13:06:37.62310,3,596,0
2024-01-17 13:06:37.62318,3,596,0
2024-01-17 13:06:37.62334,3,596,0
2024-01-17 13:06:37.62351,3,596,0
2024-01-17 13:06:37.62374,3,596,0
2024-01-17 13:06:37.62386,3,596,0
2024-01-17 13:06:37.62403,3,596,0
2024-01-17 13:06:37.62420,3,596,0
2024-01-17 13:06:37.62434,3,596,0
2024-01-17 13:06:37.62448,3,596,0
2024-01-17 13:06:37.62459,3,596,0
2024-01-17 13:06:37.62468,3,596,0
2024-01-17 13:06:37.62480,3,596,0
2024-01-17 13:06:37.62489,3,596,0
2024-01-17 13:06:37.62500,3,596,0
2024-01-17 13:06:37.62509,3,596,0
2024-01-17 13:06:37.62518,3,596,0
2024-01-17 13:06:37.62527,3,596,0
2024-01-17 13:06:37.62536,3,596,0
2024-01-17 13:06:37.62547,3,596,0
2024-01-17 13:06:37.62561,3,596,0
2024-01-17 13:06:37.62572,3,596,0
2024-01-17 13:06:37.62582,3,596,0
2024-01-17 13:06:37.62592,3,596,0
2024-01-17 13:06:37.62602,3,596,0
2024-01-17 13:06:37.62613,3,596,0
2024-01-17 13:06:37.62622,3,596,0
2024-01-17 13:06:37.62634,3,596,0
2024-01-17 13:06:37.62645,3,596,0
2024-01-17 13:06:37.62656,3,596,0
2024-01-17 13:06:37.62667,3,596,0
2024-01-17 13:06:37.62679,3,596,0
2024-01-17 13:06:37.62695,3,596,0
2024-01-17 13:06:37.62706,3,596,0
2024-01-17 13:06:37.62729,3,596,0
2024-01-17 13:06:37.62747,3,596,0
2024-01-17 13:06:37.62763,3,596,0
2024-01-17 13:06:37.62779,3,596,0
2024-01-17 13:06:37.62799,3,596,0
2024-01-17 13:06:37.62811,3,596,0
2024-01-17 13:06:37.62821,3,596,0
2024-01-17 13:06:37.62834,3,596,0
2024-01-17 13:06:37.62850,3,596,0
2024-01-17 13:06:37.62861,3,596,0
2024-01-17 13:06:37.62872,3,596,0
2024-01-17 13:06:37.62883,3,596,0
2024-01-17 13:06:37.62894,3,596,0
2024-01-17 13:06:37.62904,3,596,0
2024-01-17 13:06:37.62914,3,596,0
2024-01-17 13:06:37.62925,3,596,0
2024-01-17 13:06:37.62936,3,596,0
2024-01-17 13:06:37.62947,3,596,0
2024-01-17 13:06:37.62958,3,596,0
2024-01-17 13:06:37.62969,3,596,0
2024-01-17 13:06:37.62978,3,596,0
2024-01-17 13:06:37.62988,3,596,0
2024-01-17 13:06:37.62999,3,596,0
2024-01-17 13:06:37.63011,3,596,0
2024-01-17 13:06:37.63022,3,596,0
2024-01-17 13:06:37.63032,3,596,0
2024-01-17 13:06:37.63044,3,596,0
2024-01-17 13:06:37.63054,3,596,0
2024-01-17 13:06:37.63063,3,596,0
2024-01-17 13:06:37.63073,3,596,0
2024-01-17 13:06:37.63083,3,596,0
2024-01-17 13:06:37.63101,3,596,0
2024-01-17 13:06:37.63113,3,596,0
2024-01-17 13:06:37.63125,3,596,0
2024-01-17 13:06:37.63141,3,596,0
2024-01-17 13:06:37.63167,3,596,0
2024-01-17 13:06:37.63186,3,596,0
2024-01-17 13:06:37.63202,3,596,0
2024-01-17 13:06:37.63220,3,596,0
2024-01-17 13:06:37.63231,3,596,0
2024-01-17 13:06:37.63244,3,596,0
2024-01-17 13:06:37.63254,3,596,0
2024-01-17 13:06:37.63264,3,596,0
2024-01-17 13:06:37.63273,3,596,0
2024-01-17 13:06:37.63284,3,596,0
2024-01-17 13:06:37.63294,3,596,0
2024-01-17 13:06:37.63304,3,596,0
2024-01-17 13:06:37.63315,3,596,0
2024-01-17 13:06:37.63326,3,596,0
2024-01-17 13:06:37.63339,3,596,0
2024-01-17 13:06:37.63349,3,596,0
2024-01-17 13:06:37.63358,3,596,0
2024-01-17 13:06:37.63369,3,596,0
2024-01-17 13:06:37.63378,3,596,0
2024-01-17 13:06:37.63387,3,596,0
2024-01-17 13:06:37.63397,3,596,0
2024-01-17 13:06:37.63407,3,596,0
2024-01-17 13:06:37.63416,3,596,0
2024-01-17 13:06:37.63427,3,596,0
2024-01-17 13:06:37.63438,3,596,0
2024-01-17 13:06:37.63449,3,596,0
2024-01-17 13:06:37.63460,3,596,0
2024-01-17 13:06:37.63477,3,596,0
2024-01-17 13:06:37.63497,3,596,0
2024-01-17 13:06:37.63513,3,596,0
2024-01-17 13:06:37.63530,3,596,0
2024-01-17 13:06:37.63550,3,596,0
2024-01-17 13:06:37.63567,3,596,0
2024-01-17 13:06:37.63584,3,596,0
2024-01-17 13:06:37.63598,3,596,0
2024-01-17 13:06:39.20792,4,1000,0
2024-01-17 13:06:39.20807,4,1000,0
2024-01-17 13:06:39.20827,4,1000,0
2024-01-17 13:06:39.20849,4,1000,0
2024-01-17 13:06:39.20867,4,1000,0
2024-01-17 13:06:39.20882,4,1000,0
2024-01-17 13:06:39.20892,4,1000,0
2024-01-17 13:06:39.20902,4,1000,0
2024-01-17 13:06:39.20910,4,1000,0
2024-01-17 13:06:39.20919,4,1000,0
2024-01-17 13:06:39.20928,4,1000,0
2024-01-17 13:06:39.20936,4,1000,0
2024-01-17 13:06:39.20960,4,1000,0
2024-01-17 13:06:39.20968,4,1000,0
2024-01-17 13:06:39.20975,4,1000,0
2024-01-17 13:06:39.20982,4,1000,0
2024-01-17 13:06:39.20989,4,1000,0
2024-01-17 13:06:39.21011,4,1000,0
2024-01-17 13:06:39.21028,4,1000,0
2024-01-17 13:06:39.21043,4,1000,0
2024-01-17 13:06:39.21059,4,1000,0
2024-01-17 13:06:39.21068,4,1000,0
2024-01-17 13:06:39.21076,4,1000,0
2024-01-17 13:06:39.21083,4,1000,0
2024-01-17 13:06:39.21090,4,1000,0
2024-01-17 13:06:39.21098,4,1000,0
2024-01-17 13:06:39.21105,4,1000,0
2024-01-17 13:06:39.21112,4,1000,0
2024-01-17 13:06:39.21119,4,1000,0
2024-01-17 13:06:39.21126,4,1000,0
2024-01-17 13:06:39.21134,4,1000,0
2024-01-17 13:06:39.21142,4,1000,0
2024-01-17 13:06:39.21149,4,1000,0
2024-01-17 13:06:39.21157,4,1000,0
2024-01-17 13:06:39.21164,4,1000,0
2024-01-17 13:06:39.21172,4,1000,0
2024-01-17 13:06:39.21180,4,1000,0
2024-01-17 13:06:39.21188,4,1000,0
2024-01-17 13:06:39.21195,4,1000,0
2024-01-17 13:06:39.21202,4,1000,0
2024-01-17 13:06:39.21210,4,1000,0
2024-01-17 13:06:39.21218,4,1000,0
2024-01-17 13:06:39.21227,4,1000,0
2024-01-17 13:06:39.21235,4,1000,0
2024-01-17 13:06:39.21243,4,1000,0
2024-01-17 13:06:39.21250,4,1000,0
2024-01-17 13:06:39.21258,4,1000,0
2024-01-17 13:06:39.21266,4,1000,0
2024-01-17 13:06:39.21274,4,1000,0
2024-01-17 13:06:39.21283,4,1000,0
2024-01-17 13:06:39.21290,4,1000,0
2024-01-17 13:06:39.21297,4,1000,0
2024-01-17 13:06:39.21305,4,1000,0
2024-01-17 13:06:39.21311,4,1000,0
2024-01-17 13:06:39.21319,4,1000,0
2024-01-17 13:06:39.21326,4,1000,0
2024-01-17 13:06:39.21333,4,1000,0
2024-01-17 13:06:39.21351,4,1000,0
2024-01-17 13:06:39.21369,4,1000,0
2024-01-17 13:06:39.21378,4,1000,0
2024-01-17 13:06:39.21385,4,1000,0
2024-01-17 13:06:39.21392,4,1000,0
2024-01-17 13:06:39.21398,4,1000,0
2024-01-17 13:06:39.21405,4,1000,0
2024-01-17 13:06:39.21412,4,1000,0
2024-01-17 13:06:39.21421,4,1000,0
2024-01-17 13:06:39.21428,4,1000,0
2024-01-17 13:06:39.21434,4,1000,0
2024-01-17 13:06:39.21443,4,1000,0
2024-01-17 13:06:39.21450,4,1000,0
2024-01-17 13:06:39.21457,4,1000,0
2024-01-17 13:06:39.21464,4,1000,0
2024-01-17 13:06:39.21472,4,1000,0
2024-01-17 13:06:39.21480,4,1000,0
2024-01-17 13:06:39.21488,4,1000,0
2024-01-17 13:06:39.21496,4,1000,0
2024-01-17 13:06:39.21503,4,1000,0
2024-01-17 13:06:39.21509,4,1000,0
2024-01-17 13:06:39.21515,4,1000,0
2024-01-17 13:06:39.21522,4,1000,0
2024-01-17 13:06:39.21529,4,1000,0
2024-01-17 13:06:39.21537,4,1000,0
2024-01-17 13:06:39.21544,4,1000,0
2024-01-17 13:06:39.21550,4,1000,0
2024-01-17 13:06:39.21557,4,1000,0
2024-01-17 13:06:39.21564,4,1000,0
2024-01-17 13:06:39.21571,4,1000,0
2024-01-17 13:06:39.21577,4,1000,0
2024-01-17 13:06:39.21585,4,1000,0
2024-01-17 13:06:39.21593,4,1000,0
2024-01-17 13:06:39.21600,4,1000,0
2024-01-17 13:06:39.21607,4,1000,0
2024-01-17 13:06:39.21615,4,1000,0
2024-01-17 13:06:39.21622,4,1000,0
2024-01-17 13:06:39.21628,4,1000,0
2024-01-17 13:06:39.21635,4,1000,0
2024-01-17 13:06:39.21644,4,1000,0
2024-01-17 13:06:39.21653,4,1000,0
2024-01-17 13:06:39.21660,4,1000,0
2024-01-17 13:06:39.21668,4,1000,0
2024-01-17 13:06:39.21676,4,1000,0
2024-01-17 13:06:39.21685,4,1000,0
2024-01-17 13:06:39.21696,4,1000,0
2024-01-17 13:06:39.21705,4,1000,0
2024-01-17 13:06:39.21713,4,1000,0
2024-01-17 13:06:39.21720,4,1000,0
2024-01-17 13:06:39.21729,4,1000,0
2024-01-17 13:06:39.21737,4,1000,0
2024-01-17 13:06:39.21748,4,1000,0
2024-01-17 13:06:39.21756,4,1000,0
2024-01-17 13:06:39.21765,4,1000,0
2024-01-17 13:06:39.21773,4,1000,0
2024-01-17 13:06:39.21781,4,1000,0
2024-01-17 13:06:39.21788,4,1000,0
2024-01-17 13:06:39.21795,4,1000,0
2024-01-17 13:06:39.21802,4,1000,0
2024-01-17 13:06:39.21808,4,1000,0
2024-01-17 13:06:39.21815,4,1000,0
2024-01-17 13:06:39.21822,4,1000,0
2024-01-17 13:06:39.21829,4,1000,0
2024-01-17 13:06:39.21837,4,1000,0
2024-01-17 13:06:39.21844,4,1000,0
2024-01-17 13:06:39.21851,4,1000,0
2024-01-17 13:06:39.21858,4,1000,0
2024-01-17 13:06:39.21865,4,1000,0
2024-01-17 13:06:39.21871,4,1000,0
2024-01-17 13:06:39.21877,4,1000,0
2024-01-17 13:06:39.21884,4,1000,0
2024-01-17 13:06:39.21891,4,1000,0
2024-01-17 13:06:39.21906,4,1000,0
2024-01-17 13:06:39.21913,4,1000,0
2024-01-17 13:06:39.21922,4,1000,0
2024-01-17 13:06:39.21929,4,1000,0
2024-01-17 13:06:39.21937,4,1000,0
2024-01-17 13:06:39.21945,4,1000,0
2024-01-17 13:06:39.21955,4,1000,0
2024-01-17 13:06:39.21963,4,1000,0
2024-01-17 13:06:39.21972,4,1000,0
2024-01-17 13:06:39.21980,4,1000,0
2024-01-17 13:06:39.21988,4,1000,0
2024-01-17 13:06:39.21998,4,1000,0
2024-01-17 13:06:39.22016,4,1000,0
2024-01-17 13:06:39.22030,4,1000,0
2024-01-17 13:06:39.22047,4,1000,0
2024-01-17 13:06:39.22054,4,1000,0
2024-01-17 13:06:39.22062,4,1000,0
2024-01-17 13:06:39.22069,4,1000,0
2024-01-17 13:06:39.22078,4,1000,0
2024-01-17 13:06:39.22086,4,1000,0
2024-01-17 13:06:39.22094,4,1000,0
2024-01-17 13:06:39.22103,4,1000,0
2024-01-17 13:06:39.22111,4,1000,0
2024-01-17 13:06:39.22118,4,1000,0
2024-01-17 13:06:39.22126,4,1000,0
2024-01-17 13:06:39.22133,4,1000,0
2024-01-17 13:06:39.22140,4,1000,0
2024-01-17 13:06:39.22147,4,1000,0
2024-01-17 13:06:39.22156,4,1000,0
2024-01-17 13:06:39.22163,4,1000,0
2024-01-17 13:06:39.22171,4,1000,0
2024-01-17 13:06:39.22179,4,1000,0
2024-01-17 13:06:39.22188,4,1000,0
2024-01-17 13:06:39.22197,4,1000,0
2024-01-17 13:06:39.22205,4,1000,0
2024-01-17 13:06:39.22215,4,1000,0
2024-01-17 13:06:39.22229,4,1000,0
2024-01-17 13:06:39.22236,4,1000,0
2024-01-17 13:06:39.22245,4,1000,0
2024-01-17 13:06:39.22253,4,1000,0
2024-01-17 13:06:39.22261,4,1000,0
2024-01-17 13:06:39.22269,4,1000,0
2024-01-17 13:06:39.22282,4,1000,0
2024-01-17 13:06:39.22292,4,1000,0
2024-01-17 13:06:39.22303,4,1000,0
2024-01-17 13:06:39.22320,4,1000,0
2024-01-17 13:06:39.22334,4,1000,0
2024-01-17 13:06:39.22350,4,1000,0
2024-01-17 13:06:39.22359,4,1000,0
2024-01-17 13:06:39.22367,4,1000,0
2024-01-17 13:06:39.22375,4,1000,0
2024-01-17 13:06:39.22383,4,1000,0
2024-01-17 13:06:39.22392,4,1000,0
2024-01-17 13:06:39.22400,4,1000,0
2024-01-17 13:06:39.22410,4,1000,0
2024-01-17 13:06:39.22418,4,1000,0
2024-01-17 13:06:39.22426,4,1000,0
2024-01-17 13:06:39.22435,4,1000,0
2024-01-17 13:06:39.22444,4,1000,0
2024-01-17 13:06:39.22452,4,1000,0
2024-01-17 13:06:39.22462,4,1000,0
2024-01-17 13:06:39.22470,4,1000,0
2024-01-17 13:06:39.22480,4,1000,0
2024-01-17 13:06:39.22489,4,1000,0
2024-01-17 13:06:39.22496,4,1000,0
2024-01-17 13:06:39.22504,4,1000,0
2024-01-17 13:06:39.22512,4,1000,0
2024-01-17 13:06:39.22519,4,1000,0
2024-01-17 13:06:39.22526,4,1000,0
2024-01-17 13:06:39.22533,4,1000,0
2024-01-17 13:06:39.22541,4,1000,0
2024-01-17 13:06:39.22548,4,1000,0
2024-01-17 13:06:39.22555,4,1000,0
2024-01-17 13:06:39.22563,4,1000,0
2024-01-17 13:06:39.22572,4,1000,0
2024-01-17 13:06:39.22579,4,1000,0
2024-01-17 13:06:39.22587,4,1000,0
2024-01-17 13:06:39.22596,4,1000,0
2024-01-17 13:06:39.22604,4,1000,0
2024-01-17 13:06:39.22612,4,1000,0
2024-01-17 13:06:39.22620,4,1000,0
2024-01-17 13:06:39.22627,4,1000,0
2024-01-17 13:06:39.22638,4,1000,0
2024-01-17 13:06:39.22646,4,1000,0
2024-01-17 13:06:39.22652,4,1000,0
2024-01-17 13:06:39.22659,4,1000,0
2024-01-17 13:06:39.22672,4,1000,0
2024-01-17 13:06:39.22683,4,1000,0
2024-01-17 13:06:39.22707,4,1000,0
2024-01-17 13:06:39.22716,4,1000,0
2024-01-17 13:06:39.22730,4,1000,0
2024-01-17 13:06:39.22738,4,1000,0
2024-01-17 13:06:39.22750,4,1000,0
2024-01-17 13:06:39.22758,4,1000,0
2024-01-17 13:06:39.22767,4,1000,0
2024-01-17 13:06:39.22776,4,1000,0
2024-01-17 13:06:39.22786,4,1000,0
2024-01-17 13:06:39.22794,4,1000,0
2024-01-17 13:06:39.22801,4,1000,0
2024-01-17 13:06:39.22809,4,1000,0
2024-01-17 13:06:39.22816,4,1000,0
2024-01-17 13:06:39.22824,4,1000,0
2024-01-17 13:06:39.22831,4,1000,0
2024-01-17 13:06:39.22839,4,1000,0
2024-01-17 13:06:39.22846,4,1000,0
2024-01-17 13:06:39.22854,4,1000,0
2024-01-17 13:06:39.22862,4,1000,0
2024-01-17 13:06:39.22871,4,1000,0
2024-01-17 13:06:39.22880,4,1000,0
2024-01-17 13:06:39.22889,4,1000,0
2024-01-17 13:06:39.22898,4,1000,0
2024-01-17 13:06:39.22911,4,1000,0
2024-01-17 13:06:39.22921,4,1000,0
2024-01-17 13:06:39.22930,4,1000,0
2024-01-17 13:06:39.22949,4,1000,0
2024-01-17 13:06:39.22968,4,1000,0
2024-01-17 13:06:39.22989,4,1000,0
2024-01-17 13:06:39.23145,4,1000,0
2024-01-17 13:06:39.23155,4,1000,0
2024-01-17 13:06:39.23168,4,1000,0
2024-01-17 13:06:39.23185,4,1000,0
2024-01-17 13:06:39.23197,4,1000,0
2024-01-17 13:06:39.23210,4,1000,0
2024-01-17 13:06:39.23229,4,1000,0
2024-01-17 13:06:39.23242,4,1000,0
2024-01-17 13:06:39.23256,4,1000,0
2024-01-17 13:06:39.23271,4,1000,0
2024-01-17 13:06:39.23287,4,1000,0
2024-01-17 13:06:39.23300,4,1000,0
2024-01-17 13:06:39.23310,4,1000,0
2024-01-17 13:06:39.23318,4,1000,0
2024-01-17 13:06:39.23334,4,1000,0
2024-01-17 13:06:39.23349,4,1000,0
2024-01-17 13:06:39.23364,4,1000,0
2024-01-17 13:06:39.23379,4,1000,0
2024-01-17 13:06:39.23398,4,1000,0
2024-01-17 13:06:39.23409,4,1000,0
2024-01-17 13:06:39.23423,4,1000,0
2024-01-17 13:06:39.23436,4,1000,0
2024-01-17 13:06:39.23451,4,1000,0
2024-01-17 13:06:39.23461,4,1000,0
2024-01-17 13:06:39.23472,4,1000,0
2024-01-17 13:06:39.23481,4,1000,0
2024-01-17 13:06:39.23491,4,1000,0
2024-01-17 13:06:39.23500,4,1000,0
2024-01-17 13:06:39.23509,4,1000,0
2024-01-17 13:06:39.23529,4,1000,0
2024-01-17 13:06:39.23546,4,1000,0
2024-01-17 13:06:39.23558,4,1000,0
2024-01-17 13:06:39.23569,4,1000,0
2024-01-17 13:06:39.23585,4,1000,0
2024-01-17 13:06:39.23597,4,1000,0
2024-01-17 13:06:39.23608,4,1000,0
2024-01-17 13:06:39.23618,4,1000,0
2024-01-17 13:06:39.23632,4,1000,0
2024-01-17 13:06:39.23642,4,1000,0
2024-01-17 13:06:39.23653,4,1000,0
2024-01-17 13:06:39.23666,4,1000,0
2024-01-17 13:06:39.23681,4,1000,0
2024-01-17 13:06:39.23699,4,1000,0
2024-01-17 13:06:39.23710,4,1000,0
2024-01-17 13:06:39.23721,4,1000,0
2024-01-17 13:06:39.23732,4,1000,0
2024-01-17 13:06:39.23743,4,1000,0
2024-01-17 13:06:39.23755,4,1000,0
2024-01-17 13:06:39.23767,4,1000,0
2024-01-17 13:06:39.23778,4,1000,0
2024-01-17 13:06:39.23802,4,1000,0
2024-01-17 13:06:39.23818,4,1000,0
2024-01-17 13:06:39.23839,4,1000,0
2024-01-17 13:06:39.23852,4,1000,0
2024-01-17 13:06:39.23863,4,1000,0
2024-01-17 13:06:39.23874,4,1000,0
2024-01-17 13:06:39.23885,4,1000,0
2024-01-17 13:06:39.23897,4,1000,0
2024-01-17 13:06:39.23907,4,1000,0
2024-01-17 13:06:39.23916,4,1000,0
2024-01-17 13:06:39.23925,4,1000,0
2024-01-17 13:06:39.23935,4,1000,0
2024-01-17 13:06:39.23946,4,1000,0
2024-01-17 13:06:39.23956,4,1000,0
2024-01-17 13:06:39.23965,4,1000,0
2024-01-17 13:06:39.23974,4,1000,0
2024-01-17 13:06:39.23986,4,1000,0
2024-01-17 13:06:39.23996,4,1000,0
2024-01-17 13:06:39.24006,4,1000,0
2024-01-17 13:06:39.24016,4,1000,0
2024-01-17 13:06:39.24025,4,1000,0
2024-01-17 13:06:39.24037,4,1000,0
2024-01-17 13:06:39.24049,4,1000,0
2024-01-17 13:06:39.24060,4,1000,0
2024-01-17 13:06:39.24070,4,1000,0
2024-01-17 13:06:39.24081,4,1000,0
2024-01-17 13:06:39.24099,4,1000,0
2024-01-17 13:06:39.24112,4,1000,0
2024-01-17 13:06:39.24126,4,1000,0
2024-01-17 13:06:39.24142,4,1000,0
2024-01-17 13:06:39.24154,4,1000,0
2024-01-17 13:06:39.24165,4,1000,0
2024-01-17 13:06:39.24176,4,1000,0
2024-01-17 13:06:39.24189,4,1000,0
2024-01-17 13:06:39.24199,4,1000,0
2024-01-17 13:06:39.24212,4,1000,0
2024-01-17 13:06:39.24224,4,1000,0
2024-01-17 13:06:39.24245,4,1000,0
2024-01-17 13:06:39.24265,4,1000,0
2024-01-17 13:06:39.24282,4,1000,0
2024-01-17 13:06:39.24305,4,1000,0
2024-01-17 13:06:39.24318,4,1000,0
2024-01-17 13:06:39.24327,4,1000,0
2024-01-17 13:06:39.24339,4,1000,0
2024-01-17 13:06:39.24350,4,1000,0
2024-01-17 13:06:39.24360,4,1000,0
2024-01-17 13:06:39.24372,4,1000,0
2024-01-17 13:06:39.24383,4,1000,0
2024-01-17 13:06:39.24394,4,1000,0
2024-01-17 13:06:39.24407,4,1000,0
2024-01-17 13:06:39.24426,4,1000,0
2024-01-17 13:06:39.24441,4,1000,0
2024-01-17 13:06:39.24459,4,1000,0
2024-01-17 13:06:39.24477,4,1000,0
2024-01-17 13:06:39.24493,4,1000,0
2024-01-17 13:06:39.24507,4,1000,0
2024-01-17 13:06:39.24522,4,1000,0
2024-01-17 13:06:39.24537,4,1000,0
2024-01-17 13:06:39.24551,4,1000,0
2024-01-17 13:06:39.24565,4,1000,0
2024-01-17 13:06:39.24587,4,1000,0
2024-01-17 13:06:39.24598,4,1000,0
2024-01-17 13:06:39.24607,4,1000,0
2024-01-17 13:06:39.24616,4,1000,0
2024-01-17 13:06:39.24626,4,1000,0
2024-01-17 13:06:39.24635,4,1000,0
2024-01-17 13:06:39.24645,4,1000,0
2024-01-17 13:06:39.24681,4,1000,0
2024-01-17 13:06:39.24691,4,1000,0
2024-01-17 13:06:39.24702,4,1000,0
2024-01-17 13:06:39.24717,4,1000,0
2024-01-17 13:06:39.24727,4,1000,0
2024-01-17 13:06:39.24742,4,1000,0
2024-01-17 13:06:39.24756,4,1000,0
2024-01-17 13:06:39.24766,4,1000,0
2024-01-17 13:06:39.24776,4,1000,0
2024-01-17 13:06:39.24785,4,1000,0
2024-01-17 13:06:39.24797,4,1000,0
2024-01-17 13:06:39.24810,4,1000,0
2024-01-17 13:06:39.24831,4,1000,0
2024-01-17 13:06:39.24842,4,1000,0
2024-01-17 13:06:39.24852,4,1000,0
2024-01-17 13:06:39.24863,4,1000,0
2024-01-17 13:06:39.24874,4,1000,0
2024-01-17 13:06:39.24887,4,1000,0
2024-01-17 13:06:39.24903,4,1000,0
2024-01-17 13:06:39.24913,4,1000,0
2024-01-17 13:06:39.24923,4,1000,0
2024-01-17 13:06:39.24934,4,1000,0
2024-01-17 13:06:39.24945,4,1000,0
2024-01-17 13:06:39.24957,4,1000,0
2024-01-17 13:06:39.24969,4,1000,0
2024-01-17 13:06:39.24978,4,1000,0
2024-01-17 13:06:39.24992,4,1000,0
2024-01-17 13:06:39.25004,4,1000,0
2024-01-17 13:06:39.25015,4,1000,0
2024-01-17 13:06:39.25025,4,1000,0
2024-01-17 13:06:39.25056,4,1000,0
2024-01-17 13:06:39.25072,4,1000,0
2024-01-17 13:06:39.25099,4,1000,0
2024-01-17 13:06:39.25117,4,1000,0
2024-01-17 13:06:39.25127,4,1000,0
2024-01-17 13:06:39.25145,4,1000,0
2024-01-17 13:06:39.25162,4,1000,0
2024-01-17 13:06:39.25184,4,1000,0
2024-01-17 13:06:39.25194,4,1000,0
2024-01-17 13:06:39.25205,4,1000,0
2024-01-17 13:06:39.25216,4,1000,0
2024-01-17 13:06:39.25227,4,1000,0
2024-01-17 13:06:39.25238,4,1000,0
2024-01-17 13:06:39.25252,4,1000,0
2024-01-17 13:06:39.25266,4,1000,0
2024-01-17 13:06:39.25286,4,1000,0
2024-01-17 13:06:39.25299,4,1000,0
2024-01-17 13:06:39.25319,4,1000,0
2024-01-17 13:06:39.25332,4,1000,0
2024-01-17 13:06:39.25346,4,1000,0
2024-01-17 13:06:39.25355,4,1000,0
2024-01-17 13:06:39.25365,4,1000,0
2024-01-17 13:06:39.25386,4,1000,0
2024-01-17 13:06:39.25397,4,1000,0
2024-01-17 13:06:39.25407,4,1000,0
2024-01-17 13:06:39.25417,4,1000,0
2024-01-17 13:06:39.25429,4,1000,0
2024-01-17 13:06:39.25446,4,1000,0
2024-01-17 13:06:39.25457,4,1000,0
2024-01-17 13:06:39.25469,4,1000,0
2024-01-17 13:06:39.25481,4,1000,0
2024-01-17 13:06:39.25490,4,1000,0
2024-01-17 13:06:39.25501,4,1000,0
2024-01-17 13:06:39.25551,4,1000,0
2024-01-17 13:06:39.25563,4,1000,0
2024-01-17 13:06:39.25587,4,1000,0
2024-01-17 13:06:39.25620,4,1000,0
2024-01-17 13:06:39.25646,4,1000,0
2024-01-17 13:06:39.25659,4,1000,0
2024-01-17 13:06:39.25671,4,1000,0
2024-01-17 13:06:39.25681,4,1000,0
2024-01-17 13:06:39.25692,4,1000,0
2024-01-17 13:06:39.25702,4,1000,0
2024-01-17 13:06:39.25712,4,1000,0
2024-01-17 13:06:39.25724,4,1000,0
2024-01-17 13:06:39.25735,4,1000,0
2024-01-17 13:06:39.25749,4,1000,0
2024-01-17 13:06:39.25766,4,1000,0
2024-01-17 13:06:39.25783,4,1000,0
2024-01-17 13:06:39.25800,4,1000,0
2024-01-17 13:06:39.25816,4,1000,0
2024-01-17 13:06:39.25833,4,1000,0
2024-01-17 13:06:39.25852,4,1000,0
2024-01-17 13:06:39.25873,4,1000,0
2024-01-17 13:06:39.25890,4,1000,0
2024-01-17 13:06:39.26306,4,1000,0
2024-01-17 13:06:39.26320,4,1000,0
2024-01-17 13:06:39.26454,4,1000,0
2024-01-17 13:06:39.26550,4,1000,0
2024-01-17 13:06:39.26576,4,1000,0
2024-01-17 13:06:39.27031,4,1000,0
2024-01-17 13:06:39.27203,4,1000,0
2024-01-17 13:06:39.27379,4,1000,0
2024-01-17 13:06:39.27441,4,1000,0
2024-01-17 13:06:39.27459,4,1000,0
2024-01-17 13:06:39.27474,4,1000,0
2024-01-17 13:06:39.27495,4,1000,0
2024-01-17 13:06:39.27517,4,1000,0
2024-01-17 13:06:39.27533,4,1000,0
2024-01-17 13:06:39.27553,4,1000,0
2024-01-17 13:06:39.27571,4,1000,0
2024-01-17 13:06:39.27655,4,1000,0
2024-01-17 13:06:39.27721,4,1000,0
2024-01-17 13:06:39.27743,4,1000,0
2024-01-17 13:06:39.27768,4,1000,0
2024-01-17 13:06:39.27801,4,1000,0
2024-01-17 13:06:39.27822,4,1000,0
2024-01-17 13:06:39.27834,4,1000,0
2024-01-17 13:06:39.27845,4,1000,0
2024-01-17 13:06:39.27856,4,1000,0
2024-01-17 13:06:39.27869,4,1000,0
2024-01-17 13:06:39.27881,4,1000,0
2024-01-17 13:06:39.27891,4,1000,0
2024-01-17 13:06:39.27907,4,1000,0
2024-01-17 13:06:39.27919,4,1000,0
2024-01-17 13:06:39.27930,4,1000,0
2024-01-17 13:06:39.27941,4,1000,0
2024-01-17 13:06:39.27962,4,1000,0
2024-01-17 13:06:39.27971,4,1000,0
2024-01-17 13:06:39.27979,4,1000,0
2024-01-17 13:06:39.27988,4,1000,0
2024-01-17 13:06:39.27996,4,1000,0
2024-01-17 13:06:39.28005,4,1000,0
2024-01-17 13:06:39.28016,4,1000,0
2024-01-17 13:06:39.28025,4,1000,0
2024-01-17 13:06:39.28034,4,1000,0
2024-01-17 13:06:39.28043,4,1000,0
2024-01-17 13:06:39.28053,4,1000,0
2024-01-17 13:06:39.28065,4,1000,0
2024-01-17 13:06:39.28074,4,1000,0
2024-01-17 13:06:39.28083,4,1000,0
2024-01-17 13:06:39.28091,4,1000,0
2024-01-17 13:06:39.28111,4,1000,0
2024-01-17 13:06:39.28123,4,1000,0
2024-01-17 13:06:39.28133,4,1000,0
2024-01-17 13:06:39.28142,4,1000,0
2024-01-17 13:06:39.28155,4,1000,0
2024-01-17 13:06:39.28165,4,1000,0
2024-01-17 13:06:39.28174,4,1000,0
2024-01-17 13:06:39.28183,4,1000,0
2024-01-17 13:06:39.28192,4,1000,0
2024-01-17 13:06:39.28201,4,1000,0
2024-01-17 13:06:39.28210,4,1000,0
2024-01-17 13:06:39.28218,4,1000,0
2024-01-17 13:06:39.28227,4,1000,0
2024-01-17 13:06:39.28235,4,1000,0
2024-01-17 13:06:39.28243,4,1000,0
2024-01-17 13:06:39.28254,4,1000,0
2024-01-17 13:06:39.28262,4,1000,0
2024-01-17 13:06:39.28270,4,1000,0
2024-01-17 13:06:39.28278,4,1000,0
2024-01-17 13:06:39.28286,4,1000,0
2024-01-17 13:06:39.28294,4,1000,0
2024-01-17 13:06:39.28304,4,1000,0
2024-01-17 13:06:39.28312,4,1000,0
2024-01-17 13:06:39.28321,4,1000,0
2024-01-17 13:06:39.28329,4,1000,0
2024-01-17 13:06:39.28337,4,1000,0
2024-01-17 13:06:39.28348,4,1000,0
2024-01-17 13:06:39.28357,4,1000,0
2024-01-17 13:06:39.28378,4,1000,0
2024-01-17 13:06:39.28392,4,1000,0
2024-01-17 13:06:39.28416,4,1000,0
2024-01-17 13:06:39.28426,4,1000,0
2024-01-17 13:06:39.28434,4,1000,0
2024-01-17 13:06:39.28443,4,1000,0
2024-01-17 13:06:39.28450,4,1000,0
2024-01-17 13:06:39.28459,4,1000,0
2024-01-17 13:06:39.28468,4,1000,0
2024-01-17 13:06:39.28476,4,1000,0
2024-01-17 13:06:39.28484,4,1000,0
2024-01-17 13:06:39.28494,4,1000,0
2024-01-17 13:06:39.28502,4,1000,0
2024-01-17 13:06:39.28512,4,1000,0
2024-01-17 13:06:39.28521,4,1000,0
2024-01-17 13:06:39.28531,4,1000,0
2024-01-17 13:06:39.28540,4,1000,0
2024-01-17 13:06:39.28549,4,1000,0
2024-01-17 13:06:39.28557,4,1000,0
2024-01-17 13:06:39.28567,4,1000,0
2024-01-17 13:06:39.28576,4,1000,0
2024-01-17 13:06:39.28585,4,1000,0
2024-01-17 13:06:39.28596,4,1000,0
2024-01-17 13:06:39.28604,4,1000,0
2024-01-17 13:06:39.28612,4,1000,0
2024-01-17 13:06:39.28621,4,1000,0
2024-01-17 13:06:39.28634,4,1000,0
2024-01-17 13:06:39.28654,4,1000,0
2024-01-17 13:06:39.28668,4,1000,0
2024-01-17 13:06:39.28682,4,1000,0
2024-01-17 13:06:39.28709,4,1000,0
2024-01-17 13:06:39.28723,4,1000,0
2024-01-17 13:06:39.28733,4,1000,0
2024-01-17 13:06:39.28741,4,1000,0
2024-01-17 13:06:39.28749,4,1000,0
2024-01-17 13:06:39.28758,4,1000,0
2024-01-17 13:06:39.28767,4,1000,0
2024-01-17 13:06:39.28776,4,1000,0
2024-01-17 13:06:39.28784,4,1000,0
2024-01-17 13:06:39.28793,4,1000,0
2024-01-17 13:06:39.28802,4,1000,0
2024-01-17 13:06:39.28811,4,1000,0
2024-01-17 13:06:39.28819,4,1000,0
2024-01-17 13:06:39.28827,4,1000,0
2024-01-17 13:06:39.28835,4,1000,0
2024-01-17 13:06:39.28843,4,1000,0
2024-01-17 13:06:39.28851,4,1000,0
2024-01-17 13:06:39.28863,4,1000,0
2024-01-17 13:06:39.28873,4,1000,0
2024-01-17 13:06:39.28882,4,1000,0
2024-01-17 13:06:39.28891,4,1000,0
2024-01-17 13:06:39.28899,4,1000,0
2024-01-17 13:06:39.28909,4,1000,0
2024-01-17 13:06:39.28918,4,1000,0
2024-01-17 13:06:39.28927,4,1000,0
2024-01-17 13:06:39.28935,4,1000,0
2024-01-17 13:06:39.28944,4,1000,0
2024-01-17 13:06:39.28952,4,1000,0
2024-01-17 13:06:39.28960,4,1000,0
2024-01-17 13:06:39.28969,4,1000,0
2024-01-17 13:06:39.28977,4,1000,0
2024-01-17 13:06:39.28986,4,1000,0
2024-01-17 13:06:39.28995,4,1000,0
2024-01-17 13:06:39.29004,4,1000,0
2024-01-17 13:06:39.29012,4,1000,0
2024-01-17 13:06:39.29021,4,1000,0
2024-01-17 13:06:39.29029,4,1000,0
2024-01-17 13:06:39.29038,4,1000,0
2024-01-17 13:06:39.29047,4,1000,0
2024-01-17 13:06:39.29056,4,1000,0
2024-01-17 13:06:39.29065,4,1000,0
2024-01-17 13:06:39.29074,4,1000,0
2024-01-17 13:06:39.29083,4,1000,0
2024-01-17 13:06:39.29092,4,1000,0
2024-01-17 13:06:39.29137,4,1000,0
2024-01-17 13:06:39.29147,4,1000,0
2024-01-17 13:06:39.29155,4,1000,0
2024-01-17 13:06:39.29163,4,1000,0
2024-01-17 13:06:39.29172,4,1000,0
2024-01-17 13:06:39.29180,4,1000,0
2024-01-17 13:06:39.29191,4,1000,0
2024-01-17 13:06:39.29200,4,1000,0
2024-01-17 13:06:39.29209,4,1000,0
2024-01-17 13:06:39.29222,4,1000,0
2024-01-17 13:06:39.29231,4,1000,0
2024-01-17 13:06:39.29243,4,1000,0
2024-01-17 13:06:39.29253,4,1000,0
2024-01-17 13:06:39.29262,4,1000,0
2024-01-17 13:06:39.29271,4,1000,0
2024-01-17 13:06:39.29280,4,1000,0
2024-01-17 13:06:39.29290,4,1000,0
2024-01-17 13:06:39.29299,4,1000,0
2024-01-17 13:06:39.29307,4,1000,0
2024-01-17 13:06:39.29317,4,1000,0
2024-01-17 13:06:39.29327,4,1000,0
2024-01-17 13:06:39.29336,4,1000,0
2024-01-17 13:06:39.29345,4,1000,0
2024-01-17 13:06:39.29362,4,1000,0
2024-01-17 13:06:39.29372,4,1000,0
2024-01-17 13:06:39.29381,4,1000,0
2024-01-17 13:06:39.29390,4,1000,0
2024-01-17 13:06:39.29402,4,1000,0
2024-01-17 13:06:39.29411,4,1000,0
2024-01-17 13:06:39.29420,4,1000,0
2024-01-17 13:06:39.29430,4,1000,0
2024-01-17 13:06:39.30636,4,1000,0
2024-01-17 13:06:39.30662,4,1000,0
2024-01-17 13:06:39.30679,4,1000,0
2024-01-17 13:06:39.30688,4,1000,0
2024-01-17 13:06:39.30697,4,1000,0
2024-01-17 13:06:39.30710,4,1000,0
2024-01-17 13:06:39.30721,4,1000,0
2024-01-17 13:06:39.30732,4,1000,0
2024-01-17 13:06:39.30742,4,1000,0
2024-01-17 13:06:39.30750,4,1000,0
2024-01-17 13:06:39.30759,4,1000,0
2024-01-17 13:06:39.30783,4,1000,0
2024-01-17 13:06:39.30797,4,1000,0
2024-01-17 13:06:39.30810,4,1000,0
2024-01-17 13:06:39.30824,4,1000,0
2024-01-17 13:06:39.30839,4,1000,0
2024-01-17 13:06:39.30850,4,1000,0
2024-01-17 13:06:39.30861,4,1000,0
2024-01-17 13:06:39.30870,4,1000,0
2024-01-17 13:06:39.30880,4,1000,0
2024-01-17 13:06:39.30888,4,1000,0
2024-01-17 13:06:39.30896,4,1000,0
2024-01-17 13:06:39.30904,4,1000,0
2024-01-17 13:06:39.30913,4,1000,0
2024-01-17 13:06:39.30922,4,1000,0
2024-01-17 13:06:39.30931,4,1000,0
2024-01-17 13:06:39.30939,4,1000,0
2024-01-17 13:06:39.30948,4,1000,0
2024-01-17 13:06:39.30965,4,1000,0
2024-01-17 13:06:39.30978,4,1000,0
2024-01-17 13:06:39.30991,4,1000,0
2024-01-17 13:06:39.31004,4,1000,0
2024-01-17 13:06:39.31017,4,1000,0
2024-01-17 13:06:39.31029,4,1000,0
2024-01-17 13:06:39.31040,4,1000,0
2024-01-17 13:06:39.31056,4,1000,0
2024-01-17 13:06:39.31066,4,1000,0
2024-01-17 13:06:39.31076,4,1000,0
2024-01-17 13:06:39.31091,4,1000,0
2024-01-17 13:06:39.31105,4,1000,0
2024-01-17 13:06:39.31121,4,1000,0
2024-01-17 13:06:39.31130,4,1000,0
2024-01-17 13:06:39.31138,4,1000,0
2024-01-17 13:06:39.31147,4,1000,0
2024-01-17 13:06:39.31155,4,1000,0
2024-01-17 13:06:39.31164,4,1000,0
2024-01-17 13:06:39.31171,4,1000,0
2024-01-17 13:06:39.31180,4,1000,0
2024-01-17 13:06:39.31191,4,1000,0
2024-01-17 13:06:39.31200,4,1000,0
2024-01-17 13:06:39.31210,4,1000,0
2024-01-17 13:06:39.31219,4,1000,0
2024-01-17 13:06:39.31227,4,1000,0
2024-01-17 13:06:39.31235,4,1000,0
2024-01-17 13:06:39.31249,4,1000,0
2024-01-17 13:06:39.31259,4,1000,0
2024-01-17 13:06:39.31269,4,1000,0
2024-01-17 13:06:39.31277,4,1000,0
2024-01-17 13:06:39.31286,4,1000,0
2024-01-17 13:06:39.31296,4,1000,0
2024-01-17 13:06:39.31305,4,1000,0
2024-01-17 13:06:39.31313,4,1000,0
2024-01-17 13:06:39.31321,4,1000,0
2024-01-17 13:06:39.31329,4,1000,0
2024-01-17 13:06:39.31337,4,1000,0
2024-01-17 13:06:39.31347,4,1000,0
2024-01-17 13:06:39.31357,4,1000,0
2024-01-17 13:06:39.31366,4,1000,0
2024-01-17 13:06:39.31374,4,1000,0
2024-01-17 13:06:39.31383,4,1000,0
2024-01-17 13:06:39.31391,4,1000,0
2024-01-17 13:06:39.31399,4,1000,0
2024-01-17 13:06:39.31410,4,1000,0
2024-01-17 13:06:39.31420,4,1000,0
2024-01-17 13:06:39.31428,4,1000,0
2024-01-17 13:06:39.31436,4,1000,0
2024-01-17 13:06:39.31444,4,1000,0
2024-01-17 13:06:39.31452,4,1000,0
2024-01-17 13:06:39.31459,4,1000,0
2024-01-17 13:06:39.31467,4,1000,0
2024-01-17 13:06:39.31476,4,1000,0
2024-01-17 13:06:39.31484,4,1000,0
2024-01-17 13:06:39.31495,4,1000,0
2024-01-17 13:06:39.31505,4,1000,0
2024-01-17 13:06:39.31513,4,1000,0
2024-01-17 13:06:39.31521,4,1000,0
2024-01-17 13:06:39.31529,4,1000,0
2024-01-17 13:06:39.31559,4,1000,0
2024-01-17 13:06:39.31569,4,1000,0
2024-01-17 13:06:39.31580,4,1000,0
2024-01-17 13:06:39.31588,4,1000,0
2024-01-17 13:06:39.31598,4,1000,0
2024-01-17 13:06:39.31607,4,1000,0
2024-01-17 13:06:39.31617,4,1000,0
2024-01-17 13:06:39.31627,4,1000,0
2024-01-17 13:06:39.31636,4,1000,0
2024-01-17 13:06:39.31645,4,1000,0
2024-01-17 13:06:39.31654,4,1000,0
2024-01-17 13:06:39.31665,4,1000,0
2024-01-17 13:06:39.31676,4,1000,0
2024-01-17 13:06:39.31698,4,1000,0
2024-01-17 13:06:39.31709,4,1000,0
2024-01-17 13:06:39.31719,4,1000,0
2024-01-17 13:06:39.31729,4,1000,0
2024-01-17 13:06:39.31739,4,1000,0
2024-01-17 13:06:39.31749,4,1000,0
2024-01-17 13:06:39.31759,4,1000,0
2024-01-17 13:06:39.31774,4,1000,0
2024-01-17 13:06:39.31797,4,1000,0
2024-01-17 13:06:39.31811,4,1000,0
2024-01-17 13:06:39.31826,4,1000,0
2024-01-17 13:06:39.31845,4,1000,0
2024-01-17 13:06:39.31855,4,1000,0
2024-01-17 13:06:39.31864,4,1000,0
2024-01-17 13:06:39.31874,4,1000,0
2024-01-17 13:06:39.31887,4,1000,0
2024-01-17 13:06:39.31896,4,1000,0
2024-01-17 13:06:39.31905,4,1000,0
2024-01-17 13:06:39.31918,4,1000,0
2024-01-17 13:06:39.31928,4,1000,0
2024-01-17 13:06:39.31937,4,1000,0
2024-01-17 13:06:39.31946,4,1000,0
2024-01-17 13:06:39.31957,4,1000,0
2024-01-17 13:06:39.31966,4,1000,0
2024-01-17 13:06:39.31977,4,1000,0
2024-01-17 13:06:39.31988,4,1000,0
2024-01-17 13:06:39.31997,4,1000,0
2024-01-17 13:06:39.32006,4,1000,0
2024-01-17 13:06:39.32017,4,1000,0
2024-01-17 13:06:39.32029,4,1000,0
2024-01-17 13:06:39.32040,4,1000,0
2024-01-17 13:06:39.32050,4,1000,0
2024-01-17 13:06:39.32079,4,1000,0
2024-01-17 13:06:39.32096,4,1000,0
2024-01-17 13:06:39.32114,4,1000,0
2024-01-17 13:06:39.32131,4,1000,0
2024-01-17 13:06:39.32148,4,1000,0
2024-01-17 13:06:39.32162,4,1000,0
2024-01-17 13:06:39.32172,4,1000,0
2024-01-17 13:06:39.32183,4,1000,0
2024-01-17 13:06:39.32192,4,1000,0
2024-01-17 13:06:39.32202,4,1000,0
2024-01-17 13:06:39.32212,4,1000,0
2024-01-17 13:06:39.32226,4,1000,0
2024-01-17 13:06:39.32237,4,1000,0
2024-01-17 13:06:39.32248,4,1000,0
2024-01-17 13:06:39.32259,4,1000,0
2024-01-17 13:06:39.32270,4,1000,0
2024-01-17 13:06:39.32282,4,1000,0
2024-01-17 13:06:39.32291,4,1000,0
2024-01-17 13:06:39.32302,4,1000,0
2024-01-17 13:06:39.32313,4,1000,0
2024-01-17 13:06:39.32323,4,1000,0
2024-01-17 13:06:39.32335,4,1000,0
2024-01-17 13:06:39.32347,4,1000,0
2024-01-17 13:06:39.32357,4,1000,0
2024-01-17 13:06:39.32371,4,1000,0
2024-01-17 13:06:39.32385,4,1000,0
2024-01-17 13:06:39.32396,4,1000,0
2024-01-17 13:06:39.32407,4,1000,0
2024-01-17 13:06:39.32420,4,1000,0
2024-01-17 13:06:39.32433,4,1000,0
2024-01-17 13:06:39.32444,4,1000,0
2024-01-17 13:06:39.32458,4,1000,0
2024-01-17 13:06:39.32472,4,1000,0
2024-01-17 13:06:39.32486,4,1000,0
2024-01-17 13:06:39.32501,4,1000,0
2024-01-17 13:06:39.32516,4,1000,0
2024-01-17 13:06:39.32542,4,1000,0
2024-01-17 13:06:39.32558,4,1000,0
2024-01-17 13:06:39.32572,4,1000,0
2024-01-17 13:06:39.32588,4,1000,0
2024-01-17 13:06:39.32604,4,1000,0
2024-01-17 13:06:39.32619,4,1000,0
2024-01-17 13:06:39.32633,4,1000,0
2024-01-17 13:06:39.32646,4,1000,0
2024-01-17 13:06:39.32661,4,1000,0
2024-01-17 13:06:39.32675,4,1000,0
2024-01-17 13:06:39.32692,4,1000,0
2024-01-17 13:06:39.32707,4,1000,0
2024-01-17 13:06:39.32722,4,1000,0
2024-01-17 13:06:39.32737,4,1000,0
2024-01-17 13:06:39.32752,4,1000,0
2024-01-17 13:06:39.32767,4,1000,0
2024-01-17 13:06:39.32786,4,1000,0
2024-01-17 13:06:39.32799,4,1000,0
2024-01-17 13:06:39.32822,4,1000,0
2024-01-17 13:06:39.32899,4,1000,0
2024-01-17 13:06:39.32915,4,1000,0
2024-01-17 13:06:39.33060,4,1000,0
2024-01-17 13:06:39.33069,4,1000,0
2024-01-17 13:06:39.33079,4,1000,0
2024-01-17 13:06:39.33089,4,1000,0
2024-01-17 13:06:39.33102,4,1000,0
2024-01-17 13:06:39.33116,4,1000,0
2024-01-17 13:06:39.33128,4,1000,0
2024-01-17 13:06:39.33139,4,1000,0
2024-01-17 13:06:39.33152,4,1000,0
2024-01-17 13:06:39.33166,4,1000,0
2024-01-17 13:06:39.33179,4,1000,0
2024-01-17 13:06:39.33258,4,1000,0
2024-01-17 13:06:39.33280,4,1000,0
2024-01-17 13:06:39.33293,4,1000,0
2024-01-17 13:06:39.33306,4,1000,0
2024-01-17 13:06:39.33348,4,1000,0
2024-01-17 13:06:39.33364,4,1000,0
2024-01-17 13:06:39.33392,4,1000,0
2024-01-17 13:06:39.33406,4,1000,0
2024-01-17 13:06:39.33420,4,1000,0
2024-01-17 13:06:39.33435,4,1000,0
2024-01-17 13:06:39.33450,4,1000,0
2024-01-17 13:06:39.33475,4,1000,0
2024-01-17 13:06:39.33486,4,1000,0
2024-01-17 13:06:39.33498,4,1000,0
2024-01-17 13:06:39.33509,4,1000,0
2024-01-17 13:06:39.33529,4,1000,0
2024-01-17 13:06:39.33545,4,1000,0
2024-01-17 13:06:39.33560,4,1000,0
2024-01-17 13:06:39.33571,4,1000,0
2024-01-17 13:06:39.33582,4,1000,0
2024-01-17 13:06:39.33599,4,1000,0
2024-01-17 13:06:39.33615,4,1000,0
2024-01-17 13:06:39.33626,4,1000,0
2024-01-17 13:06:39.33637,4,1000,0
2024-01-17 13:06:39.33648,4,1000,0
2024-01-17 13:06:39.33659,4,1000,0
2024-01-17 13:06:39.33670,4,1000,0
2024-01-17 13:06:39.33680,4,1000,0
2024-01-17 13:06:39.33692,4,1000,0
2024-01-17 13:06:39.33702,4,1000,0
2024-01-17 13:06:39.33713,4,1000,0
2024-01-17 13:06:39.33724,4,1000,0
2024-01-17 13:06:39.33735,4,1000,0
2024-01-17 13:06:39.33746,4,1000,0
2024-01-17 13:06:39.33757,4,1000,0
2024-01-17 13:06:39.33767,4,1000,0
2024-01-17 13:06:39.33777,4,1000,0
2024-01-17 13:06:39.33787,4,1000,0
2024-01-17 13:06:39.33799,4,1000,0
2024-01-17 13:06:39.33810,4,1000,0
2024-01-17 13:06:39.33821,4,1000,0
2024-01-17 13:06:39.33835,4,1000,0
2024-01-17 13:06:39.33846,4,1000,0
2024-01-17 13:06:39.33858,4,1000,0
2024-01-17 13:06:39.33869,4,1000,0
2024-01-17 13:06:39.33879,4,1000,0
2024-01-17 13:06:39.33890,4,1000,0
2024-01-17 13:06:39.33900,4,1000,0
2024-01-17 13:06:39.33912,4,1000,0
2024-01-17 13:06:39.33925,4,1000,0
2024-01-17 13:06:39.33938,4,1000,0
2024-01-17 13:06:39.33948,4,1000,0
2024-01-17 13:06:39.33962,4,1000,0
2024-01-17 13:06:39.33974,4,1000,0
2024-01-17 13:06:39.33988,4,1000,0
2024-01-17 13:06:39.34002,4,1000,0
2024-01-17 13:06:39.34016,4,1000,0
2024-01-17 13:06:39.34028,4,1000,0
2024-01-17 13:06:39.34039,4,1000,0
2024-01-17 13:06:39.34051,4,1000,0
2024-01-17 13:06:39.34063,4,1000,0
2024-01-17 13:06:39.34073,4,1000,0
2024-01-17 13:06:39.34083,4,1000,0
2024-01-17 13:06:39.34094,4,1000,0
2024-01-17 13:06:39.34107,4,1000,0
2024-01-17 13:06:39.34123,4,1000,0
2024-01-17 13:06:39.34135,4,1000,0
2024-01-17 13:06:39.34146,4,1000,0
2024-01-17 13:06:39.34158,4,1000,0
2024-01-17 13:06:39.34168,4,1000,0
2024-01-17 13:06:39.34179,4,1000,0
2024-01-17 13:06:39.34190,4,1000,0
2024-01-17 13:06:39.34203,4,1000,0
2024-01-17 13:06:39.34214,4,1000,0
2024-01-17 13:06:39.34226,4,1000,0
2024-01-17 13:06:39.34237,4,1000,0
2024-01-17 13:06:39.34248,4,1000,0
2024-01-17 13:06:39.34258,4,1000,0
2024-01-17 13:06:39.34268,4,1000,0
2024-01-17 13:06:39.34281,4,1000,0
2024-01-17 13:06:39.34291,4,1000,0
2024-01-17 13:06:39.34303,4,1000,0
2024-01-17 13:06:39.34313,4,1000,0
2024-01-17 13:06:39.34325,4,1000,0
2024-01-17 13:06:39.34337,4,1000,0
2024-01-17 13:06:39.34347,4,1000,0
2024-01-17 13:06:39.34372,4,1000,0
2024-01-17 13:06:39.34395,4,1000,0
2024-01-17 13:06:39.34417,4,1000,0
2024-01-17 13:06:39.34428,4,1000,0
2024-01-17 13:06:39.34438,4,1000,0
2024-01-17 13:06:39.34449,4,1000,0
2024-01-17 13:06:39.34460,4,1000,0
2024-01-17 13:06:39.34471,4,1000,0
2024-01-17 13:06:39.34483,4,1000,0
2024-01-17 13:06:39.34494,4,1000,0
2024-01-17 13:06:39.34505,4,1000,0
2024-01-17 13:06:39.34528,4,1000,0
2024-01-17 13:06:39.34559,4,1000,0
2024-01-17 13:06:39.34576,4,1000,0
2024-01-17 13:06:39.34591,4,1000,0
2024-01-17 13:06:39.34606,4,1000,0
2024-01-17 13:06:39.34623,4,1000,0
2024-01-17 13:06:39.34639,4,1000,0
2024-01-17 13:06:39.34657,4,1000,0
2024-01-17 13:06:39.34683,4,1000,0
2024-01-17 13:06:39.34694,4,1000,0
2024-01-17 13:06:39.34704,4,1000,0
2024-01-17 13:06:39.34715,4,1000,0
2024-01-17 13:06:39.34725,4,1000,0
2024-01-17 13:06:39.34735,4,1000,0
2024-01-17 13:06:39.34746,4,1000,0
2024-01-17 13:06:39.34757,4,1000,0
2024-01-17 13:06:39.34768,4,1000,0
2024-01-17 13:06:39.34785,4,1000,0
2024-01-17 13:06:39.34800,4,1000,0
2024-01-17 13:06:39.34813,4,1000,0
2024-01-17 13:06:39.34950,4,1000,0
2024-01-17 13:06:39.34968,4,1000,0
2024-01-17 13:06:39.34983,4,1000,0
2024-01-17 13:06:39.34994,4,1000,0
2024-01-17 13:06:39.35030,4,1000,0
2024-01-17 13:06:39.35063,4,1000,0
2024-01-17 13:06:39.35072,4,1000,0
2024-01-17 13:06:39.35079,4,1000,0
2024-01-17 13:06:39.35151,4,1000,0
2024-01-17 13:06:39.35162,4,1000,0
2024-01-17 13:06:39.35171,4,1000,0
2024-01-17 13:06:39.35205,4,1000,0
2024-01-17 13:06:39.35221,4,1000,0
2024-01-17 13:06:39.35230,4,1000,0
2024-01-17 13:06:39.35237,4,1000,0
2024-01-17 13:06:39.35247,4,1000,0
2024-01-17 13:06:39.35255,4,1000,0
2024-01-17 13:06:39.35263,4,1000,0
2024-01-17 13:06:39.35274,4,1000,0
2024-01-17 13:06:39.35282,4,1000,0
2024-01-17 13:06:39.35292,4,1000,0
2024-01-17 13:06:39.35302,4,1000,0
2024-01-17 13:06:39.35311,4,1000,0
2024-01-17 13:06:39.35322,4,1000,0
2024-01-17 13:06:39.35335,4,1000,0
2024-01-17 13:06:39.35386,4,1000,0
2024-01-17 13:06:39.35425,4,1000,0
2024-01-17 13:06:39.35446,4,1000,0
2024-01-17 13:06:39.35488,4,1000,0
2024-01-17 13:06:39.35503,4,1000,0
2024-01-17 13:06:39.35515,4,1000,0
2024-01-17 13:06:39.35525,4,1000,0
2024-01-17 13:06:39.35536,4,1000,0
2024-01-17 13:06:39.35553,4,1000,0
2024-01-17 13:06:39.35562,4,1000,0
2024-01-17 13:06:39.35571,4,1000,0
2024-01-17 13:06:39.35579,4,1000,0
2024-01-17 13:06:39.35587,4,1000,0
2024-01-17 13:06:39.35596,4,1000,0
2024-01-17 13:06:39.35604,4,1000,0
2024-01-17 13:06:39.35612,4,1000,0
2024-01-17 13:06:39.35622,4,1000,0
2024-01-17 13:06:39.35631,4,1000,0
2024-01-17 13:06:39.35640,4,1000,0
2024-01-17 13:06:39.35653,4,1000,0
2024-01-17 13:06:39.35662,4,1000,0
2024-01-17 13:06:39.35671,4,1000,0
2024-01-17 13:06:39.35680,4,1000,0
2024-01-17 13:06:39.35689,4,1000,0
2024-01-17 13:06:39.35697,4,1000,0
2024-01-17 13:06:39.35706,4,1000,0
2024-01-17 13:06:39.35714,4,1000,0
2024-01-17 13:06:39.35723,4,1000,0
2024-01-17 13:06:39.35731,4,1000,0
2024-01-17 13:06:39.35915,4,1000,0
2024-01-17 13:06:42.34940,5,1000,0
2024-01-17 13:06:42.34954,5,1000,0
2024-01-17 13:06:42.34968,5,1000,0
2024-01-17 13:06:42.34976,5,1000,0
2024-01-17 13:06:42.34983,5,1000,0
2024-01-17 13:06:42.34991,5,1000,0
2024-01-17 13:06:42.34999,5,1000,0
2024-01-17 13:06:42.35007,5,1000,0
2024-01-17 13:06:42.35017,5,1000,0
2024-01-17 13:06:42.35024,5,1000,0
2024-01-17 13:06:42.35033,5,1000,0
2024-01-17 13:06:42.35042,5,1000,0
2024-01-17 13:06:42.35049,5,1000,0
2024-01-17 13:06:42.35055,5,1000,0
2024-01-17 13:06:42.35064,5,1000,0
2024-01-17 13:06:42.35072,5,1000,0
2024-01-17 13:06:42.35079,5,1000,0
2024-01-17 13:06:42.35086,5,1000,0
2024-01-17 13:06:42.35096,5,1000,0
2024-01-17 13:06:42.35103,5,1000,0
2024-01-17 13:06:42.35111,5,1000,0
2024-01-17 13:06:42.35119,5,1000,0
2024-01-17 13:06:42.35127,5,1000,0
2024-01-17 13:06:42.35135,5,1000,0
2024-01-17 13:06:42.35142,5,1000,0
2024-01-17 13:06:42.35153,5,1000,0
2024-01-17 13:06:42.35161,5,1000,0
2024-01-17 13:06:42.35168,5,1000,0
2024-01-17 13:06:42.35178,5,1000,0
2024-01-17 13:06:42.35186,5,1000,0
2024-01-17 13:06:42.35195,5,1000,0
2024-01-17 13:06:42.35203,5,1000,0
2024-01-17 13:06:42.35211,5,1000,0
2024-01-17 13:06:42.35218,5,1000,0
2024-01-17 13:06:42.35227,5,1000,0
2024-01-17 13:06:42.35235,5,1000,0
2024-01-17 13:06:42.35250,5,1000,0
2024-01-17 13:06:42.35258,5,1000,0
2024-01-17 13:06:42.35267,5,1000,0
2024-01-17 13:06:42.35277,5,1000,0
2024-01-17 13:06:42.35292,5,1000,0
2024-01-17 13:06:42.35301,5,1000,0
2024-01-17 13:06:42.35310,5,1000,0
2024-01-17 13:06:42.35317,5,1000,0
2024-01-17 13:06:42.35324,5,1000,0
2024-01-17 13:06:42.35331,5,1000,0
2024-01-17 13:06:42.35341,5,1000,0
2024-01-17 13:06:42.35349,5,1000,0
2024-01-17 13:06:42.35357,5,1000,0
2024-01-17 13:06:42.35365,5,1000,0
2024-01-17 13:06:42.35373,5,1000,0
2024-01-17 13:06:42.35380,5,1000,0
2024-01-17 13:06:42.35387,5,1000,0
2024-01-17 13:06:42.35394,5,1000,0
2024-01-17 13:06:42.35401,5,1000,0
2024-01-17 13:06:42.35411,5,1000,0
2024-01-17 13:06:42.35423,5,1000,0
2024-01-17 13:06:42.35432,5,1000,0
2024-01-17 13:06:42.35439,5,1000,0
2024-01-17 13:06:42.35446,5,1000,0
2024-01-17 13:06:42.35453,5,1000,0
2024-01-17 13:06:42.35459,5,1000,0
2024-01-17 13:06:42.35469,5,1000,0
2024-01-17 13:06:42.35478,5,1000,0
2024-01-17 13:06:42.35486,5,1000,0
2024-01-17 13:06:42.35493,5,1000,0
2024-01-17 13:06:42.35520,5,1000,0
2024-01-17 13:06:42.35528,5,1000,0
2024-01-17 13:06:42.35537,5,1000,0
2024-01-17 13:06:42.35544,5,1000,0
2024-01-17 13:06:42.35552,5,1000,0
2024-01-17 13:06:42.35563,5,1000,0
2024-01-17 13:06:42.35574,5,1000,0
2024-01-17 13:06:42.35583,5,1000,0
2024-01-17 13:06:42.35591,5,1000,0
2024-01-17 13:06:42.35600,5,1000,0
2024-01-17 13:06:42.35609,5,1000,0
2024-01-17 13:06:42.35617,5,1000,0
2024-01-17 13:06:42.35625,5,1000,0
2024-01-17 13:06:42.35633,5,1000,0
2024-01-17 13:06:42.35641,5,1000,0
2024-01-17 13:06:42.35650,5,1000,0
2024-01-17 13:06:42.35658,5,1000,0
2024-01-17 13:06:42.35665,5,1000,0
2024-01-17 13:06:42.35673,5,1000,0
2024-01-17 13:06:42.35682,5,1000,0
2024-01-17 13:06:42.35689,5,1000,0
2024-01-17 13:06:42.35697,5,1000,0
2024-01-17 13:06:42.35705,5,1000,0
2024-01-17 13:06:42.35714,5,1000,0
2024-01-17 13:06:42.35721,5,1000,0
2024-01-17 13:06:42.35729,5,1000,0
2024-01-17 13:06:42.35737,5,1000,0
2024-01-17 13:06:42.35746,5,1000,0
2024-01-17 13:06:42.35753,5,1000,0
2024-01-17 13:06:42.35760,5,1000,0
2024-01-17 13:06:42.35769,5,1000,0
2024-01-17 13:06:42.35780,5,1000,0
2024-01-17 13:06:42.35789,5,1000,0
2024-01-17 13:06:42.35797,5,1000,0
2024-01-17 13:06:42.35806,5,1000,0
2024-01-17 13:06:42.35815,5,1000,0
2024-01-17 13:06:42.35824,5,1000,0
2024-01-17 13:06:42.35831,5,1000,0
2024-01-17 13:06:42.35840,5,1000,0
2024-01-17 13:06:42.35848,5,1000,0
2024-01-17 13:06:42.35856,5,1000,0
2024-01-17 13:06:42.35864,5,1000,0
2024-01-17 13:06:42.35871,5,1000,0
2024-01-17 13:06:42.35879,5,1000,0
2024-01-17 13:06:42.35891,5,1000,0
2024-01-17 13:06:42.35902,5,1000,0
2024-01-17 13:06:42.35911,5,1000,0
2024-01-17 13:06:42.35921,5,1000,0
2024-01-17 13:06:42.35931,5,1000,0
2024-01-17 13:06:42.35939,5,1000,0
2024-01-17 13:06:42.35949,5,1000,0
2024-01-17 13:06:42.35958,5,1000,0
2024-01-17 13:06:42.35968,5,1000,0
2024-01-17 13:06:42.35978,5,1000,0
2024-01-17 13:06:42.35985,5,1000,0
2024-01-17 13:06:42.35996,5,1000,0
2024-01-17 13:06:42.36006,5,1000,0
2024-01-17 13:06:42.36017,5,1000,0
2024-01-17 13:06:42.36027,5,1000,0
2024-01-17 13:06:42.36036,5,1000,0
2024-01-17 13:06:42.36044,5,1000,0
2024-01-17 13:06:42.36063,5,1000,0
2024-01-17 13:06:42.36074,5,1000,0
2024-01-17 13:06:42.36083,5,1000,0
2024-01-17 13:06:42.36092,5,1000,0
2024-01-17 13:06:42.36101,5,1000,0
2024-01-17 13:06:42.36109,5,1000,0
2024-01-17 13:06:42.36117,5,1000,0
2024-01-17 13:06:42.36126,5,1000,0
2024-01-17 13:06:42.36135,5,1000,0
2024-01-17 13:06:42.36143,5,1000,0
2024-01-17 13:06:42.36150,5,1000,0
2024-01-17 13:06:42.36161,5,1000,0
2024-01-17 13:06:42.36172,5,1000,0
2024-01-17 13:06:42.36181,5,1000,0
2024-01-17 13:06:42.36191,5,1000,0
2024-01-17 13:06:42.36200,5,1000,0
2024-01-17 13:06:42.36209,5,1000,0
2024-01-17 13:06:42.36230,5,1000,0
2024-01-17 13:06:42.36244,5,1000,0
2024-01-17 13:06:42.36258,5,1000,0
2024-01-17 13:06:42.36269,5,1000,0
2024-01-17 13:06:42.36278,5,1000,0
2024-01-17 13:06:42.36286,5,1000,0
2024-01-17 13:06:42.36293,5,1000,0
2024-01-17 13:06:42.36301,5,1000,0
2024-01-17 13:06:42.36312,5,1000,0
2024-01-17 13:06:42.36341,5,1000,0
2024-01-17 13:06:42.36359,5,1000,0
2024-01-17 13:06:42.36368,5,1000,0
2024-01-17 13:06:42.36379,5,1000,0
2024-01-17 13:06:42.36387,5,1000,0
2024-01-17 13:06:42.36393,5,1000,0
2024-01-17 13:06:42.36401,5,1000,0
2024-01-17 13:06:42.36407,5,1000,0
2024-01-17 13:06:42.36420,5,1000,0
2024-01-17 13:06:42.36428,5,1000,0
2024-01-17 13:06:42.36437,5,1000,0
2024-01-17 13:06:42.36444,5,1000,0
2024-01-17 13:06:42.36452,5,1000,0
2024-01-17 13:06:42.36461,5,1000,0
2024-01-17 13:06:42.36469,5,1000,0
2024-01-17 13:06:42.36476,5,1000,0
2024-01-17 13:06:42.36483,5,1000,0
2024-01-17 13:06:42.36491,5,1000,0
2024-01-17 13:06:42.36499,5,1000,0
2024-01-17 13:06:42.36506,5,1000,0
2024-01-17 13:06:42.36513,5,1000,0
2024-01-17 13:06:42.36521,5,1000,0
2024-01-17 13:06:42.36530,5,1000,0
2024-01-17 13:06:42.36539,5,1000,0
2024-01-17 13:06:42.36548,5,1000,0
2024-01-17 13:06:42.36557,5,1000,0
2024-01-17 13:06:42.36567,5,1000,0
2024-01-17 13:06:42.36576,5,1000,0
2024-01-17 13:06:42.36585,5,1000,0
2024-01-17 13:06:42.36593,5,1000,0
2024-01-17 13:06:42.36603,5,1000,0
2024-01-17 13:06:42.36612,5,1000,0
2024-01-17 13:06:42.36622,5,1000,0
2024-01-17 13:06:42.36631,5,1000,0
2024-01-17 13:06:42.36641,5,1000,0
2024-01-17 13:06:42.36649,5,1000,0
2024-01-17 13:06:42.36657,5,1000,0
2024-01-17 13:06:42.36667,5,1000,0
2024-01-17 13:06:42.36676,5,1000,0
2024-01-17 13:06:42.36684,5,1000,0
2024-01-17 13:06:42.36696,5,1000,0
2024-01-17 13:06:42.36704,5,1000,0
2024-01-17 13:06:42.36714,5,1000,0
2024-01-17 13:06:42.36723,5,1000,0
2024-01-17 13:06:42.36733,5,1000,0
2024-01-17 13:06:42.36742,5,1000,0
2024-01-17 13:06:42.36750,5,1000,0
2024-01-17 13:06:42.36758,5,1000,0
2024-01-17 13:06:42.36766,5,1000,0
2024-01-17 13:06:42.36773,5,1000,0
2024-01-17 13:06:42.36782,5,1000,0
2024-01-17 13:06:42.36793,5,1000,0
2024-01-17 13:06:42.36801,5,1000,0
2024-01-17 13:06:42.36809,5,1000,0
2024-01-17 13:06:42.36823,5,1000,0
2024-01-17 13:06:42.36839,5,1000,0
2024-01-17 13:06:42.36862,5,1000,0
2024-01-17 13:06:42.36872,5,1000,0
2024-01-17 13:06:42.36884,5,1000,0
2024-01-17 13:06:42.36892,5,1000,0
2024-01-17 13:06:42.36901,5,1000,0
2024-01-17 13:06:42.36908,5,1000,0
2024-01-17 13:06:42.36915,5,1000,0
2024-01-17 13:06:42.36922,5,1000,0
2024-01-17 13:06:42.36929,5,1000,0
2024-01-17 13:06:42.36935,5,1000,0
2024-01-17 13:06:42.36942,5,1000,0
2024-01-17 13:06:42.36959,5,1000,0
2024-01-17 13:06:42.36970,5,1000,0
2024-01-17 13:06:42.36979,5,1000,0
2024-01-17 13:06:42.36988,5,1000,0
2024-01-17 13:06:42.36996,5,1000,0
2024-01-17 13:06:42.37004,5,1000,0
2024-01-17 13:06:42.37012,5,1000,0
2024-01-17 13:06:42.37021,5,1000,0
2024-01-17 13:06:42.37029,5,1000,0
2024-01-17 13:06:42.37037,5,1000,0
2024-01-17 13:06:42.37052,5,1000,0
2024-01-17 13:06:42.37060,5,1000,0
2024-01-17 13:06:42.37069,5,1000,0
2024-01-17 13:06:42.37080,5,1000,0
2024-01-17 13:06:42.37089,5,1000,0
2024-01-17 13:06:42.37097,5,1000,0
2024-01-17 13:06:42.37106,5,1000,0
2024-01-17 13:06:42.37113,5,1000,0
2024-01-17 13:06:42.37131,5,1000,0
2024-01-17 13:06:42.37145,5,1000,0
2024-01-17 13:06:42.37157,5,1000,0
2024-01-17 13:06:42.37166,5,1000,0
2024-01-17 13:06:42.37177,5,1000,0
2024-01-17 13:06:42.37189,5,1000,0
2024-01-17 13:06:42.37203,5,1000,0
2024-01-17 13:06:42.37241,5,1000,0
2024-01-17 13:06:42.37251,5,1000,0
2024-01-17 13:06:42.37266,5,1000,0
2024-01-17 13:06:42.37278,5,1000,0
2024-01-17 13:06:42.37290,5,1000,0
2024-01-17 13:06:42.37304,5,1000,0
2024-01-17 13:06:42.37316,5,1000,0
2024-01-17 13:06:42.37328,5,1000,0
2024-01-17 13:06:42.37341,5,1000,0
2024-01-17 13:06:42.37353,5,1000,0
2024-01-17 13:06:42.37365,5,1000,0
2024-01-17 13:06:42.37377,5,1000,0
2024-01-17 13:06:42.37389,5,1000,0
2024-01-17 13:06:42.37405,5,1000,0
2024-01-17 13:06:42.37420,5,1000,0
2024-01-17 13:06:42.37428,5,1000,0
2024-01-17 13:06:42.37435,5,1000,0
2024-01-17 13:06:42.37443,5,1000,0
2024-01-17 13:06:42.37451,5,1000,0
2024-01-17 13:06:42.37459,5,1000,0
2024-01-17 13:06:42.37468,5,1000,0
2024-01-17 13:06:42.37480,5,1000,0
2024-01-17 13:06:42.37488,5,1000,0
2024-01-17 13:06:42.37497,5,1000,0
2024-01-17 13:06:42.37506,5,1000,0
2024-01-17 13:06:42.37519,5,1000,0
2024-01-17 13:06:42.37528,5,1000,0
2024-01-17 13:06:42.37536,5,1000,0
2024-01-17 13:06:42.37545,5,1000,0
2024-01-17 13:06:42.37553,5,1000,0
2024-01-17 13:06:42.37563,5,1000,0
2024-01-17 13:06:42.37573,5,1000,0
2024-01-17 13:06:42.37581,5,1000,0
2024-01-17 13:06:42.37588,5,1000,0
2024-01-17 13:06:42.37596,5,1000,0
2024-01-17 13:06:42.37605,5,1000,0
2024-01-17 13:06:42.37613,5,1000,0
2024-01-17 13:06:42.37621,5,1000,0
2024-01-17 13:06:42.37628,5,1000,0
2024-01-17 13:06:42.37636,5,1000,0
2024-01-17 13:06:42.37643,5,1000,0
2024-01-17 13:06:42.37651,5,1000,0
2024-01-17 13:06:42.37659,5,1000,0
2024-01-17 13:06:42.37667,5,1000,0
2024-01-17 13:06:42.37673,5,1000,0
2024-01-17 13:06:42.37681,5,1000,0
2024-01-17 13:06:42.37688,5,1000,0
2024-01-17 13:06:42.37696,5,1000,0
2024-01-17 13:06:42.37703,5,1000,0
2024-01-17 13:06:42.37711,5,1000,0
2024-01-17 13:06:42.37720,5,1000,0
2024-01-17 13:06:42.37727,5,1000,0
2024-01-17 13:06:42.37738,5,1000,0
2024-01-17 13:06:42.37746,5,1000,0
2024-01-17 13:06:42.37755,5,1000,0
2024-01-17 13:06:42.37764,5,1000,0
2024-01-17 13:06:42.37773,5,1000,0
2024-01-17 13:06:42.37782,5,1000,0
2024-01-17 13:06:42.37790,5,1000,0
2024-01-17 13:06:42.37797,5,1000,0
2024-01-17 13:06:42.37806,5,1000,0
2024-01-17 13:06:42.37814,5,1000,0
2024-01-17 13:06:42.37823,5,1000,0
2024-01-17 13:06:42.37831,5,1000,0
2024-01-17 13:06:42.37838,5,1000,0
2024-01-17 13:06:42.37847,5,1000,0
2024-01-17 13:06:42.37856,5,1000,0
2024-01-17 13:06:42.37867,5,1000,0
2024-01-17 13:06:42.37876,5,1000,0
2024-01-17 13:06:42.37882,5,1000,0
2024-01-17 13:06:42.37892,5,1000,0
2024-01-17 13:06:42.37901,5,1000,0
2024-01-17 13:06:42.37908,5,1000,0
2024-01-17 13:06:42.37920,5,1000,0
2024-01-17 13:06:42.37928,5,1000,0
2024-01-17 13:06:42.37939,5,1000,0
2024-01-17 13:06:42.37949,5,1000,0
2024-01-17 13:06:42.37957,5,1000,0
2024-01-17 13:06:42.37965,5,1000,0
2024-01-17 13:06:42.37973,5,1000,0
2024-01-17 13:06:42.37981,5,1000,0
2024-01-17 13:06:42.37988,5,1000,0
2024-01-17 13:06:42.37999,5,1000,0
2024-01-17 13:06:42.38011,5,1000,0
2024-01-17 13:06:42.38020,5,1000,0
2024-01-17 13:06:42.38027,5,1000,0
2024-01-17 13:06:42.38034,5,1000,0
2024-01-17 13:06:42.38041,5,1000,0
2024-01-17 13:06:42.38050,5,1000,0
2024-01-17 13:06:42.38057,5,1000,0
2024-01-17 13:06:42.38065,5,1000,0
2024-01-17 13:06:42.38074,5,1000,0
2024-01-17 13:06:42.38082,5,1000,0
2024-01-17 13:06:42.38089,5,1000,0
2024-01-17 13:06:42.38098,5,1000,0
2024-01-17 13:06:42.38109,5,1000,0
2024-01-17 13:06:42.38116,5,1000,0
2024-01-17 13:06:42.38141,5,1000,0
2024-01-17 13:06:42.38151,5,1000,0
2024-01-17 13:06:42.38158,5,1000,0
2024-01-17 13:06:42.38165,5,1000,0
2024-01-17 13:06:42.38172,5,1000,0
2024-01-17 13:06:42.38179,5,1000,0
2024-01-17 13:06:42.38186,5,1000,0
2024-01-17 13:06:42.38193,5,1000,0
2024-01-17 13:06:42.38200,5,1000,0
2024-01-17 13:06:42.38213,5,1000,0
2024-01-17 13:06:42.38221,5,1000,0
2024-01-17 13:06:42.38230,5,1000,0
2024-01-17 13:06:42.38238,5,1000,0
2024-01-17 13:06:42.38245,5,1000,0
2024-01-17 13:06:42.38252,5,1000,0
2024-01-17 13:06:42.38259,5,1000,0
2024-01-17 13:06:42.38268,5,1000,0
2024-01-17 13:06:42.38276,5,1000,0
2024-01-17 13:06:42.38286,5,1000,0
2024-01-17 13:06:42.38295,5,1000,0
2024-01-17 13:06:42.38301,5,1000,0
2024-01-17 13:06:42.38314,5,1000,0
2024-01-17 13:06:42.38336,5,1000,0
2024-01-17 13:06:42.38351,5,1000,0
2024-01-17 13:06:42.38362,5,1000,0
2024-01-17 13:06:42.38370,5,1000,0
2024-01-17 13:06:42.38378,5,1000,0
2024-01-17 13:06:42.38385,5,1000,0
2024-01-17 13:06:42.38393,5,1000,0
2024-01-17 13:06:42.38401,5,1000,0
2024-01-17 13:06:42.38409,5,1000,0
2024-01-17 13:06:42.38419,5,1000,0
2024-01-17 13:06:42.38426,5,1000,0
2024-01-17 13:06:42.38435,5,1000,0
2024-01-17 13:06:42.38444,5,1000,0
2024-01-17 13:06:42.38455,5,1000,0
2024-01-17 13:06:42.38466,5,1000,0
2024-01-17 13:06:42.38484,5,1000,0
2024-01-17 13:06:42.38496,5,1000,0
2024-01-17 13:06:42.38538,5,1000,0
2024-01-17 13:06:42.38553,5,1000,0
2024-01-17 13:06:42.38571,5,1000,0
2024-01-17 13:06:42.38589,5,1000,0
2024-01-17 13:06:42.38603,5,1000,0
2024-01-17 13:06:42.38614,5,1000,0
2024-01-17 13:06:42.38628,5,1000,0
2024-01-17 13:06:42.38640,5,1000,0
2024-01-17 13:06:42.38653,5,1000,0
2024-01-17 13:06:42.38666,5,1000,0
2024-01-17 13:06:42.38683,5,1000,0
2024-01-17 13:06:42.38696,5,1000,0
2024-01-17 13:06:42.38709,5,1000,0
2024-01-17 13:06:42.38724,5,1000,0
2024-01-17 13:06:42.38737,5,1000,0
2024-01-17 13:06:42.38751,5,1000,0
2024-01-17 13:06:42.38765,5,1000,0
2024-01-17 13:06:42.38777,5,1000,0
2024-01-17 13:06:42.38800,5,1000,0
2024-01-17 13:06:42.38815,5,1000,0
2024-01-17 13:06:42.38829,5,1000,0
2024-01-17 13:06:42.38838,5,1000,0
2024-01-17 13:06:42.38846,5,1000,0
2024-01-17 13:06:42.38856,5,1000,0
2024-01-17 13:06:42.38868,5,1000,0
2024-01-17 13:06:42.38877,5,1000,0
2024-01-17 13:06:42.38886,5,1000,0
2024-01-17 13:06:42.38912,5,1000,0
2024-01-17 13:06:42.38932,5,1000,0
2024-01-17 13:06:42.38948,5,1000,0
2024-01-17 13:06:42.38964,5,1000,0
2024-01-17 13:06:42.38980,5,1000,0
2024-01-17 13:06:42.38996,5,1000,0
2024-01-17 13:06:42.39013,5,1000,0
2024-01-17 13:06:42.39029,5,1000,0
2024-01-17 13:06:42.39043,5,1000,0
2024-01-17 13:06:42.39061,5,1000,0
2024-01-17 13:06:42.39078,5,1000,0
2024-01-17 13:06:42.39095,5,1000,0
2024-01-17 13:06:42.39111,5,1000,0
2024-01-17 13:06:42.39129,5,1000,0
2024-01-17 13:06:42.39140,5,1000,0
2024-01-17 13:06:42.39155,5,1000,0
2024-01-17 13:06:42.39172,5,1000,0
2024-01-17 13:06:42.39185,5,1000,0
2024-01-17 13:06:42.39201,5,1000,0
2024-01-17 13:06:42.39218,5,1000,0
2024-01-17 13:06:42.39233,5,1000,0
2024-01-17 13:06:42.39247,5,1000,0
2024-01-17 13:06:42.39256,5,1000,0
2024-01-17 13:06:42.39263,5,1000,0
2024-01-17 13:06:42.39271,5,1000,0
2024-01-17 13:06:42.39278,5,1000,0
2024-01-17 13:06:42.39285,5,1000,0
2024-01-17 13:06:42.39293,5,1000,0
2024-01-17 13:06:42.39301,5,1000,0
2024-01-17 13:06:42.39311,5,1000,0
2024-01-17 13:06:42.39321,5,1000,0
2024-01-17 13:06:42.39330,5,1000,0
2024-01-17 13:06:42.39338,5,1000,0
2024-01-17 13:06:42.39346,5,1000,0
2024-01-17 13:06:42.39355,5,1000,0
2024-01-17 13:06:42.39366,5,1000,0
2024-01-17 13:06:42.39374,5,1000,0
2024-01-17 13:06:42.39382,5,1000,0
2024-01-17 13:06:42.39398,5,1000,0
2024-01-17 13:06:42.39406,5,1000,0
2024-01-17 13:06:42.39414,5,1000,0
2024-01-17 13:06:42.39422,5,1000,0
2024-01-17 13:06:42.39431,5,1000,0
2024-01-17 13:06:42.39440,5,1000,0
2024-01-17 13:06:42.39449,5,1000,0
2024-01-17 13:06:42.39470,5,1000,0
2024-01-17 13:06:42.39484,5,1000,0
2024-01-17 13:06:42.39500,5,1000,0
2024-01-17 13:06:42.39513,5,1000,0
2024-01-17 13:06:42.39531,5,1000,0
2024-01-17 13:06:42.39546,5,1000,0
2024-01-17 13:06:42.39561,5,1000,0
2024-01-17 13:06:42.39584,5,1000,0
2024-01-17 13:06:42.39612,5,1000,0
2024-01-17 13:06:42.39625,5,1000,0
2024-01-17 13:06:42.39639,5,1000,0
2024-01-17 13:06:42.39652,5,1000,0
2024-01-17 13:06:42.39670,5,1000,0
2024-01-17 13:06:42.39682,5,1000,0
2024-01-17 13:06:42.39703,5,1000,0
2024-01-17 13:06:42.39792,5,1000,0
2024-01-17 13:06:42.39807,5,1000,0
2024-01-17 13:06:42.39823,5,1000,0
2024-01-17 13:06:42.39836,5,1000,0
2024-01-17 13:06:42.39851,5,1000,0
2024-01-17 13:06:42.39865,5,1000,0
2024-01-17 13:06:42.39877,5,1000,0
2024-01-17 13:06:42.39890,5,1000,0
2024-01-17 13:06:42.39905,5,1000,0
2024-01-17 13:06:42.39919,5,1000,0
2024-01-17 13:06:42.39930,5,1000,0
2024-01-17 13:06:42.39944,5,1000,0
2024-01-17 13:06:42.39958,5,1000,0
2024-01-17 13:06:42.39965,5,1000,0
2024-01-17 13:06:42.39982,5,1000,0
2024-01-17 13:06:42.39990,5,1000,0
2024-01-17 13:06:42.39996,5,1000,0
2024-01-17 13:06:42.40002,5,1000,0
2024-01-17 13:06:42.40009,5,1000,0
2024-01-17 13:06:42.40015,5,1000,0
2024-01-17 13:06:42.40022,5,1000,0
2024-01-17 13:06:42.40028,5,1000,0
2024-01-17 13:06:42.40035,5,1000,0
2024-01-17 13:06:42.40041,5,1000,0
2024-01-17 13:06:42.40048,5,1000,0
2024-01-17 13:06:42.40055,5,1000,0
2024-01-17 13:06:42.40062,5,1000,0
2024-01-17 13:06:42.40070,5,1000,0
2024-01-17 13:06:42.40076,5,1000,0
2024-01-17 13:06:42.40083,5,1000,0
2024-01-17 13:06:42.40091,5,1000,0
2024-01-17 13:06:42.40100,5,1000,0
2024-01-17 13:06:42.40109,5,1000,0
2024-01-17 13:06:42.40116,5,1000,0
2024-01-17 13:06:42.40124,5,1000,0
2024-01-17 13:06:42.40131,5,1000,0
2024-01-17 13:06:42.40139,5,1000,0
2024-01-17 13:06:42.40150,5,1000,0
2024-01-17 13:06:42.40160,5,1000,0
2024-01-17 13:06:42.40167,5,1000,0
2024-01-17 13:06:42.40176,5,1000,0
2024-01-17 13:06:42.40185,5,1000,0
2024-01-17 13:06:42.40196,5,1000,0
2024-01-17 13:06:42.40204,5,1000,0
2024-01-17 13:06:42.40213,5,1000,0
2024-01-17 13:06:42.40221,5,1000,0
2024-01-17 13:06:42.40227,5,1000,0
2024-01-17 13:06:42.40236,5,1000,0
2024-01-17 13:06:42.40244,5,1000,0
2024-01-17 13:06:42.40252,5,1000,0
2024-01-17 13:06:42.40260,5,1000,0
2024-01-17 13:06:42.40269,5,1000,0
2024-01-17 13:06:42.40277,5,1000,0
2024-01-17 13:06:42.40285,5,1000,0
2024-01-17 13:06:42.40294,5,1000,0
2024-01-17 13:06:42.40302,5,1000,0
2024-01-17 13:06:42.40313,5,1000,0
2024-01-17 13:06:42.40321,5,1000,0
2024-01-17 13:06:42.40329,5,1000,0
2024-01-17 13:06:42.40337,5,1000,0
2024-01-17 13:06:42.40345,5,1000,0
2024-01-17 13:06:42.40354,5,1000,0
2024-01-17 13:06:42.40363,5,1000,0
2024-01-17 13:06:42.40371,5,1000,0
2024-01-17 13:06:42.40378,5,1000,0
2024-01-17 13:06:42.40385,5,1000,0
2024-01-17 13:06:42.40393,5,1000,0
2024-01-17 13:06:42.40403,5,1000,0
2024-01-17 13:06:42.40411,5,1000,0
2024-01-17 13:06:42.40419,5,1000,0
2024-01-17 13:06:42.40428,5,1000,0
2024-01-17 13:06:42.40435,5,1000,0
2024-01-17 13:06:42.40444,5,1000,0
2024-01-17 13:06:42.40452,5,1000,0
2024-01-17 13:06:42.40464,5,1000,0
2024-01-17 13:06:42.40473,5,1000,0
2024-01-17 13:06:42.40480,5,1000,0
2024-01-17 13:06:42.40487,5,1000,0
2024-01-17 13:06:42.40496,5,1000,0
2024-01-17 13:06:42.40506,5,1000,0
2024-01-17 13:06:42.40514,5,1000,0
2024-01-17 13:06:42.40523,5,1000,0
2024-01-17 13:06:42.40531,5,1000,0
2024-01-17 13:06:42.40539,5,1000,0
2024-01-17 13:06:42.40546,5,1000,0
2024-01-17 13:06:42.40561,5,1000,0
2024-01-17 13:06:42.40580,5,1000,0
2024-01-17 13:06:42.40596,5,1000,0
2024-01-17 13:06:42.40607,5,1000,0
2024-01-17 13:06:42.40618,5,1000,0
2024-01-17 13:06:42.40627,5,1000,0
2024-01-17 13:06:42.40635,5,1000,0
2024-01-17 13:06:42.40643,5,1000,0
2024-01-17 13:06:42.40651,5,1000,0
2024-01-17 13:06:42.40660,5,1000,0
2024-01-17 13:06:42.40667,5,1000,0
2024-01-17 13:06:42.40674,5,1000,0
2024-01-17 13:06:42.40682,5,1000,0
2024-01-17 13:06:42.40689,5,1000,0
2024-01-17 13:06:42.40695,5,1000,0
2024-01-17 13:06:42.40703,5,1000,0
2024-01-17 13:06:42.40710,5,1000,0
2024-01-17 13:06:42.40716,5,1000,0
2024-01-17 13:06:42.40724,5,1000,0
2024-01-17 13:06:42.40732,5,1000,0
2024-01-17 13:06:42.40742,5,1000,0
2024-01-17 13:06:42.40754,5,1000,0
2024-01-17 13:06:42.40762,5,1000,0
2024-01-17 13:06:42.40770,5,1000,0
2024-01-17 13:06:42.40778,5,1000,0
2024-01-17 13:06:42.40786,5,1000,0
2024-01-17 13:06:42.40796,5,1000,0
2024-01-17 13:06:42.40805,5,1000,0
2024-01-17 13:06:42.40813,5,1000,0
2024-01-17 13:06:42.40822,5,1000,0
2024-01-17 13:06:42.40830,5,1000,0
2024-01-17 13:06:42.40842,5,1000,0
2024-01-17 13:06:42.40850,5,1000,0
2024-01-17 13:06:42.40858,5,1000,0
2024-01-17 13:06:42.40866,5,1000,0
2024-01-17 13:06:42.40876,5,1000,0
2024-01-17 13:06:42.40897,5,1000,0
2024-01-17 13:06:42.40914,5,1000,0
2024-01-17 13:06:42.40932,5,1000,0
2024-01-17 13:06:42.40954,5,1000,0
2024-01-17 13:06:42.40967,5,1000,0
2024-01-17 13:06:42.40976,5,1000,0
2024-01-17 13:06:42.40988,5,1000,0
2024-01-17 13:06:42.41005,5,1000,0
2024-01-17 13:06:42.41017,5,1000,0
2024-01-17 13:06:42.41030,5,1000,0
2024-01-17 13:06:42.41038,5,1000,0
2024-01-17 13:06:42.41045,5,1000,0
2024-01-17 13:06:42.41051,5,1000,0
2024-01-17 13:06:42.41058,5,1000,0
2024-01-17 13:06:42.41064,5,1000,0
2024-01-17 13:06:42.41072,5,1000,0
2024-01-17 13:06:42.41079,5,1000,0
2024-01-17 13:06:42.41088,5,1000,0
2024-01-17 13:06:42.41095,5,1000,0
2024-01-17 13:06:42.41102,5,1000,0
2024-01-17 13:06:42.41109,5,1000,0
2024-01-17 13:06:42.41118,5,1000,0
2024-01-17 13:06:42.41125,5,1000,0
2024-01-17 13:06:42.41132,5,1000,0
2024-01-17 13:06:42.41140,5,1000,0
2024-01-17 13:06:42.41148,5,1000,0
2024-01-17 13:06:42.41156,5,1000,0
2024-01-17 13:06:42.41163,5,1000,0
2024-01-17 13:06:42.41170,5,1000,0
2024-01-17 13:06:42.41178,5,1000,0
2024-01-17 13:06:42.41191,5,1000,0
2024-01-17 13:06:42.41198,5,1000,0
2024-01-17 13:06:42.41205,5,1000,0
2024-01-17 13:06:42.41213,5,1000,0
2024-01-17 13:06:42.41221,5,1000,0
2024-01-17 13:06:42.41228,5,1000,0
2024-01-17 13:06:42.41236,5,1000,0
2024-01-17 13:06:42.41242,5,1000,0
2024-01-17 13:06:42.41248,5,1000,0
2024-01-17 13:06:42.41256,5,1000,0
2024-01-17 13:06:42.41263,5,1000,0
2024-01-17 13:06:42.41271,5,1000,0
2024-01-17 13:06:42.41278,5,1000,0
2024-01-17 13:06:42.41285,5,1000,0
2024-01-17 13:06:42.41294,5,1000,0
2024-01-17 13:06:42.41302,5,1000,0
2024-01-17 13:06:42.41309,5,1000,0
2024-01-17 13:06:42.41316,5,1000,0
2024-01-17 13:06:42.41323,5,1000,0
2024-01-17 13:06:42.41329,5,1000,0
2024-01-17 13:06:42.41337,5,1000,0
2024-01-17 13:06:42.41359,5,1000,0
2024-01-17 13:06:42.41377,5,1000,0
2024-01-17 13:06:42.41384,5,1000,0
2024-01-17 13:06:42.41390,5,1000,0
2024-01-17 13:06:42.41397,5,1000,0
2024-01-17 13:06:42.41404,5,1000,0
2024-01-17 13:06:42.41412,5,1000,0
2024-01-17 13:06:42.41419,5,1000,0
2024-01-17 13:06:42.41426,5,1000,0
2024-01-17 13:06:42.41433,5,1000,0
2024-01-17 13:06:42.41441,5,1000,0
2024-01-17 13:06:42.41449,5,1000,0
2024-01-17 13:06:42.41456,5,1000,0
2024-01-17 13:06:42.41462,5,1000,0
2024-01-17 13:06:42.41469,5,1000,0
2024-01-17 13:06:42.41478,5,1000,0
2024-01-17 13:06:42.41485,5,1000,0
2024-01-17 13:06:42.41492,5,1000,0
2024-01-17 13:06:42.41499,5,1000,0
2024-01-17 13:06:42.41506,5,1000,0
2024-01-17 13:06:42.41515,5,1000,0
2024-01-17 13:06:42.41523,5,1000,0
2024-01-17 13:06:42.41531,5,1000,0
2024-01-17 13:06:42.41538,5,1000,0
2024-01-17 13:06:42.41546,5,1000,0
2024-01-17 13:06:42.41554,5,1000,0
2024-01-17 13:06:42.41562,5,1000,0
2024-01-17 13:06:42.41569,5,1000,0
2024-01-17 13:06:42.41577,5,1000,0
2024-01-17 13:06:42.41584,5,1000,0
2024-01-17 13:06:42.41593,5,1000,0
2024-01-17 13:06:42.41600,5,1000,0
2024-01-17 13:06:42.41607,5,1000,0
2024-01-17 13:06:42.41614,5,1000,0
2024-01-17 13:06:42.41621,5,1000,0
2024-01-17 13:06:42.41628,5,1000,0
2024-01-17 13:06:42.41635,5,1000,0
2024-01-17 13:06:42.41643,5,1000,0
2024-01-17 13:06:42.41651,5,1000,0
2024-01-17 13:06:42.41658,5,1000,0
2024-01-17 13:06:42.41666,5,1000,0
2024-01-17 13:06:42.41675,5,1000,0
2024-01-17 13:06:42.41683,5,1000,0
2024-01-17 13:06:42.41691,5,1000,0
2024-01-17 13:06:42.41699,5,1000,0
2024-01-17 13:06:42.41707,5,1000,0
2024-01-17 13:06:42.41734,5,1000,0
2024-01-17 13:06:42.41760,5,1000,0
2024-01-17 13:06:42.41768,5,1000,0
2024-01-17 13:06:42.41775,5,1000,0
2024-01-17 13:06:42.41781,5,1000,0
2024-01-17 13:06:42.41790,5,1000,0
2024-01-17 13:06:42.41800,5,1000,0
2024-01-17 13:06:42.41809,5,1000,0
2024-01-17 13:06:42.41818,5,1000,0
2024-01-17 13:06:42.41906,5,1000,0
2024-01-17 13:06:42.41922,5,1000,0
2024-01-17 13:06:42.41947,5,1000,0
2024-01-17 13:06:42.41969,5,1000,0
2024-01-17 13:06:42.41991,5,1000,0
2024-01-17 13:06:42.42003,5,1000,0
2024-01-17 13:06:42.42020,5,1000,0
2024-01-17 13:06:42.42049,5,1000,0
2024-01-17 13:06:42.42064,5,1000,0
2024-01-17 13:06:42.42095,5,1000,0
2024-01-17 13:06:42.42105,5,1000,0
2024-01-17 13:06:42.42117,5,1000,0
2024-01-17 13:06:42.42128,5,1000,0
2024-01-17 13:06:42.42135,5,1000,0
2024-01-17 13:06:42.42142,5,1000,0
2024-01-17 13:06:42.42151,5,1000,0
2024-01-17 13:06:42.42158,5,1000,0
2024-01-17 13:06:42.42184,5,1000,0
2024-01-17 13:06:42.42201,5,1000,0
2024-01-17 13:06:42.42222,5,1000,0
2024-01-17 13:06:42.42230,5,1000,0
2024-01-17 13:06:42.42238,5,1000,0
2024-01-17 13:06:42.42246,5,1000,0
2024-01-17 13:06:42.42254,5,1000,0
2024-01-17 13:06:42.42262,5,1000,0
2024-01-17 13:06:42.42275,5,1000,0
2024-01-17 13:06:42.42285,5,1000,0
2024-01-17 13:06:42.42293,5,1000,0
2024-01-17 13:06:42.42304,5,1000,0
2024-01-17 13:06:42.42317,5,1000,0
2024-01-17 13:06:42.42325,5,1000,0
2024-01-17 13:06:42.42333,5,1000,0
2024-01-17 13:06:42.42341,5,1000,0
2024-01-17 13:06:42.42352,5,1000,0
2024-01-17 13:06:42.42362,5,1000,0
2024-01-17 13:06:42.42371,5,1000,0
2024-01-17 13:06:42.42383,5,1000,0
2024-01-17 13:06:42.42390,5,1000,0
2024-01-17 13:06:42.42402,5,1000,0
2024-01-17 13:06:42.42411,5,1000,0
2024-01-17 13:06:42.42421,5,1000,0
2024-01-17 13:06:42.42430,5,1000,0
2024-01-17 13:06:42.42439,5,1000,0
2024-01-17 13:06:42.42449,5,1000,0
2024-01-17 13:06:42.42458,5,1000,0
2024-01-17 13:06:42.42469,5,1000,0
2024-01-17 13:06:42.42481,5,1000,0
2024-01-17 13:06:42.42493,5,1000,0
2024-01-17 13:06:42.42506,5,1000,0
2024-01-17 13:06:42.42516,5,1000,0
2024-01-17 13:06:42.42529,5,1000,0
2024-01-17 13:06:42.42556,5,1000,0
2024-01-17 13:06:42.42577,5,1000,0
2024-01-17 13:06:42.42596,5,1000,0
2024-01-17 13:06:42.42611,5,1000,0
2024-01-17 13:06:42.42628,5,1000,0
2024-01-17 13:06:42.42646,5,1000,0
2024-01-17 13:06:42.42662,5,1000,0
2024-01-17 13:06:42.42677,5,1000,0
2024-01-17 13:06:42.42691,5,1000,0
2024-01-17 13:06:42.42707,5,1000,0
2024-01-17 13:06:42.42724,5,1000,0
2024-01-17 13:06:42.42734,5,1000,0
2024-01-17 13:06:42.42742,5,1000,0
2024-01-17 13:06:42.42754,5,1000,0
2024-01-17 13:06:42.42763,5,1000,0
2024-01-17 13:06:42.42772,5,1000,0
2024-01-17 13:06:42.42783,5,1000,0
2024-01-17 13:06:42.42791,5,1000,0
2024-01-17 13:06:42.42800,5,1000,0
2024-01-17 13:06:42.42808,5,1000,0
2024-01-17 13:06:42.42817,5,1000,0
2024-01-17 13:06:42.42825,5,1000,0
2024-01-17 13:06:42.42834,5,1000,0
2024-01-17 13:06:42.42842,5,1000,0
2024-01-17 13:06:42.42852,5,1000,0
2024-01-17 13:06:42.42860,5,1000,0
2024-01-17 13:06:42.42869,5,1000,0
2024-01-17 13:06:42.42878,5,1000,0
2024-01-17 13:06:42.42886,5,1000,0
2024-01-17 13:06:42.42896,5,1000,0
2024-01-17 13:06:42.42904,5,1000,0
2024-01-17 13:06:42.42915,5,1000,0
2024-01-17 13:06:42.42924,5,1000,0
2024-01-17 13:06:42.42935,5,1000,0
2024-01-17 13:06:42.42942,5,1000,0
2024-01-17 13:06:42.42951,5,1000,0
2024-01-17 13:06:42.42960,5,1000,0
2024-01-17 13:06:42.42967,5,1000,0
2024-01-17 13:06:42.42976,5,1000,0
2024-01-17 13:06:42.42985,5,1000,0
2024-01-17 13:06:42.42996,5,1000,0
2024-01-17 13:06:42.43005,5,1000,0
2024-01-17 13:06:42.43014,5,1000,0
2024-01-17 13:06:42.43031,5,1000,0
2024-01-17 13:06:42.43039,5,1000,0
2024-01-17 13:06:42.43048,5,1000,0
2024-01-17 13:06:42.43056,5,1000,0
2024-01-17 13:06:42.43067,5,1000,0
2024-01-17 13:06:42.43077,5,1000,0
2024-01-17 13:06:42.43086,5,1000,0
2024-01-17 13:06:42.43095,5,1000,0
2024-01-17 13:06:42.43105,5,1000,0
2024-01-17 13:06:42.43112,5,1000,0
2024-01-17 13:06:42.43120,5,1000,0
2024-01-17 13:06:42.43130,5,1000,0
2024-01-17 13:06:42.43137,5,1000,0
2024-01-17 13:06:42.43144,5,1000,0
2024-01-17 13:06:42.43153,5,1000,0
2024-01-17 13:06:42.43162,5,1000,0
2024-01-17 13:06:42.43174,5,1000,0
2024-01-17 13:06:42.43186,5,1000,0
2024-01-17 13:06:42.43195,5,1000,0
2024-01-17 13:06:42.43204,5,1000,0
2024-01-17 13:06:42.43212,5,1000,0
2024-01-17 13:06:42.43222,5,1000,0
2024-01-17 13:06:42.43230,5,1000,0
2024-01-17 13:06:42.43239,5,1000,0
2024-01-17 13:06:42.43251,5,1000,0
2024-01-17 13:06:42.43259,5,1000,0
2024-01-17 13:06:42.43269,5,1000,0
2024-01-17 13:06:42.43277,5,1000,0
2024-01-17 13:06:42.43285,5,1000,0
2024-01-17 13:06:42.43293,5,1000,0
2024-01-17 13:06:42.43302,5,1000,0
2024-01-17 13:06:42.43310,5,1000,0
2024-01-17 13:06:42.43318,5,1000,0
2024-01-17 13:06:42.43326,5,1000,0
2024-01-17 13:06:42.43334,5,1000,0
2024-01-17 13:06:42.43343,5,1000,0
2024-01-17 13:06:42.43354,5,1000,0
2024-01-17 13:06:42.43363,5,1000,0
2024-01-17 13:06:42.43380,5,1000,0
2024-01-17 13:06:42.43393,5,1000,0
2024-01-17 13:06:42.43406,5,1000,0
2024-01-17 13:06:42.43416,5,1000,0
2024-01-17 13:06:42.43424,5,1000,0
2024-01-17 13:06:42.43435,5,1000,0
2024-01-17 13:06:42.43443,5,1000,0
2024-01-17 13:06:42.43457,5,1000,0
2024-01-17 13:06:42.43469,5,1000,0
2024-01-17 13:06:42.43479,5,1000,0
2024-01-17 13:06:42.43490,5,1000,0
2024-01-17 13:06:42.43498,5,1000,0
2024-01-17 13:06:42.43511,5,1000,0
2024-01-17 13:06:42.43526,5,1000,0
2024-01-17 13:06:42.43550,5,1000,0
2024-01-17 13:06:42.43569,5,1000,0
2024-01-17 13:06:42.43584,5,1000,0
2024-01-17 13:06:42.43592,5,1000,0
2024-01-17 13:06:42.43601,5,1000,0
2024-01-17 13:06:42.43609,5,1000,0
2024-01-17 13:06:42.43621,5,1000,0
2024-01-17 13:06:42.43629,5,1000,0
2024-01-17 13:06:42.43639,5,1000,0
2024-01-17 13:06:42.43648,5,1000,0
2024-01-17 13:06:42.43660,5,1000,0
2024-01-17 13:06:42.43673,5,1000,0
2024-01-17 13:06:42.43682,5,1000,0
2024-01-17 13:06:42.43697,5,1000,0
2024-01-17 13:06:42.43718,5,1000,0
2024-01-17 13:06:42.43734,5,1000,0
2024-01-17 13:06:42.43750,5,1000,0
2024-01-17 13:06:42.43768,5,1000,0
2024-01-17 13:06:42.43783,5,1000,0
2024-01-17 13:06:42.43801,5,1000,0
2024-01-17 13:06:42.43819,5,1000,0
2024-01-17 13:06:42.43838,5,1000,0
2024-01-17 13:06:42.43855,5,1000,0
2024-01-17 13:06:42.43864,5,1000,0
2024-01-17 13:06:42.43873,5,1000,0
2024-01-17 13:06:42.43881,5,1000,0
2024-01-17 13:06:42.43889,5,1000,0
2024-01-17 13:06:42.43897,5,1000,0
2024-01-17 13:06:42.43907,5,1000,0
2024-01-17 13:06:42.43915,5,1000,0
2024-01-17 13:06:42.43925,5,1000,0
2024-01-17 13:06:42.43933,5,1000,0
2024-01-17 13:06:42.43942,5,1000,0
2024-01-17 13:06:42.43949,5,1000,0
2024-01-17 13:06:42.43957,5,1000,0
2024-01-17 13:06:42.43966,5,1000,0
2024-01-17 13:06:42.43974,5,1000,0
2024-01-17 13:06:42.43983,5,1000,0
2024-01-17 13:06:42.43992,5,1000,0
2024-01-17 13:06:42.43999,5,1000,0
2024-01-17 13:06:42.44008,5,1000,0
2024-01-17 13:06:42.44020,5,1000,0
2024-01-17 13:06:42.44031,5,1000,0
2024-01-17 13:06:42.44039,5,1000,0
2024-01-17 13:06:42.44047,5,1000,0
2024-01-17 13:06:42.44055,5,1000,0
2024-01-17 13:06:42.44063,5,1000,0
2024-01-17 13:06:42.44072,5,1000,0
2024-01-17 13:06:42.44083,5,1000,0
2024-01-17 13:06:42.44097,5,1000,0
2024-01-17 13:06:42.44106,5,1000,0
2024-01-17 13:06:42.44113,5,1000,0
2024-01-17 13:06:42.44121,5,1000,0
2024-01-17 13:06:42.44128,5,1000,0
2024-01-17 13:06:42.44135,5,1000,0
2024-01-17 13:06:42.44147,5,1000,0
2024-01-17 13:06:42.44156,5,1000,0
2024-01-17 13:06:42.44165,5,1000,0
2024-01-17 13:06:42.44173,5,1000,0
2024-01-17 13:06:42.44184,5,1000,0
2024-01-17 13:06:42.44192,5,1000,0
2024-01-17 13:06:42.44201,5,1000,0
2024-01-17 13:06:42.44209,5,1000,0
2024-01-17 13:06:42.44218,5,1000,0
2024-01-17 13:06:42.44227,5,1000,0
2024-01-17 13:06:42.44236,5,1000,0
2024-01-17 13:06:42.44249,5,1000,0
2024-01-17 13:06:42.44259,5,1000,0
2024-01-17 13:06:42.44266,5,1000,0
2024-01-17 13:06:42.44277,5,1000,0
2024-01-17 13:06:42.44287,5,1000,0
2024-01-17 13:06:42.44297,5,1000,0
2024-01-17 13:06:42.44305,5,1000,0
2024-01-17 13:06:42.44313,5,1000,0
2024-01-17 13:06:42.44320,5,1000,0
2024-01-17 13:06:42.44328,5,1000,0
2024-01-17 13:06:42.44338,5,1000,0
2024-01-17 13:06:42.44347,5,1000,0
2024-01-17 13:06:42.44357,5,1000,0
2024-01-17 13:06:42.44366,5,1000,0
2024-01-17 13:06:42.44375,5,1000,0
2024-01-17 13:06:42.44385,5,1000,0
2024-01-17 13:06:42.44394,5,1000,0
2024-01-17 13:06:42.44401,5,1000,0
2024-01-17 13:06:42.44411,5,1000,0
2024-01-17 13:06:42.44421,5,1000,0
2024-01-17 13:06:42.44430,5,1000,0
2024-01-17 13:06:42.44443,5,1000,0
2024-01-17 13:06:42.44462,5,1000,0
2024-01-17 13:06:42.44473,5,1000,0
2024-01-17 13:06:42.44482,5,1000,0
2024-01-17 13:06:42.44489,5,1000,0
2024-01-17 13:06:42.44496,5,1000,0
2024-01-17 13:06:42.44504,5,1000,0
2024-01-17 13:06:42.44516,5,1000,0
2024-01-17 13:06:42.44526,5,1000,0
2024-01-17 13:06:42.44544,5,1000,0
2024-01-17 13:06:42.44552,5,1000,0
2024-01-17 13:06:42.44561,5,1000,0
2024-01-17 13:06:42.44572,5,1000,0
2024-01-17 13:06:42.44581,5,1000,0
2024-01-17 13:06:42.44589,5,1000,0
2024-01-17 13:06:42.44596,5,1000,0
2024-01-17 13:06:42.44604,5,1000,0
2024-01-17 13:06:42.44612,5,1000,0
2024-01-17 13:06:42.44620,5,1000,0
2024-01-17 13:06:42.44628,5,1000,0
2024-01-17 13:06:42.44644,5,1000,0
2024-01-17 13:06:42.44653,5,1000,0
2024-01-17 13:06:42.44660,5,1000,0
2024-01-17 13:06:42.44668,5,1000,0
2024-01-17 13:06:42.44676,5,1000,0
2024-01-17 13:06:42.44682,5,1000,0
2024-01-17 13:06:42.44689,5,1000,0
2024-01-17 13:06:42.44697,5,1000,0
2024-01-17 13:06:42.44705,5,1000,0
2024-01-17 13:06:42.44714,5,1000,0
2024-01-17 13:06:42.44720,5,1000,0
2024-01-17 13:06:42.44728,5,1000,0
2024-01-17 13:06:42.44735,5,1000,0
2024-01-17 13:06:42.44744,5,1000,0
2024-01-17 13:06:42.44751,5,1000,0
2024-01-17 13:06:42.44760,5,1000,0
2024-01-17 13:06:42.44767,5,1000,0
2024-01-17 13:06:42.44777,5,1000,0
2024-01-17 13:06:42.44806,5,1000,0
2024-01-17 13:06:42.44816,5,1000,0
2024-01-17 13:06:42.44834,5,1000,0
2024-01-17 13:06:42.44852,5,1000,0
2024-01-17 13:06:42.44862,5,1000,0
2024-01-17 13:06:42.44873,5,1000,0
2024-01-17 13:06:42.44879,5,1000,0
2024-01-17 13:06:42.44887,5,1000,0
2024-01-17 13:06:42.44894,5,1000,0
2024-01-17 13:06:42.44903,5,1000,0
2024-01-17 13:06:42.44911,5,1000,0
2024-01-17 13:06:42.45050,5,1000,0
2024-01-17 13:06:42.45057,5,1000,0
2024-01-17 13:06:42.45063,5,1000,0
2024-01-17 13:06:42.45071,5,1000,0
2024-01-17 13:06:42.45078,5,1000,0
2024-01-17 13:06:42.45084,5,1000,0
2024-01-17 13:06:42.45091,5,1000,0
2024-01-17 13:06:42.45099,5,1000,0
2024-01-17 13:06:42.45105,5,1000,0
2024-01-17 13:06:42.45113,5,1000,0
2024-01-17 13:06:42.45120,5,1000,0
2024-01-17 13:06:42.45126,5,1000,0
2024-01-17 13:06:42.45134,5,1000,0
2024-01-17 13:06:42.45141,5,1000,0
2024-01-17 13:06:42.45148,5,1000,0
2024-01-17 13:06:42.45155,5,1000,0
2024-01-17 13:06:42.45162,5,1000,0
2024-01-17 13:06:42.45168,5,1000,0
2024-01-17 13:06:42.45174,5,1000,0
2024-01-17 13:06:42.45182,5,1000,0
2024-01-17 13:06:42.45188,5,1000,0
2024-01-17 13:06:42.45194,5,1000,0
2024-01-17 13:06:42.45204,5,1000,0
2024-01-17 13:06:44.76221,6,1000,0
2024-01-17 13:06:44.76235,6,1000,0
2024-01-17 13:06:44.76246,6,1000,0
2024-01-17 13:06:44.76255,6,1000,0
2024-01-17 13:06:44.76262,6,1000,0
2024-01-17 13:06:44.76271,6,1000,0
2024-01-17 13:06:44.76282,6,1000,0
2024-01-17 13:06:44.76292,6,1000,0
2024-01-17 13:06:44.76302,6,1000,0
2024-01-17 13:06:44.76329,6,1000,0
2024-01-17 13:06:44.76340,6,1000,0
2024-01-17 13:06:44.76356,6,1000,0
2024-01-17 13:06:44.76388,6,1000,0
2024-01-17 13:06:44.76410,6,1000,0
2024-01-17 13:06:44.76426,6,1000,0
2024-01-17 13:06:44.76436,6,1000,0
2024-01-17 13:06:44.76446,6,1000,0
2024-01-17 13:06:44.76472,6,1000,0
2024-01-17 13:06:44.76486,6,1000,0
2024-01-17 13:06:44.76498,6,1000,0
2024-01-17 13:06:44.76508,6,1000,0
2024-01-17 13:06:44.76542,6,1000,0
2024-01-17 13:06:44.76555,6,1000,0
2024-01-17 13:06:44.76571,6,1000,0
2024-01-17 13:06:44.76589,6,1000,0
2024-01-17 13:06:44.76631,6,1000,0
2024-01-17 13:06:44.76643,6,1000,0
2024-01-17 13:06:44.76654,6,1000,0
2024-01-17 13:06:44.76666,6,1000,0
2024-01-17 13:06:44.76677,6,1000,0
2024-01-17 13:06:44.76686,6,1000,0
2024-01-17 13:06:44.76695,6,1000,0
2024-01-17 13:06:44.76715,6,1000,0
2024-01-17 13:06:44.76749,6,1000,0
2024-01-17 13:06:44.76764,6,1000,0
2024-01-17 13:06:44.76788,6,1000,0
2024-01-17 13:06:44.76800,6,1000,0
2024-01-17 13:06:44.76819,6,1000,0
2024-01-17 13:06:44.76864,6,1000,0
2024-01-17 13:06:44.76878,6,1000,0
2024-01-17 13:06:44.76892,6,1000,0
2024-01-17 13:06:44.76909,6,1000,0
2024-01-17 13:06:44.76942,6,1000,0
2024-01-17 13:06:44.76952,6,1000,0
2024-01-17 13:06:44.76979,6,1000,0
2024-01-17 13:06:44.76994,6,1000,0
2024-01-17 13:06:44.77008,6,1000,0
2024-01-17 13:06:44.77021,6,1000,0
2024-01-17 13:06:44.77045,6,1000,0
2024-01-17 13:06:44.77071,6,1000,0
2024-01-17 13:06:44.77085,6,1000,0
2024-01-17 13:06:44.77098,6,1000,0
2024-01-17 13:06:44.77113,6,1000,0
2024-01-17 13:06:44.77124,6,1000,0
2024-01-17 13:06:44.77144,6,1000,0
2024-01-17 13:06:44.77163,6,1000,0
2024-01-17 13:06:44.77187,6,1000,0
2024-01-17 13:06:44.77203,6,1000,0
2024-01-17 13:06:44.77216,6,1000,0
2024-01-17 13:06:44.77227,6,1000,0
2024-01-17 13:06:44.77238,6,1000,0
2024-01-17 13:06:44.77258,6,1000,0
2024-01-17 13:06:44.77272,6,1000,0
2024-01-17 13:06:44.77284,6,1000,0
2024-01-17 13:06:44.77301,6,1000,0
2024-01-17 13:06:44.77318,6,1000,0
2024-01-17 13:06:44.77337,6,1000,0
2024-01-17 13:06:44.77349,6,1000,0
2024-01-17 13:06:44.77364,6,1000,0
2024-01-17 13:06:44.77375,6,1000,0
2024-01-17 13:06:44.77399,6,1000,0
2024-01-17 13:06:44.77414,6,1000,0
2024-01-17 13:06:44.77427,6,1000,0
2024-01-17 13:06:44.77439,6,1000,0
2024-01-17 13:06:44.77455,6,1000,0
2024-01-17 13:06:44.77477,6,1000,0
2024-01-17 13:06:44.77494,6,1000,0
2024-01-17 13:06:44.77539,6,1000,0
2024-01-17 13:06:44.77549,6,1000,0
2024-01-17 13:06:44.77559,6,1000,0
2024-01-17 13:06:44.77568,6,1000,0
2024-01-17 13:06:44.77587,6,1000,0
2024-01-17 13:06:44.77606,6,1000,0
2024-01-17 13:06:44.77616,6,1000,0
2024-01-17 13:06:44.77676,6,1000,0
2024-01-17 13:06:44.77685,6,1000,0
2024-01-17 13:06:44.77696,6,1000,0
2024-01-17 13:06:44.77706,6,1000,0
2024-01-17 13:06:44.77723,6,1000,0
2024-01-17 13:06:44.77737,6,1000,0
2024-01-17 13:06:44.77758,6,1000,0
2024-01-17 13:06:44.77774,6,1000,0
2024-01-17 13:06:44.77813,6,1000,0
2024-01-17 13:06:44.77835,6,1000,0
2024-01-17 13:06:44.77869,6,1000,0
2024-01-17 13:06:44.77884,6,1000,0
2024-01-17 13:06:44.77903,6,1000,0
2024-01-17 13:06:44.78002,6,1000,0
2024-01-17 13:06:44.78017,6,1000,0
2024-01-17 13:06:44.78032,6,1000,0
2024-01-17 13:06:44.78046,6,1000,0
2024-01-17 13:06:44.78055,6,1000,0
2024-01-17 13:06:44.78062,6,1000,0
2024-01-17 13:06:44.78082,6,1000,0
2024-01-17 13:06:44.78092,6,1000,0
2024-01-17 13:06:44.78099,6,1000,0
2024-01-17 13:06:44.78106,6,1000,0
2024-01-17 13:06:44.78119,6,1000,0
2024-01-17 13:06:44.78141,6,1000,0
2024-01-17 13:06:44.78148,6,1000,0
2024-01-17 13:06:44.78157,6,1000,0
2024-01-17 13:06:44.78168,6,1000,0
2024-01-17 13:06:44.78207,6,1000,0
2024-01-17 13:06:44.78218,6,1000,0
2024-01-17 13:06:44.78226,6,1000,0
2024-01-17 13:06:44.78233,6,1000,0
2024-01-17 13:06:44.78243,6,1000,0
2024-01-17 13:06:44.78251,6,1000,0
2024-01-17 13:06:44.78261,6,1000,0
2024-01-17 13:06:44.78269,6,1000,0
2024-01-17 13:06:44.78283,6,1000,0
2024-01-17 13:06:44.78295,6,1000,0
2024-01-17 13:06:44.78313,6,1000,0
2024-01-17 13:06:44.78320,6,1000,0
2024-01-17 13:06:44.78356,6,1000,0
2024-01-17 13:06:44.78370,6,1000,0
2024-01-17 13:06:44.78378,6,1000,0
2024-01-17 13:06:44.78387,6,1000,0
2024-01-17 13:06:44.78395,6,1000,0
2024-01-17 13:06:44.78427,6,1000,0
2024-01-17 13:06:44.78437,6,1000,0
2024-01-17 13:06:44.78445,6,1000,0
2024-01-17 13:06:44.78457,6,1000,0
2024-01-17 13:06:44.78467,6,1000,0
2024-01-17 13:06:44.78474,6,1000,0
2024-01-17 13:06:44.78484,6,1000,0
2024-01-17 13:06:44.78492,6,1000,0
2024-01-17 13:06:44.78502,6,1000,0
2024-01-17 13:06:44.78508,6,1000,0
2024-01-17 13:06:44.78517,6,1000,0
2024-01-17 13:06:44.78526,6,1000,0
2024-01-17 13:06:44.78533,6,1000,0
2024-01-17 13:06:44.78541,6,1000,0
2024-01-17 13:06:44.78550,6,1000,0
2024-01-17 13:06:44.78559,6,1000,0
2024-01-17 13:06:44.78584,6,1000,0
2024-01-17 13:06:44.78593,6,1000,0
2024-01-17 13:06:44.78603,6,1000,0
2024-01-17 13:06:44.78628,6,1000,0
2024-01-17 13:06:44.78640,6,1000,0
2024-01-17 13:06:44.78652,6,1000,0
2024-01-17 13:06:44.78661,6,1000,0
2024-01-17 13:06:44.78686,6,1000,0
2024-01-17 13:06:44.78702,6,1000,0
2024-01-17 13:06:44.78714,6,1000,0
2024-01-17 13:06:44.78724,6,1000,0
2024-01-17 13:06:44.78734,6,1000,0
2024-01-17 13:06:44.78743,6,1000,0
2024-01-17 13:06:44.78789,6,1000,0
2024-01-17 13:06:44.78801,6,1000,0
2024-01-17 13:06:44.78822,6,1000,0
2024-01-17 13:06:44.78837,6,1000,0
2024-01-17 13:06:44.78853,6,1000,0
2024-01-17 13:06:44.78870,6,1000,0
2024-01-17 13:06:44.78881,6,1000,0
2024-01-17 13:06:44.78907,6,1000,0
2024-01-17 13:06:44.78929,6,1000,0
2024-01-17 13:06:44.78939,6,1000,0
2024-01-17 13:06:44.78953,6,1000,0
2024-01-17 13:06:44.78967,6,1000,0
2024-01-17 13:06:44.78978,6,1000,0
2024-01-17 13:06:44.79004,6,1000,0
2024-01-17 13:06:44.79021,6,1000,0
2024-01-17 13:06:44.79028,6,1000,0
2024-01-17 13:06:44.79036,6,1000,0
2024-01-17 13:06:44.79046,6,1000,0
2024-01-17 13:06:44.79058,6,1000,0
2024-01-17 13:06:44.79068,6,1000,0
2024-01-17 13:06:44.79079,6,1000,0
2024-01-17 13:06:44.79089,6,1000,0
2024-01-17 13:06:44.79106,6,1000,0
2024-01-17 13:06:44.79115,6,1000,0
2024-01-17 13:06:44.79153,6,1000,0
2024-01-17 13:06:44.79172,6,1000,0
2024-01-17 13:06:44.79193,6,1000,0
2024-01-17 13:06:44.79209,6,1000,0
2024-01-17 13:06:44.79226,6,1000,0
2024-01-17 13:06:44.79247,6,1000,0
2024-01-17 13:06:44.79264,6,1000,0
2024-01-17 13:06:44.79280,6,1000,0
2024-01-17 13:06:44.79293,6,1000,0
2024-01-17 13:06:44.79306,6,1000,0
2024-01-17 13:06:44.79323,6,1000,0
2024-01-17 13:06:44.79333,6,1000,0
2024-01-17 13:06:44.79342,6,1000,0
2024-01-17 13:06:44.79352,6,1000,0
2024-01-17 13:06:44.79360,6,1000,0
2024-01-17 13:06:44.79368,6,1000,0
2024-01-17 13:06:44.79382,6,1000,0
2024-01-17 13:06:44.79395,6,1000,0
2024-01-17 13:06:44.79475,6,1000,0
2024-01-17 13:06:44.79488,6,1000,0
2024-01-17 13:06:44.79500,6,1000,0
2024-01-17 13:06:44.79509,6,1000,0
2024-01-17 13:06:44.79523,6,1000,0
2024-01-17 13:06:44.79571,6,1000,0
2024-01-17 13:06:44.79586,6,1000,0
2024-01-17 13:06:44.79595,6,1000,0
2024-01-17 13:06:44.79609,6,1000,0
2024-01-17 13:06:44.79643,6,1000,0
2024-01-17 13:06:44.79660,6,1000,0
2024-01-17 13:06:44.79675,6,1000,0
2024-01-17 13:06:44.79702,6,1000,0
2024-01-17 13:06:44.79725,6,1000,0
2024-01-17 13:06:44.79737,6,1000,0
2024-01-17 13:06:44.79748,6,1000,0
2024-01-17 13:06:44.79763,6,1000,0
2024-01-17 13:06:44.79784,6,1000,0
2024-01-17 13:06:44.79844,6,1000,0
2024-01-17 13:06:44.79853,6,1000,0
2024-01-17 13:06:44.79862,6,1000,0
2024-01-17 13:06:44.79873,6,1000,0
2024-01-17 13:06:44.79885,6,1000,0
2024-01-17 13:06:44.79904,6,1000,0
2024-01-17 13:06:44.79913,6,1000,0
2024-01-17 13:06:44.79933,6,1000,0
2024-01-17 13:06:44.79959,6,1000,0
2024-01-17 13:06:44.79978,6,1000,0
2024-01-17 13:06:44.80000,6,1000,0
2024-01-17 13:06:44.80014,6,1000,0
2024-01-17 13:06:44.80031,6,1000,0
2024-01-17 13:06:44.80056,6,1000,0
2024-01-17 13:06:44.80069,6,1000,0
2024-01-17 13:06:44.80092,6,1000,0
2024-01-17 13:06:44.80118,6,1000,0
2024-01-17 13:06:44.80135,6,1000,0
2024-01-17 13:06:44.80152,6,1000,0
2024-01-17 13:06:44.80213,6,1000,0
2024-01-17 13:06:44.80223,6,1000,0
2024-01-17 13:06:44.80250,6,1000,0
2024-01-17 13:06:44.80260,6,1000,0
2024-01-17 13:06:44.80271,6,1000,0
2024-01-17 13:06:44.80284,6,1000,0
2024-01-17 13:06:44.80293,6,1000,0
2024-01-17 13:06:44.80308,6,1000,0
2024-01-17 13:06:44.80317,6,1000,0
2024-01-17 13:06:44.80328,6,1000,0
2024-01-17 13:06:44.80351,6,1000,0
2024-01-17 13:06:44.80364,6,1000,0
2024-01-17 13:06:44.80377,6,1000,0
2024-01-17 13:06:44.80387,6,1000,0
2024-01-17 13:06:44.80407,6,1000,0
2024-01-17 13:06:44.80418,6,1000,0
2024-01-17 13:06:44.80434,6,1000,0
2024-01-17 13:06:44.80454,6,1000,0
2024-01-17 13:06:44.80483,6,1000,0
2024-01-17 13:06:44.80494,6,1000,0
2024-01-17 13:06:44.80505,6,1000,0
2024-01-17 13:06:44.80514,6,1000,0
2024-01-17 13:06:44.80539,6,1000,0
2024-01-17 13:06:44.80558,6,1000,0
2024-01-17 13:06:44.80569,6,1000,0
2024-01-17 13:06:44.80583,6,1000,0
2024-01-17 13:06:44.80594,6,1000,0
2024-01-17 13:06:44.80614,6,1000,0
2024-01-17 13:06:44.80629,6,1000,0
2024-01-17 13:06:44.80646,6,1000,0
2024-01-17 13:06:44.80664,6,1000,0
2024-01-17 13:06:44.80674,6,1000,0
2024-01-17 13:06:44.80685,6,1000,0
2024-01-17 13:06:44.80701,6,1000,0
2024-01-17 13:06:44.80717,6,1000,0
2024-01-17 13:06:44.80732,6,1000,0
2024-01-17 13:06:44.80748,6,1000,0
2024-01-17 13:06:44.80764,6,1000,0
2024-01-17 13:06:44.80785,6,1000,0
2024-01-17 13:06:44.80802,6,1000,0
2024-01-17 13:06:44.80821,6,1000,0
2024-01-17 13:06:44.80837,6,1000,0
2024-01-17 13:06:44.80849,6,1000,0
2024-01-17 13:06:44.80863,6,1000,0
2024-01-17 13:06:44.80876,6,1000,0
2024-01-17 13:06:44.80888,6,1000,0
2024-01-17 13:06:44.80905,6,1000,0
2024-01-17 13:06:44.80921,6,1000,0
2024-01-17 13:06:44.80936,6,1000,0
2024-01-17 13:06:44.80979,6,1000,0
2024-01-17 13:06:44.80994,6,1000,0
2024-01-17 13:06:44.81011,6,1000,0
2024-01-17 13:06:44.81026,6,1000,0
2024-01-17 13:06:44.81040,6,1000,0
2024-01-17 13:06:44.81067,6,1000,0
2024-01-17 13:06:44.81082,6,1000,0
2024-01-17 13:06:44.81098,6,1000,0
2024-01-17 13:06:44.81112,6,1000,0
2024-01-17 13:06:44.81126,6,1000,0
2024-01-17 13:06:44.81138,6,1000,0
2024-01-17 13:06:44.81152,6,1000,0
2024-01-17 13:06:44.81197,6,1000,0
2024-01-17 13:06:44.81204,6,1000,0
2024-01-17 13:06:44.81214,6,1000,0
2024-01-17 13:06:44.81225,6,1000,0
2024-01-17 13:06:44.81241,6,1000,0
2024-01-17 13:06:44.81256,6,1000,0
2024-01-17 13:06:44.81270,6,1000,0
2024-01-17 13:06:44.81282,6,1000,0
2024-01-17 13:06:44.81296,6,1000,0
2024-01-17 13:06:44.81312,6,1000,0
2024-01-17 13:06:44.81326,6,1000,0
2024-01-17 13:06:44.81339,6,1000,0
2024-01-17 13:06:44.81347,6,1000,0
2024-01-17 13:06:44.81375,6,1000,0
2024-01-17 13:06:44.81441,6,1000,0
2024-01-17 13:06:44.81453,6,1000,0
2024-01-17 13:06:44.81465,6,1000,0
2024-01-17 13:06:44.81475,6,1000,0
2024-01-17 13:06:44.81483,6,1000,0
2024-01-17 13:06:44.81519,6,1000,0
2024-01-17 13:06:44.81541,6,1000,0
2024-01-17 13:06:44.81551,6,1000,0
2024-01-17 13:06:44.81558,6,1000,0
2024-01-17 13:06:44.81569,6,1000,0
2024-01-17 13:06:44.81581,6,1000,0
2024-01-17 13:06:44.81589,6,1000,0
2024-01-17 13:06:44.81601,6,1000,0
2024-01-17 13:06:44.81622,6,1000,0
2024-01-17 13:06:44.81634,6,1000,0
2024-01-17 13:06:44.81649,6,1000,0
2024-01-17 13:06:44.81669,6,1000,0
2024-01-17 13:06:44.81689,6,1000,0
2024-01-17 13:06:44.81737,6,1000,0
2024-01-17 13:06:44.81752,6,1000,0
2024-01-17 13:06:44.81771,6,1000,0
2024-01-17 13:06:44.81793,6,1000,0
2024-01-17 13:06:44.81812,6,1000,0
2024-01-17 13:06:44.81828,6,1000,0
2024-01-17 13:06:44.81842,6,1000,0
2024-01-17 13:06:44.81860,6,1000,0
2024-01-17 13:06:44.81875,6,1000,0
2024-01-17 13:06:44.81894,6,1000,0
2024-01-17 13:06:44.81907,6,1000,0
2024-01-17 13:06:44.81925,6,1000,0
2024-01-17 13:06:44.81935,6,1000,0
2024-01-17 13:06:44.81950,6,1000,0
2024-01-17 13:06:44.81963,6,1000,0
2024-01-17 13:06:44.81972,6,1000,0
2024-01-17 13:06:44.81982,6,1000,0
2024-01-17 13:06:44.81992,6,1000,0
2024-01-17 13:06:44.82001,6,1000,0
2024-01-17 13:06:44.82011,6,1000,0
2024-01-17 13:06:44.82019,6,1000,0
2024-01-17 13:06:44.82035,6,1000,0
2024-01-17 13:06:44.82046,6,1000,0
2024-01-17 13:06:44.82055,6,1000,0
2024-01-17 13:06:44.82063,6,1000,0
2024-01-17 13:06:44.82071,6,1000,0
2024-01-17 13:06:44.82083,6,1000,0
2024-01-17 13:06:44.82103,6,1000,0
2024-01-17 13:06:44.82118,6,1000,0
2024-01-17 13:06:44.82136,6,1000,0
2024-01-17 13:06:44.82146,6,1000,0
2024-01-17 13:06:44.82156,6,1000,0
2024-01-17 13:06:44.82192,6,1000,0
2024-01-17 13:06:44.82206,6,1000,0
2024-01-17 13:06:44.82215,6,1000,0
2024-01-17 13:06:44.82225,6,1000,0
2024-01-17 13:06:44.82238,6,1000,0
2024-01-17 13:06:44.82257,6,1000,0
2024-01-17 13:06:44.82271,6,1000,0
2024-01-17 13:06:44.82286,6,1000,0
2024-01-17 13:06:44.82300,6,1000,0
2024-01-17 13:06:44.82314,6,1000,0
2024-01-17 13:06:44.82326,6,1000,0
2024-01-17 13:06:44.82341,6,1000,0
2024-01-17 13:06:44.82353,6,1000,0
2024-01-17 13:06:44.82365,6,1000,0
2024-01-17 13:06:44.82393,6,1000,0
2024-01-17 13:06:44.82411,6,1000,0
2024-01-17 13:06:44.82453,6,1000,0
2024-01-17 13:06:44.82460,6,1000,0
2024-01-17 13:06:44.82472,6,1000,0
2024-01-17 13:06:44.82481,6,1000,0
2024-01-17 13:06:44.82494,6,1000,0
2024-01-17 13:06:44.82505,6,1000,0
2024-01-17 13:06:44.82513,6,1000,0
2024-01-17 13:06:44.82526,6,1000,0
2024-01-17 13:06:44.82534,6,1000,0
2024-01-17 13:06:44.82554,6,1000,0
2024-01-17 13:06:44.82564,6,1000,0
2024-01-17 13:06:44.82590,6,1000,0
2024-01-17 13:06:44.82609,6,1000,0
2024-01-17 13:06:44.82623,6,1000,0
2024-01-17 13:06:44.82644,6,1000,0
2024-01-17 13:06:44.82660,6,1000,0
2024-01-17 13:06:44.82674,6,1000,0
2024-01-17 13:06:44.82697,6,1000,0
2024-01-17 13:06:44.82708,6,1000,0
2024-01-17 13:06:44.82718,6,1000,0
2024-01-17 13:06:44.82735,6,1000,0
2024-01-17 13:06:44.82770,6,1000,0
2024-01-17 13:06:44.82792,6,1000,0
2024-01-17 13:06:44.82816,6,1000,0
2024-01-17 13:06:44.82829,6,1000,0
2024-01-17 13:06:44.82853,6,1000,0
2024-01-17 13:06:44.82864,6,1000,0
2024-01-17 13:06:44.82878,6,1000,0
2024-01-17 13:06:44.82960,6,1000,0
2024-01-17 13:06:44.82973,6,1000,0
2024-01-17 13:06:44.82986,6,1000,0
2024-01-17 13:06:44.83014,6,1000,0
2024-01-17 13:06:44.83029,6,1000,0
2024-01-17 13:06:44.83051,6,1000,0
2024-01-17 13:06:44.83059,6,1000,0
2024-01-17 13:06:44.83066,6,1000,0
2024-01-17 13:06:44.83092,6,1000,0
2024-01-17 13:06:44.83110,6,1000,0
2024-01-17 13:06:44.83147,6,1000,0
2024-01-17 13:06:44.83155,6,1000,0
2024-01-17 13:06:44.83169,6,1000,0
2024-01-17 13:06:44.83184,6,1000,0
2024-01-17 13:06:44.83193,6,1000,0
2024-01-17 13:06:44.83204,6,1000,0
2024-01-17 13:06:44.83232,6,1000,0
2024-01-17 13:06:44.83244,6,1000,0
2024-01-17 13:06:44.83280,6,1000,0
2024-01-17 13:06:44.83303,6,1000,0
2024-01-17 13:06:44.83320,6,1000,0
2024-01-17 13:06:44.83363,6,1000,0
2024-01-17 13:06:44.83386,6,1000,0
2024-01-17 13:06:44.83397,6,1000,0
2024-01-17 13:06:44.83406,6,1000,0
2024-01-17 13:06:44.83418,6,1000,0
2024-01-17 13:06:44.83434,6,1000,0
2024-01-17 13:06:44.83446,6,1000,0
2024-01-17 13:06:44.83472,6,1000,0
2024-01-17 13:06:44.83483,6,1000,0
2024-01-17 13:06:44.83492,6,1000,0
2024-01-17 13:06:44.83565,6,1000,0
2024-01-17 13:06:44.83575,6,1000,0
2024-01-17 13:06:44.83590,6,1000,0
2024-01-17 13:06:44.83600,6,1000,0
2024-01-17 13:06:44.83609,6,1000,0
2024-01-17 13:06:44.83619,6,1000,0
2024-01-17 13:06:44.83631,6,1000,0
2024-01-17 13:06:44.83644,6,1000,0
2024-01-17 13:06:44.83758,6,1000,0
2024-01-17 13:06:44.83771,6,1000,0
2024-01-17 13:06:44.83783,6,1000,0
2024-01-17 13:06:44.83791,6,1000,0
2024-01-17 13:06:44.83850,6,1000,0
2024-01-17 13:06:44.83858,6,1000,0
2024-01-17 13:06:44.83869,6,1000,0
2024-01-17 13:06:44.83876,6,1000,0
2024-01-17 13:06:44.83885,6,1000,0
2024-01-17 13:06:44.83892,6,1000,0
2024-01-17 13:06:44.83900,6,1000,0
2024-01-17 13:06:44.83908,6,1000,0
2024-01-17 13:06:44.83917,6,1000,0
2024-01-17 13:06:44.83925,6,1000,0
2024-01-17 13:06:44.83934,6,1000,0
2024-01-17 13:06:44.83942,6,1000,0
2024-01-17 13:06:44.83951,6,1000,0
2024-01-17 13:06:44.83961,6,1000,0
2024-01-17 13:06:44.83979,6,1000,0
2024-01-17 13:06:44.83992,6,1000,0
2024-01-17 13:06:44.84007,6,1000,0
2024-01-17 13:06:44.84019,6,1000,0
2024-01-17 13:06:44.84029,6,1000,0
2024-01-17 13:06:44.84037,6,1000,0
2024-01-17 13:06:44.84047,6,1000,0
2024-01-17 13:06:44.84057,6,1000,0
2024-01-17 13:06:44.84065,6,1000,0
2024-01-17 13:06:44.84072,6,1000,0
2024-01-17 13:06:44.84079,6,1000,0
2024-01-17 13:06:44.84087,6,1000,0
2024-01-17 13:06:44.84095,6,1000,0
2024-01-17 13:06:44.84104,6,1000,0
2024-01-17 13:06:44.84116,6,1000,0
2024-01-17 13:06:44.84124,6,1000,0
2024-01-17 13:06:44.84136,6,1000,0
2024-01-17 13:06:44.84156,6,1000,0
2024-01-17 13:06:44.84172,6,1000,0
2024-01-17 13:06:44.84193,6,1000,0
2024-01-17 13:06:44.84208,6,1000,0
2024-01-17 13:06:44.84221,6,1000,0
2024-01-17 13:06:44.84236,6,1000,0
2024-01-17 13:06:44.84269,6,1000,0
2024-01-17 13:06:44.84277,6,1000,0
2024-01-17 13:06:44.84289,6,1000,0
2024-01-17 13:06:44.84301,6,1000,0
2024-01-17 13:06:44.84324,6,1000,0
2024-01-17 13:06:44.84337,6,1000,0
2024-01-17 13:06:44.84356,6,1000,0
2024-01-17 13:06:44.84372,6,1000,0
2024-01-17 13:06:44.84389,6,1000,0
2024-01-17 13:06:44.84405,6,1000,0
2024-01-17 13:06:44.84419,6,1000,0
2024-01-17 13:06:44.84430,6,1000,0
2024-01-17 13:06:44.84444,6,1000,0
2024-01-17 13:06:44.84453,6,1000,0
2024-01-17 13:06:44.84524,6,1000,0
2024-01-17 13:06:44.84534,6,1000,0
2024-01-17 13:06:44.84545,6,1000,0
2024-01-17 13:06:44.84610,6,1000,0
2024-01-17 13:06:44.84619,6,1000,0
2024-01-17 13:06:44.84627,6,1000,0
2024-01-17 13:06:44.84636,6,1000,0
2024-01-17 13:06:44.84647,6,1000,0
2024-01-17 13:06:44.84657,6,1000,0
2024-01-17 13:06:44.84665,6,1000,0
2024-01-17 13:06:44.84673,6,1000,0
2024-01-17 13:06:44.84683,6,1000,0
2024-01-17 13:06:44.84693,6,1000,0
2024-01-17 13:06:44.84700,6,1000,0
2024-01-17 13:06:44.84725,6,1000,0
2024-01-17 13:06:44.84746,6,1000,0
2024-01-17 13:06:44.84757,6,1000,0
2024-01-17 13:06:44.84769,6,1000,0
2024-01-17 13:06:44.84783,6,1000,0
2024-01-17 13:06:44.84800,6,1000,0
2024-01-17 13:06:44.84882,6,1000,0
2024-01-17 13:06:44.84893,6,1000,0
2024-01-17 13:06:44.84916,6,1000,0
2024-01-17 13:06:44.84932,6,1000,0
2024-01-17 13:06:44.84953,6,1000,0
2024-01-17 13:06:44.85007,6,1000,0
2024-01-17 13:06:44.85018,6,1000,0
2024-01-17 13:06:44.85047,6,1000,0
2024-01-17 13:06:44.85075,6,1000,0
2024-01-17 13:06:44.85094,6,1000,0
2024-01-17 13:06:44.85132,6,1000,0
2024-01-17 13:06:44.85143,6,1000,0
2024-01-17 13:06:44.85153,6,1000,0
2024-01-17 13:06:44.85164,6,1000,0
2024-01-17 13:06:44.85181,6,1000,0
2024-01-17 13:06:44.85200,6,1000,0
2024-01-17 13:06:44.85223,6,1000,0
2024-01-17 13:06:44.85239,6,1000,0
2024-01-17 13:06:44.85249,6,1000,0
2024-01-17 13:06:44.85260,6,1000,0
2024-01-17 13:06:44.85271,6,1000,0
2024-01-17 13:06:44.85281,6,1000,0
2024-01-17 13:06:44.85291,6,1000,0
2024-01-17 13:06:44.85302,6,1000,0
2024-01-17 13:06:44.85314,6,1000,0
2024-01-17 13:06:44.85330,6,1000,0
2024-01-17 13:06:44.85350,6,1000,0
2024-01-17 13:06:44.85373,6,1000,0
2024-01-17 13:06:44.85401,6,1000,0
2024-01-17 13:06:44.85417,6,1000,0
2024-01-17 13:06:44.85434,6,1000,0
2024-01-17 13:06:44.85449,6,1000,0
2024-01-17 13:06:44.85466,6,1000,0
2024-01-17 13:06:44.85481,6,1000,0
2024-01-17 13:06:44.85514,6,1000,0
2024-01-17 13:06:44.85529,6,1000,0
2024-01-17 13:06:44.85544,6,1000,0
2024-01-17 13:06:44.85558,6,1000,0
2024-01-17 13:06:44.85591,6,1000,0
2024-01-17 13:06:44.85612,6,1000,0
2024-01-17 13:06:44.85627,6,1000,0
2024-01-17 13:06:44.85645,6,1000,0
2024-01-17 13:06:44.85660,6,1000,0
2024-01-17 13:06:44.85675,6,1000,0
2024-01-17 13:06:44.85691,6,1000,0
2024-01-17 13:06:44.85702,6,1000,0
2024-01-17 13:06:44.85712,6,1000,0
2024-01-17 13:06:44.85733,6,1000,0
2024-01-17 13:06:44.85773,6,1000,0
2024-01-17 13:06:44.85795,6,1000,0
2024-01-17 13:06:44.85812,6,1000,0
2024-01-17 13:06:44.85825,6,1000,0
2024-01-17 13:06:44.85851,6,1000,0
2024-01-17 13:06:44.85862,6,1000,0
2024-01-17 13:06:44.85878,6,1000,0
2024-01-17 13:06:44.85889,6,1000,0
2024-01-17 13:06:44.85904,6,1000,0
2024-01-17 13:06:44.85914,6,1000,0
2024-01-17 13:06:44.85925,6,1000,0
2024-01-17 13:06:44.85976,6,1000,0
2024-01-17 13:06:44.85987,6,1000,0
2024-01-17 13:06:44.86007,6,1000,0
2024-01-17 13:06:44.86018,6,1000,0
2024-01-17 13:06:44.86030,6,1000,0
2024-01-17 13:06:44.86044,6,1000,0
2024-01-17 13:06:44.86055,6,1000,0
2024-01-17 13:06:44.86076,6,1000,0
2024-01-17 13:06:44.86089,6,1000,0
2024-01-17 13:06:44.86134,6,1000,0
2024-01-17 13:06:44.86144,6,1000,0
2024-01-17 13:06:44.86157,6,1000,0
2024-01-17 13:06:44.86167,6,1000,0
2024-01-17 13:06:44.86175,6,1000,0
2024-01-17 13:06:44.86185,6,1000,0
2024-01-17 13:06:44.86204,6,1000,0
2024-01-17 13:06:44.86213,6,1000,0
2024-01-17 13:06:44.86222,6,1000,0
2024-01-17 13:06:44.86234,6,1000,0
2024-01-17 13:06:44.86245,6,1000,0
2024-01-17 13:06:44.86312,6,1000,0
2024-01-17 13:06:44.86331,6,1000,0
2024-01-17 13:06:44.86349,6,1000,0
2024-01-17 13:06:44.86361,6,1000,0
2024-01-17 13:06:44.86375,6,1000,0
2024-01-17 13:06:44.86414,6,1000,0
2024-01-17 13:06:44.86422,6,1000,0
2024-01-17 13:06:44.86429,6,1000,0
2024-01-17 13:06:44.86438,6,1000,0
2024-01-17 13:06:44.86447,6,1000,0
2024-01-17 13:06:44.86457,6,1000,0
2024-01-17 13:06:44.86465,6,1000,0
2024-01-17 13:06:44.86473,6,1000,0
2024-01-17 13:06:44.86482,6,1000,0
2024-01-17 13:06:44.86489,6,1000,0
2024-01-17 13:06:44.86499,6,1000,0
2024-01-17 13:06:44.86508,6,1000,0
2024-01-17 13:06:44.86516,6,1000,0
2024-01-17 13:06:44.86527,6,1000,0
2024-01-17 13:06:44.86538,6,1000,0
2024-01-17 13:06:44.86548,6,1000,0
2024-01-17 13:06:44.86558,6,1000,0
2024-01-17 13:06:44.86565,6,1000,0
2024-01-17 13:06:44.86573,6,1000,0
2024-01-17 13:06:44.86581,6,1000,0
2024-01-17 13:06:44.86591,6,1000,0
2024-01-17 13:06:44.86600,6,1000,0
2024-01-17 13:06:44.86607,6,1000,0
2024-01-17 13:06:44.86632,6,1000,0
2024-01-17 13:06:44.86662,6,1000,0
2024-01-17 13:06:44.86674,6,1000,0
2024-01-17 13:06:44.86688,6,1000,0
2024-01-17 13:06:44.86696,6,1000,0
2024-01-17 13:06:44.86702,6,1000,0
2024-01-17 13:06:44.86711,6,1000,0
2024-01-17 13:06:44.86719,6,1000,0
2024-01-17 13:06:44.86727,6,1000,0
2024-01-17 13:06:44.86735,6,1000,0
2024-01-17 13:06:44.86745,6,1000,0
2024-01-17 13:06:44.86754,6,1000,0
2024-01-17 13:06:44.86763,6,1000,0
2024-01-17 13:06:44.86771,6,1000,0
2024-01-17 13:06:44.86778,6,1000,0
2024-01-17 13:06:44.86787,6,1000,0
2024-01-17 13:06:44.86794,6,1000,0
2024-01-17 13:06:44.86802,6,1000,0
2024-01-17 13:06:44.86811,6,1000,0
2024-01-17 13:06:44.86819,6,1000,0
2024-01-17 13:06:44.86828,6,1000,0
2024-01-17 13:06:44.86837,6,1000,0
2024-01-17 13:06:44.86848,6,1000,0
2024-01-17 13:06:44.86860,6,1000,0
2024-01-17 13:06:44.86869,6,1000,0
2024-01-17 13:06:44.86877,6,1000,0
2024-01-17 13:06:44.86887,6,1000,0
2024-01-17 13:06:44.86898,6,1000,0
2024-01-17 13:06:44.86920,6,1000,0
2024-01-17 13:06:44.86929,6,1000,0
2024-01-17 13:06:44.86938,6,1000,0
2024-01-17 13:06:44.86948,6,1000,0
2024-01-17 13:06:44.86961,6,1000,0
2024-01-17 13:06:44.86968,6,1000,0
2024-01-17 13:06:44.86979,6,1000,0
2024-01-17 13:06:44.86998,6,1000,0
2024-01-17 13:06:44.87022,6,1000,0
2024-01-17 13:06:44.87037,6,1000,0
2024-01-17 13:06:44.87054,6,1000,0
2024-01-17 13:06:44.87075,6,1000,0
2024-01-17 13:06:44.87099,6,1000,0
2024-01-17 13:06:44.87114,6,1000,0
2024-01-17 13:06:44.87129,6,1000,0
2024-01-17 13:06:44.87145,6,1000,0
2024-01-17 13:06:44.87155,6,1000,0
2024-01-17 13:06:44.87165,6,1000,0
2024-01-17 13:06:44.87178,6,1000,0
2024-01-17 13:06:44.87191,6,1000,0
2024-01-17 13:06:44.87201,6,1000,0
2024-01-17 13:06:44.87209,6,1000,0
2024-01-17 13:06:44.87236,6,1000,0
2024-01-17 13:06:44.87243,6,1000,0
2024-01-17 13:06:44.87252,6,1000,0
2024-01-17 13:06:44.87264,6,1000,0
2024-01-17 13:06:44.87276,6,1000,0
2024-01-17 13:06:44.87284,6,1000,0
2024-01-17 13:06:44.87301,6,1000,0
2024-01-17 13:06:44.87320,6,1000,0
2024-01-17 13:06:44.87333,6,1000,0
2024-01-17 13:06:44.87351,6,1000,0
2024-01-17 13:06:44.87367,6,1000,0
2024-01-17 13:06:44.87394,6,1000,0
2024-01-17 13:06:44.87405,6,1000,0
2024-01-17 13:06:44.87446,6,1000,0
2024-01-17 13:06:44.87457,6,1000,0
2024-01-17 13:06:44.87466,6,1000,0
2024-01-17 13:06:44.87473,6,1000,0
2024-01-17 13:06:44.87485,6,1000,0
2024-01-17 13:06:44.87499,6,1000,0
2024-01-17 13:06:44.87527,6,1000,0
2024-01-17 13:06:44.87534,6,1000,0
2024-01-17 13:06:44.87546,6,1000,0
2024-01-17 13:06:44.87554,6,1000,0
2024-01-17 13:06:44.87564,6,1000,0
2024-01-17 13:06:44.87577,6,1000,0
2024-01-17 13:06:44.87588,6,1000,0
2024-01-17 13:06:44.87596,6,1000,0
2024-01-17 13:06:44.87611,6,1000,0
2024-01-17 13:06:44.87621,6,1000,0
2024-01-17 13:06:44.87653,6,1000,0
2024-01-17 13:06:44.87661,6,1000,0
2024-01-17 13:06:44.87690,6,1000,0
2024-01-17 13:06:44.87699,6,1000,0
2024-01-17 13:06:44.87708,6,1000,0
2024-01-17 13:06:44.87719,6,1000,0
2024-01-17 13:06:44.87728,6,1000,0
2024-01-17 13:06:44.87740,6,1000,0
2024-01-17 13:06:44.87749,6,1000,0
2024-01-17 13:06:44.87769,6,1000,0
2024-01-17 13:06:44.87803,6,1000,0
2024-01-17 13:06:44.87812,6,1000,0
2024-01-17 13:06:44.87830,6,1000,0
2024-01-17 13:06:44.87846,6,1000,0
2024-01-17 13:06:44.87854,6,1000,0
2024-01-17 13:06:44.87864,6,1000,0
2024-01-17 13:06:44.87874,6,1000,0
2024-01-17 13:06:44.87883,6,1000,0
2024-01-17 13:06:44.87917,6,1000,0
2024-01-17 13:06:44.87926,6,1000,0
2024-01-17 13:06:44.87935,6,1000,0
2024-01-17 13:06:44.87944,6,1000,0
2024-01-17 13:06:44.87956,6,1000,0
2024-01-17 13:06:44.87967,6,1000,0
2024-01-17 13:06:44.87977,6,1000,0
2024-01-17 13:06:44.87988,6,1000,0
2024-01-17 13:06:44.88000,6,1000,0
2024-01-17 13:06:44.88011,6,1000,0
2024-01-17 13:06:44.88022,6,1000,0
2024-01-17 13:06:44.88032,6,1000,0
2024-01-17 13:06:44.88060,6,1000,0
2024-01-17 13:06:44.88079,6,1000,0
2024-01-17 13:06:44.88088,6,1000,0
2024-01-17 13:06:44.88098,6,1000,0
2024-01-17 13:06:44.88109,6,1000,0
2024-01-17 13:06:44.88117,6,1000,0
2024-01-17 13:06:44.88125,6,1000,0
2024-01-17 13:06:44.88133,6,1000,0
2024-01-17 13:06:44.88139,6,1000,0
2024-01-17 13:06:44.88147,6,1000,0
2024-01-17 13:06:44.88158,6,1000,0
2024-01-17 13:06:44.88168,6,1000,0
2024-01-17 13:06:44.88184,6,1000,0
2024-01-17 13:06:44.88197,6,1000,0
2024-01-17 13:06:44.88205,6,1000,0
2024-01-17 13:06:44.88221,6,1000,0
2024-01-17 13:06:44.88231,6,1000,0
2024-01-17 13:06:44.88238,6,1000,0
2024-01-17 13:06:44.88247,6,1000,0
2024-01-17 13:06:44.88258,6,1000,0
2024-01-17 13:06:44.88267,6,1000,0
2024-01-17 13:06:44.88375,6,1000,0
2024-01-17 13:06:44.88383,6,1000,0
2024-01-17 13:06:44.88392,6,1000,0
2024-01-17 13:06:44.88402,6,1000,0
2024-01-17 13:06:44.88412,6,1000,0
2024-01-17 13:06:44.88421,6,1000,0
2024-01-17 13:06:44.88430,6,1000,0
2024-01-17 13:06:44.88456,6,1000,0
2024-01-17 13:06:44.88465,6,1000,0
2024-01-17 13:06:44.88477,6,1000,0
2024-01-17 13:06:44.88484,6,1000,0
2024-01-17 13:06:44.88505,6,1000,0
2024-01-17 13:06:44.88521,6,1000,0
2024-01-17 13:06:44.88537,6,1000,0
2024-01-17 13:06:44.88555,6,1000,0
2024-01-17 13:06:44.88570,6,1000,0
2024-01-17 13:06:44.88586,6,1000,0
2024-01-17 13:06:44.88606,6,1000,0
2024-01-17 13:06:44.88618,6,1000,0
2024-01-17 13:06:44.88631,6,1000,0
2024-01-17 13:06:44.88640,6,1000,0
2024-01-17 13:06:44.88649,6,1000,0
2024-01-17 13:06:44.88659,6,1000,0
2024-01-17 13:06:44.88671,6,1000,0
2024-01-17 13:06:44.88683,6,1000,0
2024-01-17 13:06:44.88696,6,1000,0
2024-01-17 13:06:44.88708,6,1000,0
2024-01-17 13:06:44.88723,6,1000,0
2024-01-17 13:06:44.88740,6,1000,0
2024-01-17 13:06:44.88750,6,1000,0
2024-01-17 13:06:44.88767,6,1000,0
2024-01-17 13:06:44.88779,6,1000,0
2024-01-17 13:06:44.88792,6,1000,0
2024-01-17 13:06:44.88800,6,1000,0
2024-01-17 13:06:44.88815,6,1000,0
2024-01-17 13:06:44.88830,6,1000,0
2024-01-17 13:06:44.88845,6,1000,0
2024-01-17 13:06:44.88859,6,1000,0
2024-01-17 13:06:44.88874,6,1000,0
2024-01-17 13:06:44.88890,6,1000,0
2024-01-17 13:06:44.88900,6,1000,0
2024-01-17 13:06:44.88912,6,1000,0
2024-01-17 13:06:44.88925,6,1000,0
2024-01-17 13:06:44.88933,6,1000,0
2024-01-17 13:06:44.88944,6,1000,0
2024-01-17 13:06:44.88963,6,1000,0
2024-01-17 13:06:44.88981,6,1000,0
2024-01-17 13:06:44.89001,6,1000,0
2024-01-17 13:06:44.89010,6,1000,0
2024-01-17 13:06:44.89047,6,1000,0
2024-01-17 13:06:44.89061,6,1000,0
2024-01-17 13:06:44.89076,6,1000,0
2024-01-17 13:06:44.89119,6,1000,0
2024-01-17 13:06:44.89130,6,1000,0
2024-01-17 13:06:44.89138,6,1000,0
2024-01-17 13:06:44.89145,6,1000,0
2024-01-17 13:06:44.89154,6,1000,0
2024-01-17 13:06:44.89174,6,1000,0
2024-01-17 13:06:44.89182,6,1000,0
2024-01-17 13:06:44.89189,6,1000,0
2024-01-17 13:06:44.89200,6,1000,0
2024-01-17 13:06:44.89210,6,1000,0
2024-01-17 13:06:44.89221,6,1000,0
2024-01-17 13:06:44.89228,6,1000,0
2024-01-17 13:06:44.89237,6,1000,0
2024-01-17 13:06:44.89247,6,1000,0
2024-01-17 13:06:44.89256,6,1000,0
2024-01-17 13:06:44.89265,6,1000,0
2024-01-17 13:06:44.89272,6,1000,0
2024-01-17 13:06:44.89279,6,1000,0
2024-01-17 13:06:44.89286,6,1000,0
2024-01-17 13:06:44.89311,6,1000,0
2024-01-17 13:06:44.89331,6,1000,0
2024-01-17 13:06:44.89342,6,1000,0
2024-01-17 13:06:44.89353,6,1000,0
2024-01-17 13:06:44.89363,6,1000,0
2024-01-17 13:06:44.89373,6,1000,0
2024-01-17 13:06:44.89382,6,1000,0
2024-01-17 13:06:44.89402,6,1000,0
2024-01-17 13:06:44.89412,6,1000,0
2024-01-17 13:06:44.89431,6,1000,0
2024-01-17 13:06:44.89445,6,1000,0
2024-01-17 13:06:44.89455,6,1000,0
2024-01-17 13:06:44.89464,6,1000,0
2024-01-17 13:06:44.89474,6,1000,0
2024-01-17 13:06:44.89482,6,1000,0
2024-01-17 13:06:44.89492,6,1000,0
2024-01-17 13:06:44.89502,6,1000,0
2024-01-17 13:06:44.89511,6,1000,0
2024-01-17 13:06:44.89520,6,1000,0
2024-01-17 13:06:44.89536,6,1000,0
2024-01-17 13:06:44.89551,6,1000,0
2024-01-17 13:06:44.89565,6,1000,0
2024-01-17 13:06:44.89578,6,1000,0
2024-01-17 13:06:44.89594,6,1000,0
2024-01-17 13:06:44.89603,6,1000,0
2024-01-17 13:06:44.89613,6,1000,0
2024-01-17 13:06:44.89623,6,1000,0
2024-01-17 13:06:44.89631,6,1000,0
2024-01-17 13:06:44.89641,6,1000,0
2024-01-17 13:06:44.89650,6,1000,0
2024-01-17 13:06:44.89660,6,1000,0
2024-01-17 13:06:44.89669,6,1000,0
2024-01-17 13:06:44.89687,6,1000,0
2024-01-17 13:06:44.89707,6,1000,0
2024-01-17 13:06:44.89752,6,1000,0
2024-01-17 13:06:44.89763,6,1000,0
2024-01-17 13:06:44.89770,6,1000,0
2024-01-17 13:06:44.89784,6,1000,0
2024-01-17 13:06:44.89792,6,1000,0
2024-01-17 13:06:44.89802,6,1000,0
2024-01-17 13:06:44.89810,6,1000,0
2024-01-17 13:06:44.89817,6,1000,0
2024-01-17 13:06:44.89829,6,1000,0
2024-01-17 13:06:44.89837,6,1000,0
2024-01-17 13:06:44.89858,6,1000,0
2024-01-17 13:06:44.89877,6,1000,0
2024-01-17 13:06:44.89897,6,1000,0
2024-01-17 13:06:44.89918,6,1000,0
2024-01-17 13:06:44.89934,6,1000,0
2024-01-17 13:06:44.89949,6,1000,0
2024-01-17 13:06:44.89964,6,1000,0
2024-01-17 13:06:44.90000,6,1000,0
2024-01-17 13:06:44.90016,6,1000,0
2024-01-17 13:06:44.90031,6,1000,0
2024-01-17 13:06:44.90046,6,1000,0
2024-01-17 13:06:44.90063,6,1000,0
2024-01-17 13:06:44.90075,6,1000,0
2024-01-17 13:06:44.90085,6,1000,0
2024-01-17 13:06:44.90096,6,1000,0
2024-01-17 13:06:44.90107,6,1000,0
2024-01-17 13:06:44.90122,6,1000,0
2024-01-17 13:06:44.90148,6,1000,0
2024-01-17 13:06:44.90170,6,1000,0
2024-01-17 13:06:44.90184,6,1000,0
2024-01-17 13:06:44.90193,6,1000,0
2024-01-17 13:06:44.90204,6,1000,0
2024-01-17 13:06:44.90213,6,1000,0
2024-01-17 13:06:44.90230,6,1000,0
2024-01-17 13:06:44.90239,6,1000,0
2024-01-17 13:06:44.90249,6,1000,0
2024-01-17 13:06:44.90262,6,1000,0
2024-01-17 13:06:44.90275,6,1000,0
2024-01-17 13:06:44.90287,6,1000,0
2024-01-17 13:06:44.90295,6,1000,0
2024-01-17 13:06:44.90308,6,1000,0
2024-01-17 13:06:44.90319,6,1000,0
2024-01-17 13:06:44.90331,6,1000,0
2024-01-17 13:06:44.90354,6,1000,0
2024-01-17 13:06:44.90369,6,1000,0
2024-01-17 13:06:44.90389,6,1000,0
2024-01-17 13:06:44.90398,6,1000,0
2024-01-17 13:06:44.90407,6,1000,0
2024-01-17 13:06:44.90416,6,1000,0
2024-01-17 13:06:44.90424,6,1000,0
2024-01-17 13:06:44.90433,6,1000,0
2024-01-17 13:06:44.90447,6,1000,0
2024-01-17 13:06:44.90458,6,1000,0
2024-01-17 13:06:44.90466,6,1000,0
2024-01-17 13:06:44.90475,6,1000,0
2024-01-17 13:06:44.90484,6,1000,0
2024-01-17 13:06:44.90494,6,1000,0
2024-01-17 13:06:44.90511,6,1000,0
2024-01-17 13:06:44.90524,6,1000,0
2024-01-17 13:06:44.90531,6,1000,0
2024-01-17 13:06:44.90543,6,1000,0
2024-01-17 13:06:44.90554,6,1000,0
2024-01-17 13:06:44.90565,6,1000,0
2024-01-17 13:06:44.90572,6,1000,0
2024-01-17 13:06:44.90583,6,1000,0
2024-01-17 13:06:44.90593,6,1000,0
2024-01-17 13:06:44.90612,6,1000,0
2024-01-17 13:06:44.90625,6,1000,0
2024-01-17 13:06:44.90638,6,1000,0
2024-01-17 13:06:44.91026,6,1000,0
2024-01-17 13:06:44.91034,6,1000,0
2024-01-17 13:06:44.91043,6,1000,0
2024-01-17 13:06:44.91054,6,1000,0
2024-01-17 13:06:44.91067,6,1000,0
2024-01-17 13:06:44.91128,6,1000,0
2024-01-17 13:06:44.91148,6,1000,0
2024-01-17 13:06:44.91229,6,1000,0
2024-01-17 13:06:44.91242,6,1000,0
2024-01-17 13:06:44.91259,6,1000,0
2024-01-17 13:06:44.91286,6,1000,0
2024-01-17 13:06:44.91307,6,1000,0
2024-01-17 13:06:44.91325,6,1000,0
2024-01-17 13:06:44.91336,6,1000,0
2024-01-17 13:06:44.91350,6,1000,0
2024-01-17 13:06:44.91365,6,1000,0
2024-01-17 13:06:44.91375,6,1000,0
2024-01-17 13:06:44.91399,6,1000,0
2024-01-17 13:06:44.91420,6,1000,0
2024-01-17 13:06:44.91443,6,1000,0
2024-01-17 13:06:44.91456,6,1000,0
2024-01-17 13:06:44.91468,6,1000,0
2024-01-17 13:06:44.91485,6,1000,0
2024-01-17 13:06:44.91499,6,1000,0
2024-01-17 13:06:44.91519,6,1000,0
2024-01-17 13:06:44.91534,6,1000,0
2024-01-17 13:06:44.91554,6,1000,0
2024-01-17 13:06:44.91573,6,1000,0
2024-01-17 13:06:44.91584,6,1000,0
2024-01-17 13:06:44.91601,6,1000,0
2024-01-17 13:06:44.91619,6,1000,0
2024-01-17 13:06:44.91634,6,1000,0
2024-01-17 13:06:44.91649,6,1000,0
2024-01-17 13:06:44.91662,6,1000,0
2024-01-17 13:06:44.91699,6,1000,0
2024-01-17 13:06:44.91710,6,1000,0
2024-01-17 13:06:44.91728,6,1000,0
2024-01-17 13:06:44.91748,6,1000,0
2024-01-17 13:06:44.91763,6,1000,0
2024-01-17 13:06:44.91774,6,1000,0
2024-01-17 13:06:44.91785,6,1000,0
2024-01-17 13:06:44.91801,6,1000,0
2024-01-17 13:06:44.91815,6,1000,0
2024-01-17 13:06:44.91833,6,1000,0
2024-01-17 13:06:44.91849,6,1000,0
2024-01-17 13:06:44.91870,6,1000,0
2024-01-17 13:06:44.91890,6,1000,0
2024-01-17 13:06:44.91910,6,1000,0
2024-01-17 13:06:44.91943,6,1000,0
2024-01-17 13:06:44.91956,6,1000,0
2024-01-17 13:06:44.91971,6,1000,0
2024-01-17 13:06:44.91986,6,1000,0
2024-01-17 13:06:44.92021,6,1000,0
2024-01-17 13:06:44.92049,6,1000,0
2024-01-17 13:06:44.92114,6,1000,0
2024-01-17 13:06:44.92127,6,1000,0
2024-01-17 13:06:44.92141,6,1000,0
2024-01-17 13:06:44.92153,6,1000,0
2024-01-17 13:06:44.92168,6,1000,0
2024-01-17 13:06:44.92176,6,1000,0
2024-01-17 13:06:44.92187,6,1000,0
2024-01-17 13:06:44.92195,6,1000,0
2024-01-17 13:06:44.92203,6,1000,0
2024-01-17 13:06:44.92219,6,1000,0
2024-01-17 13:06:44.92240,6,1000,0
2024-01-17 13:06:44.92264,6,1000,0
2024-01-17 13:06:44.92278,6,1000,0
2024-01-17 13:06:44.92293,6,1000,0
2024-01-17 13:06:44.92308,6,1000,0
2024-01-17 13:06:46.52980,7,1000,0
2024-01-17 13:06:46.52996,7,1000,0
2024-01-17 13:06:46.53006,7,1000,0
2024-01-17 13:06:46.53019,7,1000,0
2024-01-17 13:06:46.53032,7,1000,0
2024-01-17 13:06:46.53041,7,1000,0
2024-01-17 13:06:46.53059,7,1000,0
2024-01-17 13:06:46.53070,7,1000,0
2024-01-17 13:06:46.53080,7,1000,0
2024-01-17 13:06:46.53100,7,1000,0
2024-01-17 13:06:46.53117,7,1000,0
2024-01-17 13:06:46.53128,7,1000,0
2024-01-17 13:06:46.53149,7,1000,0
2024-01-17 13:06:46.53168,7,1000,0
2024-01-17 13:06:46.53183,7,1000,0
2024-01-17 13:06:46.53197,7,1000,0
2024-01-17 13:06:46.53215,7,1000,0
2024-01-17 13:06:46.53230,7,1000,0
2024-01-17 13:06:46.53244,7,1000,0
2024-01-17 13:06:46.53259,7,1000,0
2024-01-17 13:06:46.53319,7,1000,0
2024-01-17 13:06:46.53329,7,1000,0
2024-01-17 13:06:46.53340,7,1000,0
2024-01-17 13:06:46.53353,7,1000,0
2024-01-17 13:06:46.53362,7,1000,0
2024-01-17 13:06:46.53390,7,1000,0
2024-01-17 13:06:46.53399,7,1000,0
2024-01-17 13:06:46.53410,7,1000,0
2024-01-17 13:06:46.53420,7,1000,0
2024-01-17 13:06:46.53432,7,1000,0
2024-01-17 13:06:46.53442,7,1000,0
2024-01-17 13:06:46.53455,7,1000,0
2024-01-17 13:06:46.53463,7,1000,0
2024-01-17 13:06:46.53504,7,1000,0
2024-01-17 13:06:46.53515,7,1000,0
2024-01-17 13:06:46.53523,7,1000,0
2024-01-17 13:06:46.53537,7,1000,0
2024-01-17 13:06:46.53561,7,1000,0
2024-01-17 13:06:46.53571,7,1000,0
2024-01-17 13:06:46.53583,7,1000,0
2024-01-17 13:06:46.53644,7,1000,0
2024-01-17 13:06:46.53653,7,1000,0
2024-01-17 13:06:46.53664,7,1000,0
2024-01-17 13:06:46.53678,7,1000,0
2024-01-17 13:06:46.53688,7,1000,0
2024-01-17 13:06:46.53697,7,1000,0
2024-01-17 13:06:46.53709,7,1000,0
2024-01-17 13:06:46.53720,7,1000,0
2024-01-17 13:06:46.53759,7,1000,0
2024-01-17 13:06:46.53776,7,1000,0
2024-01-17 13:06:46.53791,7,1000,0
2024-01-17 13:06:46.53806,7,1000,0
2024-01-17 13:06:46.53886,7,1000,0
2024-01-17 13:06:46.53897,7,1000,0
2024-01-17 13:06:46.53905,7,1000,0
2024-01-17 13:06:46.53912,7,1000,0
2024-01-17 13:06:46.53919,7,1000,0
2024-01-17 13:06:46.53930,7,1000,0
2024-01-17 13:06:46.53939,7,1000,0
2024-01-17 13:06:46.53946,7,1000,0
2024-01-17 13:06:46.53956,7,1000,0
2024-01-17 13:06:46.53967,7,1000,0
2024-01-17 13:06:46.53975,7,1000,0
2024-01-17 13:06:46.53985,7,1000,0
2024-01-17 13:06:46.53998,7,1000,0
2024-01-17 13:06:46.54009,7,1000,0
2024-01-17 13:06:46.54026,7,1000,0
2024-01-17 13:06:46.54043,7,1000,0
2024-01-17 13:06:46.54266,7,1000,0
2024-01-17 13:06:46.54274,7,1000,0
2024-01-17 13:06:46.54285,7,1000,0
2024-01-17 13:06:46.54296,7,1000,0
2024-01-17 13:06:46.54317,7,1000,0
2024-01-17 13:06:46.54386,7,1000,0
2024-01-17 13:06:46.54394,7,1000,0
2024-01-17 13:06:46.54405,7,1000,0
2024-01-17 13:06:46.54413,7,1000,0
2024-01-17 13:06:46.54422,7,1000,0
2024-01-17 13:06:46.54429,7,1000,0
2024-01-17 13:06:46.54438,7,1000,0
2024-01-17 13:06:46.54447,7,1000,0
2024-01-17 13:06:46.54454,7,1000,0
2024-01-17 13:06:46.54460,7,1000,0
2024-01-17 13:06:46.54478,7,1000,0
2024-01-17 13:06:46.54490,7,1000,0
2024-01-17 13:06:46.54503,7,1000,0
2024-01-17 13:06:46.54512,7,1000,0
2024-01-17 13:06:46.54518,7,1000,0
2024-01-17 13:06:46.54525,7,1000,0
2024-01-17 13:06:46.54534,7,1000,0
2024-01-17 13:06:46.54540,7,1000,0
2024-01-17 13:06:46.54548,7,1000,0
2024-01-17 13:06:46.54554,7,1000,0
2024-01-17 13:06:46.54562,7,1000,0
2024-01-17 13:06:46.54568,7,1000,0
2024-01-17 13:06:46.54577,7,1000,0
2024-01-17 13:06:46.54584,7,1000,0
2024-01-17 13:06:46.54597,7,1000,0
2024-01-17 13:06:46.54612,7,1000,0
2024-01-17 13:06:46.54624,7,1000,0
2024-01-17 13:06:46.54635,7,1000,0
2024-01-17 13:06:46.54645,7,1000,0
2024-01-17 13:06:46.54656,7,1000,0
2024-01-17 13:06:46.54667,7,1000,0
2024-01-17 13:06:46.54732,7,1000,0
2024-01-17 13:06:46.54741,7,1000,0
2024-01-17 13:06:46.54769,7,1000,0
2024-01-17 13:06:46.54776,7,1000,0
2024-01-17 13:06:46.54782,7,1000,0
2024-01-17 13:06:46.54797,7,1000,0
2024-01-17 13:06:46.54810,7,1000,0
2024-01-17 13:06:46.54837,7,1000,0
2024-01-17 13:06:46.54852,7,1000,0
2024-01-17 13:06:46.54868,7,1000,0
2024-01-17 13:06:46.54879,7,1000,0
2024-01-17 13:06:46.54894,7,1000,0
2024-01-17 13:06:46.54918,7,1000,0
2024-01-17 13:06:46.54929,7,1000,0
2024-01-17 13:06:46.54940,7,1000,0
2024-01-17 13:06:46.54954,7,1000,0
2024-01-17 13:06:46.54967,7,1000,0
2024-01-17 13:06:46.54973,7,1000,0
2024-01-17 13:06:46.54980,7,1000,0
2024-01-17 13:06:46.55050,7,1000,0
2024-01-17 13:06:46.55058,7,1000,0
2024-01-17 13:06:46.55073,7,1000,0
2024-01-17 13:06:46.55079,7,1000,0
2024-01-17 13:06:46.55088,7,1000,0
2024-01-17 13:06:46.55094,7,1000,0
2024-01-17 13:06:46.55100,7,1000,0
2024-01-17 13:06:46.55106,7,1000,0
2024-01-17 13:06:46.55113,7,1000,0
2024-01-17 13:06:46.55121,7,1000,0
2024-01-17 13:06:46.55128,7,1000,0
2024-01-17 13:06:46.55152,7,1000,0
2024-01-17 13:06:46.55188,7,1000,0
2024-01-17 13:06:46.55203,7,1000,0
2024-01-17 13:06:46.55254,7,1000,0
2024-01-17 13:06:46.55266,7,1000,0
2024-01-17 13:06:46.55278,7,1000,0
2024-01-17 13:06:46.55288,7,1000,0
2024-01-17 13:06:46.55355,7,1000,0
2024-01-17 13:06:46.55368,7,1000,0
2024-01-17 13:06:46.55447,7,1000,0
2024-01-17 13:06:46.55458,7,1000,0
2024-01-17 13:06:46.55466,7,1000,0
2024-01-17 13:06:46.55478,7,1000,0
2024-01-17 13:06:46.55489,7,1000,0
2024-01-17 13:06:46.55498,7,1000,0
2024-01-17 13:06:46.55508,7,1000,0
2024-01-17 13:06:46.55518,7,1000,0
2024-01-17 13:06:46.55528,7,1000,0
2024-01-17 13:06:46.55538,7,1000,0
2024-01-17 13:06:46.55550,7,1000,0
2024-01-17 13:06:46.55645,7,1000,0
2024-01-17 13:06:46.55657,7,1000,0
2024-01-17 13:06:46.55667,7,1000,0
2024-01-17 13:06:46.55675,7,1000,0
2024-01-17 13:06:46.55684,7,1000,0
2024-01-17 13:06:46.55693,7,1000,0
2024-01-17 13:06:46.55704,7,1000,0
2024-01-17 13:06:46.55716,7,1000,0
2024-01-17 13:06:46.55726,7,1000,0
2024-01-17 13:06:46.55740,7,1000,0
2024-01-17 13:06:46.55763,7,1000,0
2024-01-17 13:06:46.55835,7,1000,0
2024-01-17 13:06:46.55942,7,1000,0
2024-01-17 13:06:46.55954,7,1000,0
2024-01-17 13:06:46.55966,7,1000,0
2024-01-17 13:06:46.55976,7,1000,0
2024-01-17 13:06:46.55997,7,1000,0
2024-01-17 13:06:46.56005,7,1000,0
2024-01-17 13:06:46.56017,7,1000,0
2024-01-17 13:06:46.56067,7,1000,0
2024-01-17 13:06:46.56077,7,1000,0
2024-01-17 13:06:46.56122,7,1000,0
2024-01-17 13:06:46.56132,7,1000,0
2024-01-17 13:06:46.56142,7,1000,0
2024-01-17 13:06:46.56153,7,1000,0
2024-01-17 13:06:46.56164,7,1000,0
2024-01-17 13:06:46.56175,7,1000,0
2024-01-17 13:06:46.56188,7,1000,0
2024-01-17 13:06:46.56197,7,1000,0
2024-01-17 13:06:46.56206,7,1000,0
2024-01-17 13:06:46.56216,7,1000,0
2024-01-17 13:06:46.56229,7,1000,0
2024-01-17 13:06:46.56281,7,1000,0
2024-01-17 13:06:46.56292,7,1000,0
2024-01-17 13:06:46.56300,7,1000,0
2024-01-17 13:06:46.56307,7,1000,0
2024-01-17 13:06:46.56317,7,1000,0
2024-01-17 13:06:46.56328,7,1000,0
2024-01-17 13:06:46.56338,7,1000,0
2024-01-17 13:06:46.56347,7,1000,0
2024-01-17 13:06:46.56356,7,1000,0
2024-01-17 13:06:46.56380,7,1000,0
2024-01-17 13:06:46.56394,7,1000,0
2024-01-17 13:06:46.56403,7,1000,0
2024-01-17 13:06:46.56414,7,1000,0
2024-01-17 13:06:46.56437,7,1000,0
2024-01-17 13:06:46.56449,7,1000,0
2024-01-17 13:06:46.56462,7,1000,0
2024-01-17 13:06:46.56479,7,1000,0
2024-01-17 13:06:46.56494,7,1000,0
2024-01-17 13:06:46.56508,7,1000,0
2024-01-17 13:06:46.56525,7,1000,0
2024-01-17 13:06:46.56568,7,1000,0
2024-01-17 13:06:46.56575,7,1000,0
2024-01-17 13:06:46.56584,7,1000,0
2024-01-17 13:06:46.56591,7,1000,0
2024-01-17 13:06:46.56601,7,1000,0
2024-01-17 13:06:46.56620,7,1000,0
2024-01-17 13:06:46.56650,7,1000,0
2024-01-17 13:06:46.56657,7,1000,0
2024-01-17 13:06:46.56667,7,1000,0
2024-01-17 13:06:46.56736,7,1000,0
2024-01-17 13:06:46.56744,7,1000,0
2024-01-17 13:06:46.56751,7,1000,0
2024-01-17 13:06:46.56817,7,1000,0
2024-01-17 13:06:46.56827,7,1000,0
2024-01-17 13:06:46.56836,7,1000,0
2024-01-17 13:06:46.56909,7,1000,0
2024-01-17 13:06:46.56920,7,1000,0
2024-01-17 13:06:46.56929,7,1000,0
2024-01-17 13:06:46.56940,7,1000,0
2024-01-17 13:06:46.56950,7,1000,0
2024-01-17 13:06:46.56958,7,1000,0
2024-01-17 13:06:46.56967,7,1000,0
2024-01-17 13:06:46.56978,7,1000,0
2024-01-17 13:06:46.56984,7,1000,0
2024-01-17 13:06:46.56990,7,1000,0
2024-01-17 13:06:46.56996,7,1000,0
2024-01-17 13:06:46.57040,7,1000,0
2024-01-17 13:06:46.57051,7,1000,0
2024-01-17 13:06:46.57059,7,1000,0
2024-01-17 13:06:46.57065,7,1000,0
2024-01-17 13:06:46.57071,7,1000,0
2024-01-17 13:06:46.57079,7,1000,0
2024-01-17 13:06:46.57085,7,1000,0
2024-01-17 13:06:46.57091,7,1000,0
2024-01-17 13:06:46.57101,7,1000,0
2024-01-17 13:06:46.57109,7,1000,0
2024-01-17 13:06:46.57117,7,1000,0
2024-01-17 13:06:46.57126,7,1000,0
2024-01-17 13:06:46.57144,7,1000,0
2024-01-17 13:06:46.57158,7,1000,0
2024-01-17 13:06:46.57171,7,1000,0
2024-01-17 13:06:46.57184,7,1000,0
2024-01-17 13:06:46.57195,7,1000,0
2024-01-17 13:06:46.57208,7,1000,0
2024-01-17 13:06:46.57219,7,1000,0
2024-01-17 13:06:46.57225,7,1000,0
2024-01-17 13:06:46.57507,7,1000,0
2024-01-17 13:06:46.57515,7,1000,0
2024-01-17 13:06:46.57537,7,1000,0
2024-01-17 13:06:46.57545,7,1000,0
2024-01-17 13:06:46.57552,7,1000,0
2024-01-17 13:06:46.57735,7,1000,0
2024-01-17 13:06:46.57744,7,1000,0
2024-01-17 13:06:46.57753,7,1000,0
2024-01-17 13:06:46.57766,7,1000,0
2024-01-17 13:06:46.57928,7,1000,0
2024-01-17 13:06:46.57941,7,1000,0
2024-01-17 13:06:46.58031,7,1000,0
2024-01-17 13:06:46.58040,7,1000,0
2024-01-17 13:06:46.58051,7,1000,0
2024-01-17 13:06:46.58058,7,1000,0
2024-01-17 13:06:46.58066,7,1000,0
2024-01-17 13:06:46.58074,7,1000,0
2024-01-17 13:06:46.58081,7,1000,0
2024-01-17 13:06:46.58089,7,1000,0
2024-01-17 13:06:46.58099,7,1000,0
2024-01-17 13:06:46.58108,7,1000,0
2024-01-17 13:06:46.58119,7,1000,0
2024-01-17 13:06:46.58128,7,1000,0
2024-01-17 13:06:46.58137,7,1000,0
2024-01-17 13:06:46.58145,7,1000,0
2024-01-17 13:06:46.58156,7,1000,0
2024-01-17 13:06:46.58166,7,1000,0
2024-01-17 13:06:46.58176,7,1000,0
2024-01-17 13:06:46.58185,7,1000,0
2024-01-17 13:06:46.58193,7,1000,0
2024-01-17 13:06:46.58205,7,1000,0
2024-01-17 13:06:46.58215,7,1000,0
2024-01-17 13:06:46.58228,7,1000,0
2024-01-17 13:06:46.58239,7,1000,0
2024-01-17 13:06:46.58248,7,1000,0
2024-01-17 13:06:46.58258,7,1000,0
2024-01-17 13:06:46.58266,7,1000,0
2024-01-17 13:06:46.58274,7,1000,0
2024-01-17 13:06:46.58315,7,1000,0
2024-01-17 13:06:46.58323,7,1000,0
2024-01-17 13:06:46.58330,7,1000,0
2024-01-17 13:06:46.58343,7,1000,0
2024-01-17 13:06:46.58353,7,1000,0
2024-01-17 13:06:46.58363,7,1000,0
2024-01-17 13:06:46.58371,7,1000,0
2024-01-17 13:06:46.58378,7,1000,0
2024-01-17 13:06:46.58386,7,1000,0
2024-01-17 13:06:46.58394,7,1000,0
2024-01-17 13:06:46.58402,7,1000,0
2024-01-17 13:06:46.58417,7,1000,0
2024-01-17 13:06:46.58429,7,1000,0
2024-01-17 13:06:46.58459,7,1000,0
2024-01-17 13:06:46.58466,7,1000,0
2024-01-17 13:06:46.58474,7,1000,0
2024-01-17 13:06:46.58482,7,1000,0
2024-01-17 13:06:46.58488,7,1000,0
2024-01-17 13:06:46.58497,7,1000,0
2024-01-17 13:06:46.58506,7,1000,0
2024-01-17 13:06:46.58515,7,1000,0
2024-01-17 13:06:46.58528,7,1000,0
2024-01-17 13:06:46.58535,7,1000,0
2024-01-17 13:06:46.58545,7,1000,0
2024-01-17 13:06:46.58557,7,1000,0
2024-01-17 13:06:46.58564,7,1000,0
2024-01-17 13:06:46.58571,7,1000,0
2024-01-17 13:06:46.58786,7,1000,0
2024-01-17 13:06:46.58797,7,1000,0
2024-01-17 13:06:46.58808,7,1000,0
2024-01-17 13:06:46.58816,7,1000,0
2024-01-17 13:06:46.58825,7,1000,0
2024-01-17 13:06:46.58831,7,1000,0
2024-01-17 13:06:46.58838,7,1000,0
2024-01-17 13:06:46.58848,7,1000,0
2024-01-17 13:06:46.58856,7,1000,0
2024-01-17 13:06:46.58864,7,1000,0
2024-01-17 13:06:46.58872,7,1000,0
2024-01-17 13:06:46.58880,7,1000,0
2024-01-17 13:06:46.58887,7,1000,0
2024-01-17 13:06:46.58898,7,1000,0
2024-01-17 13:06:46.58907,7,1000,0
2024-01-17 13:06:46.58915,7,1000,0
2024-01-17 13:06:46.58923,7,1000,0
2024-01-17 13:06:46.58932,7,1000,0
2024-01-17 13:06:46.58940,7,1000,0
2024-01-17 13:06:46.58947,7,1000,0
2024-01-17 13:06:46.58953,7,1000,0
2024-01-17 13:06:46.58962,7,1000,0
2024-01-17 13:06:46.58969,7,1000,0
2024-01-17 13:06:46.58986,7,1000,0
2024-01-17 13:06:46.58994,7,1000,0
2024-01-17 13:06:46.59237,7,1000,0
2024-01-17 13:06:46.59246,7,1000,0
2024-01-17 13:06:46.59253,7,1000,0
2024-01-17 13:06:46.59259,7,1000,0
2024-01-17 13:06:46.59266,7,1000,0
2024-01-17 13:06:46.59274,7,1000,0
2024-01-17 13:06:46.59282,7,1000,0
2024-01-17 13:06:46.59770,7,1000,0
2024-01-17 13:06:46.59777,7,1000,0
2024-01-17 13:06:46.60069,7,1000,0
2024-01-17 13:06:46.60078,7,1000,0
2024-01-17 13:06:46.60086,7,1000,0
2024-01-17 13:06:46.60095,7,1000,0
2024-01-17 13:06:46.60104,7,1000,0
2024-01-17 13:06:46.60116,7,1000,0
2024-01-17 13:06:46.60125,7,1000,0
2024-01-17 13:06:46.60135,7,1000,0
2024-01-17 13:06:46.60146,7,1000,0
2024-01-17 13:06:46.60179,7,1000,0
2024-01-17 13:06:46.60187,7,1000,0
2024-01-17 13:06:46.60196,7,1000,0
2024-01-17 13:06:46.60207,7,1000,0
2024-01-17 13:06:46.60220,7,1000,0
2024-01-17 13:06:46.60229,7,1000,0
2024-01-17 13:06:46.60236,7,1000,0
2024-01-17 13:06:46.60243,7,1000,0
2024-01-17 13:06:46.60260,7,1000,0
2024-01-17 13:06:46.60271,7,1000,0
2024-01-17 13:06:46.60280,7,1000,0
2024-01-17 13:06:46.60290,7,1000,0
2024-01-17 13:06:46.60300,7,1000,0
2024-01-17 13:06:46.60313,7,1000,0
2024-01-17 13:06:46.60323,7,1000,0
2024-01-17 13:06:46.60333,7,1000,0
2024-01-17 13:06:46.60343,7,1000,0
2024-01-17 13:06:46.60354,7,1000,0
2024-01-17 13:06:46.60362,7,1000,0
2024-01-17 13:06:46.60436,7,1000,0
2024-01-17 13:06:46.60442,7,1000,0
2024-01-17 13:06:46.60449,7,1000,0
2024-01-17 13:06:46.60459,7,1000,0
2024-01-17 13:06:46.60468,7,1000,0
2024-01-17 13:06:46.60476,7,1000,0
2024-01-17 13:06:46.60483,7,1000,0
2024-01-17 13:06:46.60490,7,1000,0
2024-01-17 13:06:46.60535,7,1000,0
2024-01-17 13:06:46.60544,7,1000,0
2024-01-17 13:06:46.60573,7,1000,0
2024-01-17 13:06:46.60580,7,1000,0
2024-01-17 13:06:46.60588,7,1000,0
2024-01-17 13:06:46.60594,7,1000,0
2024-01-17 13:06:46.60615,7,1000,0
2024-01-17 13:06:46.60623,7,1000,0
2024-01-17 13:06:46.60632,7,1000,0
2024-01-17 13:06:46.60641,7,1000,0
2024-01-17 13:06:46.60649,7,1000,0
2024-01-17 13:06:46.60658,7,1000,0
2024-01-17 13:06:46.60667,7,1000,0
2024-01-17 13:06:46.60675,7,1000,0
2024-01-17 13:06:46.60710,7,1000,0
2024-01-17 13:06:46.60719,7,1000,0
2024-01-17 13:06:46.60726,7,1000,0
2024-01-17 13:06:46.60733,7,1000,0
2024-01-17 13:06:46.60739,7,1000,0
2024-01-17 13:06:46.60771,7,1000,0
2024-01-17 13:06:46.60970,7,1000,0
2024-01-17 13:06:46.61004,7,1000,0
2024-01-17 13:06:46.61043,7,1000,0
2024-01-17 13:06:46.61060,7,1000,0
2024-01-17 13:06:46.61068,7,1000,0
2024-01-17 13:06:46.61076,7,1000,0
2024-01-17 13:06:46.61084,7,1000,0
2024-01-17 13:06:46.61095,7,1000,0
2024-01-17 13:06:46.61104,7,1000,0
2024-01-17 13:06:46.61135,7,1000,0
2024-01-17 13:06:46.61144,7,1000,0
2024-01-17 13:06:46.61152,7,1000,0
2024-01-17 13:06:46.61161,7,1000,0
2024-01-17 13:06:46.61168,7,1000,0
2024-01-17 13:06:46.61176,7,1000,0
2024-01-17 13:06:46.61188,7,1000,0
2024-01-17 13:06:46.61196,7,1000,0
2024-01-17 13:06:46.61226,7,1000,0
2024-01-17 13:06:46.61237,7,1000,0
2024-01-17 13:06:46.61246,7,1000,0
2024-01-17 13:06:46.61256,7,1000,0
2024-01-17 13:06:46.61266,7,1000,0
2024-01-17 13:06:46.61276,7,1000,0
2024-01-17 13:06:46.61290,7,1000,0
2024-01-17 13:06:46.61300,7,1000,0
2024-01-17 13:06:46.61308,7,1000,0
2024-01-17 13:06:46.61317,7,1000,0
2024-01-17 13:06:46.61324,7,1000,0
2024-01-17 13:06:46.61332,7,1000,0
2024-01-17 13:06:46.61340,7,1000,0
2024-01-17 13:06:46.61350,7,1000,0
2024-01-17 13:06:46.61378,7,1000,0
2024-01-17 13:06:46.61390,7,1000,0
2024-01-17 13:06:46.61398,7,1000,0
2024-01-17 13:06:46.61406,7,1000,0
2024-01-17 13:06:46.61414,7,1000,0
2024-01-17 13:06:46.61422,7,1000,0
2024-01-17 13:06:46.61436,7,1000,0
2024-01-17 13:06:46.61445,7,1000,0
2024-01-17 13:06:46.61463,7,1000,0
2024-01-17 13:06:46.61814,7,1000,0
2024-01-17 13:06:46.61825,7,1000,0
2024-01-17 13:06:46.61834,7,1000,0
2024-01-17 13:06:46.61842,7,1000,0
2024-01-17 13:06:46.61851,7,1000,0
2024-01-17 13:06:46.61859,7,1000,0
2024-01-17 13:06:46.61870,7,1000,0
2024-01-17 13:06:46.61878,7,1000,0
2024-01-17 13:06:46.62636,7,1000,0
2024-01-17 13:06:46.62750,7,1000,0
2024-01-17 13:06:46.62757,7,1000,0
2024-01-17 13:06:46.62778,7,1000,0
2024-01-17 13:06:46.62784,7,1000,0
2024-01-17 13:06:46.62793,7,1000,0
2024-01-17 13:06:46.62799,7,1000,0
2024-01-17 13:06:46.62808,7,1000,0
2024-01-17 13:06:46.62815,7,1000,0
2024-01-17 13:06:46.62821,7,1000,0
2024-01-17 13:06:46.62830,7,1000,0
2024-01-17 13:06:46.62838,7,1000,0
2024-01-17 13:06:46.62845,7,1000,0
2024-01-17 13:06:46.62853,7,1000,0
2024-01-17 13:06:46.62859,7,1000,0
2024-01-17 13:06:46.62868,7,1000,0
2024-01-17 13:06:46.62875,7,1000,0
2024-01-17 13:06:46.62884,7,1000,0
2024-01-17 13:06:46.62890,7,1000,0
2024-01-17 13:06:46.62898,7,1000,0
2024-01-17 13:06:46.62906,7,1000,0
2024-01-17 13:06:46.62913,7,1000,0
2024-01-17 13:06:46.62920,7,1000,0
2024-01-17 13:06:46.62926,7,1000,0
2024-01-17 13:06:46.62933,7,1000,0
2024-01-17 13:06:46.62940,7,1000,0
2024-01-17 13:06:46.62946,7,1000,0
2024-01-17 13:06:46.62953,7,1000,0
2024-01-17 13:06:46.62962,7,1000,0
2024-01-17 13:06:46.62969,7,1000,0
2024-01-17 13:06:46.62980,7,1000,0
2024-01-17 13:06:46.62988,7,1000,0
2024-01-17 13:06:46.62996,7,1000,0
2024-01-17 13:06:46.63004,7,1000,0
2024-01-17 13:06:46.63010,7,1000,0
2024-01-17 13:06:46.63017,7,1000,0
2024-01-17 13:06:46.63024,7,1000,0
2024-01-17 13:06:46.63367,7,1000,0
2024-01-17 13:06:46.63377,7,1000,0
2024-01-17 13:06:46.63386,7,1000,0
2024-01-17 13:06:46.63397,7,1000,0
2024-01-17 13:06:46.63504,7,1000,0
2024-01-17 13:06:46.63512,7,1000,0
2024-01-17 13:06:46.63560,7,1000,0
2024-01-17 13:06:46.63571,7,1000,0
2024-01-17 13:06:46.63583,7,1000,0
2024-01-17 13:06:46.63591,7,1000,0
2024-01-17 13:06:46.63601,7,1000,0
2024-01-17 13:06:46.63608,7,1000,0
2024-01-17 13:06:46.63613,7,1000,0
2024-01-17 13:06:46.63814,7,1000,0
2024-01-17 13:06:46.63821,7,1000,0
2024-01-17 13:06:46.63838,7,1000,0
2024-01-17 13:06:46.63866,7,1000,0
2024-01-17 13:06:46.63874,7,1000,0
2024-01-17 13:06:46.63901,7,1000,0
2024-01-17 13:06:46.63910,7,1000,0
2024-01-17 13:06:46.63917,7,1000,0
2024-01-17 13:06:46.63927,7,1000,0
2024-01-17 13:06:46.63937,7,1000,0
2024-01-17 13:06:46.63953,7,1000,0
2024-01-17 13:06:46.63961,7,1000,0
2024-01-17 13:06:46.63968,7,1000,0
2024-01-17 13:06:46.63973,7,1000,0
2024-01-17 13:06:46.63979,7,1000,0
2024-01-17 13:06:46.63986,7,1000,0
2024-01-17 13:06:46.64267,7,1000,0
2024-01-17 13:06:46.64274,7,1000,0
2024-01-17 13:06:46.64280,7,1000,0
2024-01-17 13:06:46.64285,7,1000,0
2024-01-17 13:06:46.64293,7,1000,0
2024-01-17 13:06:46.64299,7,1000,0
2024-01-17 13:06:46.64304,7,1000,0
2024-01-17 13:06:46.64311,7,1000,0
2024-01-17 13:06:46.64318,7,1000,0
2024-01-17 13:06:46.64324,7,1000,0
2024-01-17 13:06:46.64332,7,1000,0
2024-01-17 13:06:46.64338,7,1000,0
2024-01-17 13:06:46.64344,7,1000,0
2024-01-17 13:06:46.64350,7,1000,0
2024-01-17 13:06:46.64356,7,1000,0
2024-01-17 13:06:46.64363,7,1000,0
2024-01-17 13:06:46.64371,7,1000,0
2024-01-17 13:06:46.64376,7,1000,0
2024-01-17 13:06:46.64382,7,1000,0
2024-01-17 13:06:46.64387,7,1000,0
2024-01-17 13:06:46.64633,7,1000,0
2024-01-17 13:06:46.64640,7,1000,0
2024-01-17 13:06:46.64647,7,1000,0
2024-01-17 13:06:46.64653,7,1000,0
2024-01-17 13:06:46.64659,7,1000,0
2024-01-17 13:06:46.64666,7,1000,0
2024-01-17 13:06:46.64673,7,1000,0
2024-01-17 13:06:46.64680,7,1000,0
2024-01-17 13:06:46.64688,7,1000,0
2024-01-17 13:06:46.64695,7,1000,0
2024-01-17 13:06:46.64702,7,1000,0
2024-01-17 13:06:46.64709,7,1000,0
2024-01-17 13:06:46.64717,7,1000,0
2024-01-17 13:06:46.64726,7,1000,0
2024-01-17 13:06:46.64735,7,1000,0
2024-01-17 13:06:46.64742,7,1000,0
2024-01-17 13:06:46.64751,7,1000,0
2024-01-17 13:06:46.64758,7,1000,0
2024-01-17 13:06:46.64765,7,1000,0
2024-01-17 13:06:46.64775,7,1000,0
2024-01-17 13:06:46.64786,7,1000,0
2024-01-17 13:06:46.64793,7,1000,0
2024-01-17 13:06:46.64799,7,1000,0
2024-01-17 13:06:46.64807,7,1000,0
2024-01-17 13:06:46.65052,7,1000,0
2024-01-17 13:06:46.65063,7,1000,0
2024-01-17 13:06:46.65073,7,1000,0
2024-01-17 13:06:46.65091,7,1000,0
2024-01-17 13:06:46.65103,7,1000,0
2024-01-17 13:06:46.65111,7,1000,0
2024-01-17 13:06:46.65118,7,1000,0
2024-01-17 13:06:46.65125,7,1000,0
2024-01-17 13:06:46.65134,7,1000,0
2024-01-17 13:06:46.65315,7,1000,0
2024-01-17 13:06:46.65324,7,1000,0
2024-01-17 13:06:46.65330,7,1000,0
2024-01-17 13:06:46.65390,7,1000,0
2024-01-17 13:06:46.65400,7,1000,0
2024-01-17 13:06:46.65411,7,1000,0
2024-01-17 13:06:46.65425,7,1000,0
2024-01-17 13:06:46.65433,7,1000,0
2024-01-17 13:06:46.65444,7,1000,0
2024-01-17 13:06:46.65450,7,1000,0
2024-01-17 13:06:46.65459,7,1000,0
2024-01-17 13:06:46.65465,7,1000,0
2024-01-17 13:06:46.65472,7,1000,0
2024-01-17 13:06:46.65677,7,1000,0
2024-01-17 13:06:46.65685,7,1000,0
2024-01-17 13:06:46.65691,7,1000,0
2024-01-17 13:06:46.65698,7,1000,0
2024-01-17 13:06:46.65706,7,1000,0
2024-01-17 13:06:46.65713,7,1000,0
2024-01-17 13:06:46.65719,7,1000,0
2024-01-17 13:06:46.65725,7,1000,0
2024-01-17 13:06:46.65731,7,1000,0
2024-01-17 13:06:46.65738,7,1000,0
2024-01-17 13:06:46.65745,7,1000,0
2024-01-17 13:06:46.65750,7,1000,0
2024-01-17 13:06:46.65755,7,1000,0
2024-01-17 13:06:46.65761,7,1000,0
2024-01-17 13:06:46.65767,7,1000,0
2024-01-17 13:06:46.65774,7,1000,0
2024-01-17 13:06:46.65781,7,1000,0
2024-01-17 13:06:46.65787,7,1000,0
2024-01-17 13:06:46.65796,7,1000,0
2024-01-17 13:06:46.65802,7,1000,0
2024-01-17 13:06:46.65811,7,1000,0
2024-01-17 13:06:46.65818,7,1000,0
2024-01-17 13:06:46.65842,7,1000,0
2024-01-17 13:06:46.65855,7,1000,0
2024-01-17 13:06:46.65865,7,1000,0
2024-01-17 13:06:46.65877,7,1000,0
2024-01-17 13:06:46.65890,7,1000,0
2024-01-17 13:06:46.65940,7,1000,0
2024-01-17 13:06:46.65947,7,1000,0
2024-01-17 13:06:46.65954,7,1000,0
2024-01-17 13:06:46.65960,7,1000,0
2024-01-17 13:06:46.65970,7,1000,0
2024-01-17 13:06:46.65986,7,1000,0
2024-01-17 13:06:46.66012,7,1000,0
2024-01-17 13:06:46.66022,7,1000,0
2024-01-17 13:06:46.66060,7,1000,0
2024-01-17 13:06:46.66070,7,1000,0
2024-01-17 13:06:46.66081,7,1000,0
2024-01-17 13:06:46.66107,7,1000,0
2024-01-17 13:06:46.66118,7,1000,0
2024-01-17 13:06:46.66132,7,1000,0
2024-01-17 13:06:46.66146,7,1000,0
2024-01-17 13:06:46.66157,7,1000,0
2024-01-17 13:06:46.66168,7,1000,0
2024-01-17 13:06:46.66188,7,1000,0
2024-01-17 13:06:46.66202,7,1000,0
2024-01-17 13:06:46.66229,7,1000,0
2024-01-17 13:06:46.66238,7,1000,0
2024-01-17 13:06:46.66248,7,1000,0
2024-01-17 13:06:46.66276,7,1000,0
2024-01-17 13:06:46.66284,7,1000,0
2024-01-17 13:06:46.66294,7,1000,0
2024-01-17 13:06:46.66306,7,1000,0
2024-01-17 13:06:46.66336,7,1000,0
2024-01-17 13:06:46.66347,7,1000,0
2024-01-17 13:06:46.66355,7,1000,0
2024-01-17 13:06:46.66364,7,1000,0
2024-01-17 13:06:46.66373,7,1000,0
2024-01-17 13:06:46.66382,7,1000,0
2024-01-17 13:06:46.66398,7,1000,0
2024-01-17 13:06:46.66418,7,1000,0
2024-01-17 13:06:46.66428,7,1000,0
2024-01-17 13:06:46.66436,7,1000,0
2024-01-17 13:06:46.66446,7,1000,0
2024-01-17 13:06:46.66453,7,1000,0
2024-01-17 13:06:46.66461,7,1000,0
2024-01-17 13:06:46.66469,7,1000,0
2024-01-17 13:06:46.66478,7,1000,0
2024-01-17 13:06:46.66486,7,1000,0
2024-01-17 13:06:46.66495,7,1000,0
2024-01-17 13:06:46.66507,7,1000,0
2024-01-17 13:06:46.66522,7,1000,0
2024-01-17 13:06:46.66538,7,1000,0
2024-01-17 13:06:46.66553,7,1000,0
2024-01-17 13:06:46.66565,7,1000,0
2024-01-17 13:06:46.66578,7,1000,0
2024-01-17 13:06:46.66589,7,1000,0
2024-01-17 13:06:46.66601,7,1000,0
2024-01-17 13:06:46.66613,7,1000,0
2024-01-17 13:06:46.66623,7,1000,0
2024-01-17 13:06:46.66635,7,1000,0
2024-01-17 13:06:46.66663,7,1000,0
2024-01-17 13:06:46.66673,7,1000,0
2024-01-17 13:06:46.66683,7,1000,0
2024-01-17 13:06:46.66696,7,1000,0
2024-01-17 13:06:46.66715,7,1000,0
2024-01-17 13:06:46.66723,7,1000,0
2024-01-17 13:06:46.66733,7,1000,0
2024-01-17 13:06:46.66743,7,1000,0
2024-01-17 13:06:46.66754,7,1000,0
2024-01-17 13:06:46.66769,7,1000,0
2024-01-17 13:06:46.66787,7,1000,0
2024-01-17 13:06:46.66803,7,1000,0
2024-01-17 13:06:46.66821,7,1000,0
2024-01-17 13:06:46.66838,7,1000,0
2024-01-17 13:06:46.66856,7,1000,0
2024-01-17 13:06:46.66868,7,1000,0
2024-01-17 13:06:46.66880,7,1000,0
2024-01-17 13:06:46.66920,7,1000,0
2024-01-17 13:06:46.66937,7,1000,0
2024-01-17 13:06:46.66953,7,1000,0
2024-01-17 13:06:46.66968,7,1000,0
2024-01-17 13:06:46.66987,7,1000,0
2024-01-17 13:06:46.66996,7,1000,0
2024-01-17 13:06:46.67005,7,1000,0
2024-01-17 13:06:46.67015,7,1000,0
2024-01-17 13:06:46.67025,7,1000,0
2024-01-17 13:06:46.67034,7,1000,0
2024-01-17 13:06:46.67042,7,1000,0
2024-01-17 13:06:46.67052,7,1000,0
2024-01-17 13:06:46.67070,7,1000,0
2024-01-17 13:06:46.67082,7,1000,0
2024-01-17 13:06:46.67090,7,1000,0
2024-01-17 13:06:46.67099,7,1000,0
2024-01-17 13:06:46.67121,7,1000,0
2024-01-17 13:06:46.67135,7,1000,0
2024-01-17 13:06:46.67149,7,1000,0
2024-01-17 13:06:46.67161,7,1000,0
2024-01-17 13:06:46.67175,7,1000,0
2024-01-17 13:06:46.67187,7,1000,0
2024-01-17 13:06:46.67202,7,1000,0
2024-01-17 13:06:46.67231,7,1000,0
2024-01-17 13:06:46.67239,7,1000,0
2024-01-17 13:06:46.67249,7,1000,0
2024-01-17 13:06:46.67262,7,1000,0
2024-01-17 13:06:46.67273,7,1000,0
2024-01-17 13:06:46.67283,7,1000,0
2024-01-17 13:06:46.67294,7,1000,0
2024-01-17 13:06:46.67301,7,1000,0
2024-01-17 13:06:46.67309,7,1000,0
2024-01-17 13:06:46.67331,7,1000,0
2024-01-17 13:06:46.67348,7,1000,0
2024-01-17 13:06:46.67362,7,1000,0
2024-01-17 13:06:46.67376,7,1000,0
2024-01-17 13:06:46.67383,7,1000,0
2024-01-17 13:06:46.67392,7,1000,0
2024-01-17 13:06:46.67409,7,1000,0
2024-01-17 13:06:46.67451,7,1000,0
2024-01-17 13:06:46.67459,7,1000,0
2024-01-17 13:06:46.67468,7,1000,0
2024-01-17 13:06:46.67478,7,1000,0
2024-01-17 13:06:46.67485,7,1000,0
2024-01-17 13:06:46.67505,7,1000,0
2024-01-17 13:06:46.67515,7,1000,0
2024-01-17 13:06:46.67523,7,1000,0
2024-01-17 13:06:46.67533,7,1000,0
2024-01-17 13:06:46.67543,7,1000,0
2024-01-17 13:06:46.67549,7,1000,0
2024-01-17 13:06:46.67558,7,1000,0
2024-01-17 13:06:46.67567,7,1000,0
2024-01-17 13:06:46.67575,7,1000,0
2024-01-17 13:06:46.67584,7,1000,0
2024-01-17 13:06:46.67591,7,1000,0
2024-01-17 13:06:46.67605,7,1000,0
2024-01-17 13:06:46.67612,7,1000,0
2024-01-17 13:06:46.67621,7,1000,0
2024-01-17 13:06:46.67630,7,1000,0
2024-01-17 13:06:46.67638,7,1000,0
2024-01-17 13:06:46.67647,7,1000,0
2024-01-17 13:06:46.67662,7,1000,0
2024-01-17 13:06:46.67671,7,1000,0
2024-01-17 13:06:46.67678,7,1000,0
2024-01-17 13:06:46.67686,7,1000,0
2024-01-17 13:06:46.67693,7,1000,0
2024-01-17 13:06:46.67701,7,1000,0
2024-01-17 13:06:46.67707,7,1000,0
2024-01-17 13:06:46.67715,7,1000,0
2024-01-17 13:06:46.67723,7,1000,0
2024-01-17 13:06:46.67731,7,1000,0
2024-01-17 13:06:46.67738,7,1000,0
2024-01-17 13:06:46.67745,7,1000,0
2024-01-17 13:06:46.67753,7,1000,0
2024-01-17 13:06:46.67761,7,1000,0
2024-01-17 13:06:46.67768,7,1000,0
2024-01-17 13:06:46.67778,7,1000,0
2024-01-17 13:06:46.67785,7,1000,0
2024-01-17 13:06:46.67794,7,1000,0
2024-01-17 13:06:46.67800,7,1000,0
2024-01-17 13:06:46.67816,7,1000,0
2024-01-17 13:06:46.67830,7,1000,0
2024-01-17 13:06:46.67839,7,1000,0
2024-01-17 13:06:46.67855,7,1000,0
2024-01-17 13:06:46.67872,7,1000,0
2024-01-17 13:06:46.67886,7,1000,0
2024-01-17 13:06:46.67897,7,1000,0
2024-01-17 13:06:46.67908,7,1000,0
2024-01-17 13:06:46.67917,7,1000,0
2024-01-17 13:06:46.67929,7,1000,0
2024-01-17 13:06:46.67938,7,1000,0
2024-01-17 13:06:46.67949,7,1000,0
2024-01-17 13:06:46.67959,7,1000,0
2024-01-17 13:06:46.68197,7,1000,0
2024-01-17 13:06:46.68203,7,1000,0
2024-01-17 13:06:46.68232,7,1000,0
2024-01-17 13:06:46.68246,7,1000,0
2024-01-17 13:06:46.68260,7,1000,0
2024-01-17 13:06:46.68272,7,1000,0
2024-01-17 13:06:46.68279,7,1000,0
2024-01-17 13:06:46.68286,7,1000,0
2024-01-17 13:06:46.68297,7,1000,0
2024-01-17 13:06:46.68304,7,1000,0
2024-01-17 13:06:46.68312,7,1000,0
2024-01-17 13:06:46.68321,7,1000,0
2024-01-17 13:06:46.68329,7,1000,0
2024-01-17 13:06:46.68340,7,1000,0
2024-01-17 13:06:46.68348,7,1000,0
2024-01-17 13:06:46.68361,7,1000,0
2024-01-17 13:06:46.68383,7,1000,0
2024-01-17 13:06:46.68398,7,1000,0
2024-01-17 13:06:46.68404,7,1000,0
2024-01-17 13:06:46.68412,7,1000,0
2024-01-17 13:06:46.68421,7,1000,0
2024-01-17 13:06:46.68433,7,1000,0
2024-01-17 13:06:46.68448,7,1000,0
2024-01-17 13:06:46.68456,7,1000,0
2024-01-17 13:06:46.68465,7,1000,0
2024-01-17 13:06:46.68474,7,1000,0
2024-01-17 13:06:46.68481,7,1000,0
2024-01-17 13:06:46.68489,7,1000,0
2024-01-17 13:06:46.68495,7,1000,0
2024-01-17 13:06:46.68501,7,1000,0
2024-01-17 13:06:46.68509,7,1000,0
2024-01-17 13:06:46.68517,7,1000,0
2024-01-17 13:06:46.68527,7,1000,0
2024-01-17 13:06:46.68538,7,1000,0
2024-01-17 13:06:46.68546,7,1000,0
2024-01-17 13:06:46.68554,7,1000,0
2024-01-17 13:06:46.68571,7,1000,0
2024-01-17 13:06:46.68585,7,1000,0
2024-01-17 13:06:46.68597,7,1000,0
2024-01-17 13:06:46.68608,7,1000,0
2024-01-17 13:06:46.68619,7,1000,0
2024-01-17 13:06:46.68628,7,1000,0
2024-01-17 13:06:46.68637,7,1000,0
2024-01-17 13:06:46.68647,7,1000,0
2024-01-17 13:06:46.68661,7,1000,0
2024-01-17 13:06:46.68675,7,1000,0
2024-01-17 13:06:46.68683,7,1000,0
2024-01-17 13:06:46.68690,7,1000,0
2024-01-17 13:06:46.68697,7,1000,0
2024-01-17 13:06:46.68713,7,1000,0
2024-01-17 13:06:46.68729,7,1000,0
2024-01-17 13:06:46.68742,7,1000,0
2024-01-17 13:06:46.68755,7,1000,0
2024-01-17 13:06:46.68772,7,1000,0
2024-01-17 13:06:46.68785,7,1000,0
2024-01-17 13:06:46.68803,7,1000,0
2024-01-17 13:06:46.68816,7,1000,0
2024-01-17 13:06:46.68833,7,1000,0
2024-01-17 13:06:46.68847,7,1000,0
2024-01-17 13:06:46.68864,7,1000,0
2024-01-17 13:06:46.68872,7,1000,0
2024-01-17 13:06:46.68880,7,1000,0
2024-01-17 13:06:46.68887,7,1000,0
2024-01-17 13:06:46.68908,7,1000,0
2024-01-17 13:06:46.68949,7,1000,0
2024-01-17 13:06:46.68961,7,1000,0
2024-01-17 13:06:46.68974,7,1000,0
2024-01-17 13:06:46.68981,7,1000,0
2024-01-17 13:06:46.68997,7,1000,0
2024-01-17 13:06:46.69003,7,1000,0
2024-01-17 13:06:46.69012,7,1000,0
2024-01-17 13:06:46.69018,7,1000,0
2024-01-17 13:06:46.69025,7,1000,0
2024-01-17 13:06:46.69033,7,1000,0
2024-01-17 13:06:46.69039,7,1000,0
2024-01-17 13:06:46.69047,7,1000,0
2024-01-17 13:06:46.69073,7,1000,0
2024-01-17 13:06:46.69083,7,1000,0
2024-01-17 13:06:46.69091,7,1000,0
2024-01-17 13:06:46.69104,7,1000,0
2024-01-17 13:06:46.69113,7,1000,0
2024-01-17 13:06:46.69128,7,1000,0
2024-01-17 13:06:46.69137,7,1000,0
2024-01-17 13:06:46.69144,7,1000,0
2024-01-17 13:06:46.69153,7,1000,0
2024-01-17 13:06:46.69163,7,1000,0
2024-01-17 13:06:46.69170,7,1000,0
2024-01-17 13:06:46.69189,7,1000,0
2024-01-17 13:06:46.69196,7,1000,0
2024-01-17 13:06:46.69213,7,1000,0
2024-01-17 13:06:46.69228,7,1000,0
2024-01-17 13:06:46.69240,7,1000,0
2024-01-17 13:06:46.69248,7,1000,0
2024-01-17 13:06:46.69265,7,1000,0
2024-01-17 13:06:46.69275,7,1000,0
2024-01-17 13:06:46.69330,7,1000,0
2024-01-17 13:06:46.69338,7,1000,0
2024-01-17 13:06:46.69345,7,1000,0
2024-01-17 13:06:46.69355,7,1000,0
2024-01-17 13:06:46.69371,7,1000,0
2024-01-17 13:06:46.69380,7,1000,0
2024-01-17 13:06:46.69390,7,1000,0
2024-01-17 13:06:46.69399,7,1000,0
2024-01-17 13:06:46.69416,7,1000,0
2024-01-17 13:06:46.69430,7,1000,0
2024-01-17 13:06:46.69443,7,1000,0
2024-01-17 13:06:46.69455,7,1000,0
2024-01-17 13:06:46.69494,7,1000,0
2024-01-17 13:06:46.69504,7,1000,0
2024-01-17 13:06:46.69511,7,1000,0
2024-01-17 13:06:46.69529,7,1000,0
2024-01-17 13:06:46.69538,7,1000,0
2024-01-17 13:06:46.69546,7,1000,0
2024-01-17 13:06:46.69558,7,1000,0
2024-01-17 13:06:46.69567,7,1000,0
2024-01-17 13:06:46.69577,7,1000,0
2024-01-17 13:06:46.69593,7,1000,0
2024-01-17 13:06:46.69602,7,1000,0
2024-01-17 13:06:46.69614,7,1000,0
2024-01-17 13:06:46.69620,7,1000,0
2024-01-17 13:06:46.69631,7,1000,0
2024-01-17 13:06:46.69641,7,1000,0
2024-01-17 13:06:46.69649,7,1000,0
2024-01-17 13:06:46.69656,7,1000,0
2024-01-17 13:06:46.69668,7,1000,0
2024-01-17 13:06:46.69675,7,1000,0
2024-01-17 13:06:46.69684,7,1000,0
2024-01-17 13:06:46.69715,7,1000,0
2024-01-17 13:06:46.69725,7,1000,0
2024-01-17 13:06:46.69731,7,1000,0
2024-01-17 13:06:46.69742,7,1000,0
2024-01-17 13:06:46.69768,7,1000,0
2024-01-17 13:06:46.69785,7,1000,0
2024-01-17 13:06:46.69797,7,1000,0
2024-01-17 13:06:46.69805,7,1000,0
2024-01-17 13:06:46.69818,7,1000,0
2024-01-17 13:06:46.69825,7,1000,0
2024-01-17 13:06:46.69832,7,1000,0
2024-01-17 13:06:46.69840,7,1000,0
2024-01-17 13:06:46.69999,7,1000,0
2024-01-17 13:06:46.70007,7,1000,0
2024-01-17 13:06:46.70016,7,1000,0
2024-01-17 13:06:46.70296,7,1000,0
2024-01-17 13:06:46.70308,7,1000,0
2024-01-17 13:06:46.70320,7,1000,0
2024-01-17 13:06:46.70329,7,1000,0
2024-01-17 13:06:46.70338,7,1000,0
2024-01-17 13:06:46.70347,7,1000,0
2024-01-17 13:06:46.70372,7,1000,0
2024-01-17 13:06:46.70390,7,1000,0
2024-01-17 13:06:46.70399,7,1000,0
2024-01-17 13:06:46.70407,7,1000,0
2024-01-17 13:06:46.70419,7,1000,0
2024-01-17 13:06:46.70430,7,1000,0
2024-01-17 13:06:46.70439,7,1000,0
2024-01-17 13:06:46.70448,7,1000,0
2024-01-17 13:06:46.70459,7,1000,0
2024-01-17 13:06:46.70474,7,1000,0
2024-01-17 13:06:46.70502,7,1000,0
2024-01-17 13:06:46.70513,7,1000,0
2024-01-17 13:06:46.70523,7,1000,0
2024-01-17 13:06:46.70533,7,1000,0
2024-01-17 13:06:46.70544,7,1000,0
2024-01-17 13:06:46.70553,7,1000,0
2024-01-17 13:06:46.70594,7,1000,0
2024-01-17 13:06:46.70608,7,1000,0
2024-01-17 13:06:46.70620,7,1000,0
2024-01-17 13:06:46.70632,7,1000,0
2024-01-17 13:06:46.70649,7,1000,0
2024-01-17 13:06:46.70659,7,1000,0
2024-01-17 13:06:46.70670,7,1000,0
2024-01-17 13:06:46.70680,7,1000,0
2024-01-17 13:06:46.70691,7,1000,0
2024-01-17 13:06:46.70699,7,1000,0
2024-01-17 13:06:46.70708,7,1000,0
2024-01-17 13:06:46.70717,7,1000,0
2024-01-17 13:06:46.70725,7,1000,0
2024-01-17 13:06:46.70735,7,1000,0
2024-01-17 13:06:46.70743,7,1000,0
2024-01-17 13:06:46.70750,7,1000,0
2024-01-17 13:06:46.70759,7,1000,0
2024-01-17 13:06:46.70766,7,1000,0
2024-01-17 13:06:46.70775,7,1000,0
2024-01-17 13:06:46.70788,7,1000,0
2024-01-17 13:06:46.70797,7,1000,0
2024-01-17 13:06:46.70808,7,1000,0
2024-01-17 13:06:46.70838,7,1000,0
2024-01-17 13:06:46.70862,7,1000,0
2024-01-17 13:06:46.70873,7,1000,0
2024-01-17 13:06:46.70882,7,1000,0
2024-01-17 13:06:46.70890,7,1000,0
2024-01-17 13:06:46.70897,7,1000,0
2024-01-17 13:06:46.70907,7,1000,0
2024-01-17 13:06:46.70916,7,1000,0
2024-01-17 13:06:46.70923,7,1000,0
2024-01-17 13:06:46.70931,7,1000,0
2024-01-17 13:06:46.70939,7,1000,0
2024-01-17 13:06:46.70947,7,1000,0
2024-01-17 13:06:46.70957,7,1000,0
2024-01-17 13:06:46.70967,7,1000,0
2024-01-17 13:06:46.70977,7,1000,0
2024-01-17 13:06:46.70987,7,1000,0
2024-01-17 13:06:46.70999,7,1000,0
2024-01-17 13:06:46.71011,7,1000,0
2024-01-17 13:06:46.71021,7,1000,0
2024-01-17 13:06:46.71030,7,1000,0
2024-01-17 13:06:46.71039,7,1000,0
2024-01-17 13:06:46.71050,7,1000,0
2024-01-17 13:06:46.71068,7,1000,0
2024-01-17 13:06:46.71081,7,1000,0
2024-01-17 13:06:46.71095,7,1000,0
2024-01-17 13:06:46.71127,7,1000,0
2024-01-17 13:06:46.71135,7,1000,0
2024-01-17 13:06:46.71142,7,1000,0
2024-01-17 13:06:46.71157,7,1000,0
2024-01-17 13:06:46.71171,7,1000,0
2024-01-17 13:06:46.71196,7,1000,0
2024-01-17 13:06:46.71206,7,1000,0
2024-01-17 13:06:46.71214,7,1000,0
2024-01-17 13:06:46.71221,7,1000,0
2024-01-17 13:06:46.71229,7,1000,0
2024-01-17 13:06:46.71236,7,1000,0
2024-01-17 13:06:48.08716,8,1000,0
2024-01-17 13:06:48.08726,8,1000,0
2024-01-17 13:06:48.08738,8,1000,0
2024-01-17 13:06:48.08748,8,1000,0
2024-01-17 13:06:48.08759,8,1000,0
2024-01-17 13:06:48.08768,8,1000,0
2024-01-17 13:06:48.08804,8,1000,0
2024-01-17 13:06:48.08820,8,1000,0
2024-01-17 13:06:48.08829,8,1000,0
2024-01-17 13:06:48.08869,8,1000,0
2024-01-17 13:06:48.08881,8,1000,0
2024-01-17 13:06:48.08898,8,1000,0
2024-01-17 13:06:48.08908,8,1000,0
2024-01-17 13:06:48.08918,8,1000,0
2024-01-17 13:06:48.08930,8,1000,0
2024-01-17 13:06:48.08938,8,1000,0
2024-01-17 13:06:48.08947,8,1000,0
2024-01-17 13:06:48.08958,8,1000,0
2024-01-17 13:06:48.08970,8,1000,0
2024-01-17 13:06:48.08981,8,1000,0
2024-01-17 13:06:48.08997,8,1000,0
2024-01-17 13:06:48.09007,8,1000,0
2024-01-17 13:06:48.09015,8,1000,0
2024-01-17 13:06:48.09023,8,1000,0
2024-01-17 13:06:48.09034,8,1000,0
2024-01-17 13:06:48.09042,8,1000,0
2024-01-17 13:06:48.09052,8,1000,0
2024-01-17 13:06:48.09060,8,1000,0
2024-01-17 13:06:48.09092,8,1000,0
2024-01-17 13:06:48.09102,8,1000,0
2024-01-17 13:06:48.09118,8,1000,0
2024-01-17 13:06:48.09130,8,1000,0
2024-01-17 13:06:48.09142,8,1000,0
2024-01-17 13:06:48.09151,8,1000,0
2024-01-17 13:06:48.09161,8,1000,0
2024-01-17 13:06:48.09169,8,1000,0
2024-01-17 13:06:48.09181,8,1000,0
2024-01-17 13:06:48.09189,8,1000,0
2024-01-17 13:06:48.09200,8,1000,0
2024-01-17 13:06:48.09208,8,1000,0
2024-01-17 13:06:48.09228,8,1000,0
2024-01-17 13:06:48.09240,8,1000,0
2024-01-17 13:06:48.09249,8,1000,0
2024-01-17 13:06:48.09258,8,1000,0
2024-01-17 13:06:48.09267,8,1000,0
2024-01-17 13:06:48.09280,8,1000,0
2024-01-17 13:06:48.09291,8,1000,0
2024-01-17 13:06:48.09303,8,1000,0
2024-01-17 13:06:48.09313,8,1000,0
2024-01-17 13:06:48.09328,8,1000,0
2024-01-17 13:06:48.09342,8,1000,0
2024-01-17 13:06:48.09357,8,1000,0
2024-01-17 13:06:48.09370,8,1000,0
2024-01-17 13:06:48.09389,8,1000,0
2024-01-17 13:06:48.09398,8,1000,0
2024-01-17 13:06:48.09409,8,1000,0
2024-01-17 13:06:48.09455,8,1000,0
2024-01-17 13:06:48.09468,8,1000,0
2024-01-17 13:06:48.09478,8,1000,0
2024-01-17 13:06:48.09494,8,1000,0
2024-01-17 13:06:48.09506,8,1000,0
2024-01-17 13:06:48.09516,8,1000,0
2024-01-17 13:06:48.09528,8,1000,0
2024-01-17 13:06:48.09540,8,1000,0
2024-01-17 13:06:48.09551,8,1000,0
2024-01-17 13:06:48.09561,8,1000,0
2024-01-17 13:06:48.09571,8,1000,0
2024-01-17 13:06:48.09580,8,1000,0
2024-01-17 13:06:48.09594,8,1000,0
2024-01-17 13:06:48.09610,8,1000,0
2024-01-17 13:06:48.09622,8,1000,0
2024-01-17 13:06:48.09631,8,1000,0
2024-01-17 13:06:48.09639,8,1000,0
2024-01-17 13:06:48.09649,8,1000,0
2024-01-17 13:06:48.09673,8,1000,0
2024-01-17 13:06:48.09681,8,1000,0
2024-01-17 13:06:48.09691,8,1000,0
2024-01-17 13:06:48.09700,8,1000,0
2024-01-17 13:06:48.09708,8,1000,0
2024-01-17 13:06:48.09714,8,1000,0
2024-01-17 13:06:48.09721,8,1000,0
2024-01-17 13:06:48.09733,8,1000,0
2024-01-17 13:06:48.09739,8,1000,0
2024-01-17 13:06:48.09797,8,1000,0
2024-01-17 13:06:48.09804,8,1000,0
2024-01-17 13:06:48.09813,8,1000,0
2024-01-17 13:06:48.09819,8,1000,0
2024-01-17 13:06:48.09828,8,1000,0
2024-01-17 13:06:48.09836,8,1000,0
2024-01-17 13:06:48.09844,8,1000,0
2024-01-17 13:06:48.09850,8,1000,0
2024-01-17 13:06:48.09857,8,1000,0
2024-01-17 13:06:48.09866,8,1000,0
2024-01-17 13:06:48.09873,8,1000,0
2024-01-17 13:06:48.09880,8,1000,0
2024-01-17 13:06:48.09887,8,1000,0
2024-01-17 13:06:48.09894,8,1000,0
2024-01-17 13:06:48.09903,8,1000,0
2024-01-17 13:06:48.09911,8,1000,0
2024-01-17 13:06:48.09917,8,1000,0
2024-01-17 13:06:48.09925,8,1000,0
2024-01-17 13:06:48.09931,8,1000,0
2024-01-17 13:06:48.09939,8,1000,0
2024-01-17 13:06:48.09946,8,1000,0
2024-01-17 13:06:48.09953,8,1000,0
2024-01-17 13:06:48.09960,8,1000,0
2024-01-17 13:06:48.09967,8,1000,0
2024-01-17 13:06:48.09974,8,1000,0
2024-01-17 13:06:48.10064,8,1000,0
2024-01-17 13:06:48.10097,8,1000,0
2024-01-17 13:06:48.10106,8,1000,0
2024-01-17 13:06:48.10118,8,1000,0
2024-01-17 13:06:48.10127,8,1000,0
2024-01-17 13:06:48.10135,8,1000,0
2024-01-17 13:06:48.10140,8,1000,0
2024-01-17 13:06:48.10148,8,1000,0
2024-01-17 13:06:48.10154,8,1000,0
2024-01-17 13:06:48.10162,8,1000,0
2024-01-17 13:06:48.10171,8,1000,0
2024-01-17 13:06:48.10179,8,1000,0
2024-01-17 13:06:48.10188,8,1000,0
2024-01-17 13:06:48.10195,8,1000,0
2024-01-17 13:06:48.10213,8,1000,0
2024-01-17 13:06:48.10228,8,1000,0
2024-01-17 13:06:48.10250,8,1000,0
2024-01-17 13:06:48.10258,8,1000,0
2024-01-17 13:06:48.10265,8,1000,0
2024-01-17 13:06:48.10272,8,1000,0
2024-01-17 13:06:48.10279,8,1000,0
2024-01-17 13:06:48.10285,8,1000,0
2024-01-17 13:06:48.10293,8,1000,0
2024-01-17 13:06:48.10300,8,1000,0
2024-01-17 13:06:48.10311,8,1000,0
2024-01-17 13:06:48.10318,8,1000,0
2024-01-17 13:06:48.10327,8,1000,0
2024-01-17 13:06:48.10335,8,1000,0
2024-01-17 13:06:48.10342,8,1000,0
2024-01-17 13:06:48.10350,8,1000,0
2024-01-17 13:06:48.10357,8,1000,0
2024-01-17 13:06:48.10363,8,1000,0
2024-01-17 13:06:48.10435,8,1000,0
2024-01-17 13:06:48.10442,8,1000,0
2024-01-17 13:06:48.10453,8,1000,0
2024-01-17 13:06:48.10462,8,1000,0
2024-01-17 13:06:48.10472,8,1000,0
2024-01-17 13:06:48.10485,8,1000,0
2024-01-17 13:06:48.10495,8,1000,0
2024-01-17 13:06:48.10505,8,1000,0
2024-01-17 13:06:48.10516,8,1000,0
2024-01-17 13:06:48.10526,8,1000,0
2024-01-17 13:06:48.10537,8,1000,0
2024-01-17 13:06:48.10553,8,1000,0
2024-01-17 13:06:48.10571,8,1000,0
2024-01-17 13:06:48.10578,8,1000,0
2024-01-17 13:06:48.10584,8,1000,0
2024-01-17 13:06:48.10605,8,1000,0
2024-01-17 13:06:48.10625,8,1000,0
2024-01-17 13:06:48.10641,8,1000,0
2024-01-17 13:06:48.10654,8,1000,0
2024-01-17 13:06:48.10664,8,1000,0
2024-01-17 13:06:48.10673,8,1000,0
2024-01-17 13:06:48.10684,8,1000,0
2024-01-17 13:06:48.10695,8,1000,0
2024-01-17 13:06:48.10703,8,1000,0
2024-01-17 13:06:48.10710,8,1000,0
2024-01-17 13:06:48.10718,8,1000,0
2024-01-17 13:06:48.10726,8,1000,0
2024-01-17 13:06:48.10733,8,1000,0
2024-01-17 13:06:48.10756,8,1000,0
2024-01-17 13:06:48.10765,8,1000,0
2024-01-17 13:06:48.10772,8,1000,0
2024-01-17 13:06:48.10781,8,1000,0
2024-01-17 13:06:48.10788,8,1000,0
2024-01-17 13:06:48.10794,8,1000,0
2024-01-17 13:06:48.10800,8,1000,0
2024-01-17 13:06:48.10808,8,1000,0
2024-01-17 13:06:48.10814,8,1000,0
2024-01-17 13:06:48.10823,8,1000,0
2024-01-17 13:06:48.10831,8,1000,0
2024-01-17 13:06:48.10841,8,1000,0
2024-01-17 13:06:48.10849,8,1000,0
2024-01-17 13:06:48.10863,8,1000,0
2024-01-17 13:06:48.10872,8,1000,0
2024-01-17 13:06:48.10886,8,1000,0
2024-01-17 13:06:48.10895,8,1000,0
2024-01-17 13:06:48.10906,8,1000,0
2024-01-17 13:06:48.10948,8,1000,0
2024-01-17 13:06:48.10970,8,1000,0
2024-01-17 13:06:48.10977,8,1000,0
2024-01-17 13:06:48.11012,8,1000,0
2024-01-17 13:06:48.11028,8,1000,0
2024-01-17 13:06:48.11041,8,1000,0
2024-01-17 13:06:48.11052,8,1000,0
2024-01-17 13:06:48.11061,8,1000,0
2024-01-17 13:06:48.11070,8,1000,0
2024-01-17 13:06:48.11097,8,1000,0
2024-01-17 13:06:48.11110,8,1000,0
2024-01-17 13:06:48.11144,8,1000,0
2024-01-17 13:06:48.11158,8,1000,0
2024-01-17 13:06:48.11167,8,1000,0
2024-01-17 13:06:48.11176,8,1000,0
2024-01-17 13:06:48.11184,8,1000,0
2024-01-17 13:06:48.11193,8,1000,0
2024-01-17 13:06:48.11203,8,1000,0
2024-01-17 13:06:48.11212,8,1000,0
2024-01-17 13:06:48.11228,8,1000,0
2024-01-17 13:06:48.11239,8,1000,0
2024-01-17 13:06:48.11264,8,1000,0
2024-01-17 13:06:48.11275,8,1000,0
2024-01-17 13:06:48.11290,8,1000,0
2024-01-17 13:06:48.11303,8,1000,0
2024-01-17 13:06:48.11334,8,1000,0
2024-01-17 13:06:48.11353,8,1000,0
2024-01-17 13:06:48.11361,8,1000,0
2024-01-17 13:06:48.11381,8,1000,0
2024-01-17 13:06:48.11397,8,1000,0
2024-01-17 13:06:48.11405,8,1000,0
2024-01-17 13:06:48.11419,8,1000,0
2024-01-17 13:06:48.11456,8,1000,0
2024-01-17 13:06:48.11468,8,1000,0
2024-01-17 13:06:48.11485,8,1000,0
2024-01-17 13:06:48.11497,8,1000,0
2024-01-17 13:06:48.11511,8,1000,0
2024-01-17 13:06:48.11519,8,1000,0
2024-01-17 13:06:48.11527,8,1000,0
2024-01-17 13:06:48.11536,8,1000,0
2024-01-17 13:06:48.11546,8,1000,0
2024-01-17 13:06:48.11560,8,1000,0
2024-01-17 13:06:48.11571,8,1000,0
2024-01-17 13:06:48.11581,8,1000,0
2024-01-17 13:06:48.11606,8,1000,0
2024-01-17 13:06:48.11623,8,1000,0
2024-01-17 13:06:48.11634,8,1000,0
2024-01-17 13:06:48.11642,8,1000,0
2024-01-17 13:06:48.11708,8,1000,0
2024-01-17 13:06:48.11716,8,1000,0
2024-01-17 13:06:48.11724,8,1000,0
2024-01-17 13:06:48.11733,8,1000,0
2024-01-17 13:06:48.11741,8,1000,0
2024-01-17 13:06:48.11747,8,1000,0
2024-01-17 13:06:48.11757,8,1000,0
2024-01-17 13:06:48.11772,8,1000,0
2024-01-17 13:06:48.11782,8,1000,0
2024-01-17 13:06:48.11792,8,1000,0
2024-01-17 13:06:48.11800,8,1000,0
2024-01-17 13:06:48.11808,8,1000,0
2024-01-17 13:06:48.11822,8,1000,0
2024-01-17 13:06:48.11861,8,1000,0
2024-01-17 13:06:48.11869,8,1000,0
2024-01-17 13:06:48.11878,8,1000,0
2024-01-17 13:06:48.11885,8,1000,0
2024-01-17 13:06:48.11899,8,1000,0
2024-01-17 13:06:48.11906,8,1000,0
2024-01-17 13:06:48.11918,8,1000,0
2024-01-17 13:06:48.11960,8,1000,0
2024-01-17 13:06:48.11971,8,1000,0
2024-01-17 13:06:48.11980,8,1000,0
2024-01-17 13:06:48.11991,8,1000,0
2024-01-17 13:06:48.12000,8,1000,0
2024-01-17 13:06:48.12008,8,1000,0
2024-01-17 13:06:48.12016,8,1000,0
2024-01-17 13:06:48.12025,8,1000,0
2024-01-17 13:06:48.12035,8,1000,0
2024-01-17 13:06:48.12079,8,1000,0
2024-01-17 13:06:48.12090,8,1000,0
2024-01-17 13:06:48.12126,8,1000,0
2024-01-17 13:06:48.12135,8,1000,0
2024-01-17 13:06:48.12146,8,1000,0
2024-01-17 13:06:48.12157,8,1000,0
2024-01-17 13:06:48.12166,8,1000,0
2024-01-17 13:06:48.12177,8,1000,0
2024-01-17 13:06:48.12185,8,1000,0
2024-01-17 13:06:48.12199,8,1000,0
2024-01-17 13:06:48.12235,8,1000,0
2024-01-17 13:06:48.12243,8,1000,0
2024-01-17 13:06:48.12255,8,1000,0
2024-01-17 13:06:48.12273,8,1000,0
2024-01-17 13:06:48.12283,8,1000,0
2024-01-17 13:06:48.12292,8,1000,0
2024-01-17 13:06:48.12304,8,1000,0
2024-01-17 13:06:48.12317,8,1000,0
2024-01-17 13:06:48.12330,8,1000,0
2024-01-17 13:06:48.12340,8,1000,0
2024-01-17 13:06:48.12353,8,1000,0
2024-01-17 13:06:48.12361,8,1000,0
2024-01-17 13:06:48.12375,8,1000,0
2024-01-17 13:06:48.12383,8,1000,0
2024-01-17 13:06:48.12392,8,1000,0
2024-01-17 13:06:48.12401,8,1000,0
2024-01-17 13:06:48.12409,8,1000,0
2024-01-17 13:06:48.12419,8,1000,0
2024-01-17 13:06:48.12425,8,1000,0
2024-01-17 13:06:48.12444,8,1000,0
2024-01-17 13:06:48.12461,8,1000,0
2024-01-17 13:06:48.12474,8,1000,0
2024-01-17 13:06:48.12485,8,1000,0
2024-01-17 13:06:48.12496,8,1000,0
2024-01-17 13:06:48.12507,8,1000,0
2024-01-17 13:06:48.12516,8,1000,0
2024-01-17 13:06:48.12536,8,1000,0
2024-01-17 13:06:48.12545,8,1000,0
2024-01-17 13:06:48.12554,8,1000,0
2024-01-17 13:06:48.12563,8,1000,0
2024-01-17 13:06:48.12572,8,1000,0
2024-01-17 13:06:48.12594,8,1000,0
2024-01-17 13:06:48.12607,8,1000,0
2024-01-17 13:06:48.12621,8,1000,0
2024-01-17 13:06:48.12637,8,1000,0
2024-01-17 13:06:48.12651,8,1000,0
2024-01-17 13:06:48.12665,8,1000,0
2024-01-17 13:06:48.12685,8,1000,0
2024-01-17 13:06:48.12694,8,1000,0
2024-01-17 13:06:48.12704,8,1000,0
2024-01-17 13:06:48.12742,8,1000,0
2024-01-17 13:06:48.12752,8,1000,0
2024-01-17 13:06:48.12767,8,1000,0
2024-01-17 13:06:48.12784,8,1000,0
2024-01-17 13:06:48.12797,8,1000,0
2024-01-17 13:06:48.12815,8,1000,0
2024-01-17 13:06:48.12824,8,1000,0
2024-01-17 13:06:48.12833,8,1000,0
2024-01-17 13:06:48.12843,8,1000,0
2024-01-17 13:06:48.12855,8,1000,0
2024-01-17 13:06:48.12865,8,1000,0
2024-01-17 13:06:48.12873,8,1000,0
2024-01-17 13:06:48.12886,8,1000,0
2024-01-17 13:06:48.12897,8,1000,0
2024-01-17 13:06:48.12907,8,1000,0
2024-01-17 13:06:48.12916,8,1000,0
2024-01-17 13:06:48.12925,8,1000,0
2024-01-17 13:06:48.12933,8,1000,0
2024-01-17 13:06:48.12943,8,1000,0
2024-01-17 13:06:48.12953,8,1000,0
2024-01-17 13:06:48.12962,8,1000,0
2024-01-17 13:06:48.12972,8,1000,0
2024-01-17 13:06:48.12981,8,1000,0
2024-01-17 13:06:48.12990,8,1000,0
2024-01-17 13:06:48.13000,8,1000,0
2024-01-17 13:06:48.13009,8,1000,0
2024-01-17 13:06:48.13017,8,1000,0
2024-01-17 13:06:48.13029,8,1000,0
2024-01-17 13:06:48.13039,8,1000,0
2024-01-17 13:06:48.13090,8,1000,0
2024-01-17 13:06:48.13102,8,1000,0
2024-01-17 13:06:48.13130,8,1000,0
2024-01-17 13:06:48.13141,8,1000,0
2024-01-17 13:06:48.13154,8,1000,0
2024-01-17 13:06:48.13163,8,1000,0
2024-01-17 13:06:48.13175,8,1000,0
2024-01-17 13:06:48.13185,8,1000,0
2024-01-17 13:06:48.13199,8,1000,0
2024-01-17 13:06:48.13208,8,1000,0
2024-01-17 13:06:48.13218,8,1000,0
2024-01-17 13:06:48.13226,8,1000,0
2024-01-17 13:06:48.13234,8,1000,0
2024-01-17 13:06:48.13249,8,1000,0
2024-01-17 13:06:48.13264,8,1000,0
2024-01-17 13:06:48.13278,8,1000,0
2024-01-17 13:06:48.13288,8,1000,0
2024-01-17 13:06:48.13295,8,1000,0
2024-01-17 13:06:48.13304,8,1000,0
2024-01-17 13:06:48.13312,8,1000,0
2024-01-17 13:06:48.13319,8,1000,0
2024-01-17 13:06:48.13336,8,1000,0
2024-01-17 13:06:48.13343,8,1000,0
2024-01-17 13:06:48.13355,8,1000,0
2024-01-17 13:06:48.13366,8,1000,0
2024-01-17 13:06:48.13378,8,1000,0
2024-01-17 13:06:48.13385,8,1000,0
2024-01-17 13:06:48.13395,8,1000,0
2024-01-17 13:06:48.13403,8,1000,0
2024-01-17 13:06:48.13412,8,1000,0
2024-01-17 13:06:48.13431,8,1000,0
2024-01-17 13:06:48.13444,8,1000,0
2024-01-17 13:06:48.13457,8,1000,0
2024-01-17 13:06:48.13471,8,1000,0
2024-01-17 13:06:48.13487,8,1000,0
2024-01-17 13:06:48.13505,8,1000,0
2024-01-17 13:06:48.13515,8,1000,0
2024-01-17 13:06:48.13522,8,1000,0
2024-01-17 13:06:48.13531,8,1000,0
2024-01-17 13:06:48.13544,8,1000,0
2024-01-17 13:06:48.13568,8,1000,0
2024-01-17 13:06:48.13582,8,1000,0
2024-01-17 13:06:48.13600,8,1000,0
2024-01-17 13:06:48.13616,8,1000,0
2024-01-17 13:06:48.13624,8,1000,0
2024-01-17 13:06:48.13631,8,1000,0
2024-01-17 13:06:48.13645,8,1000,0
2024-01-17 13:06:48.13655,8,1000,0
2024-01-17 13:06:48.13661,8,1000,0
2024-01-17 13:06:48.13670,8,1000,0
2024-01-17 13:06:48.13676,8,1000,0
2024-01-17 13:06:48.13683,8,1000,0
2024-01-17 13:06:48.13691,8,1000,0
2024-01-17 13:06:48.13702,8,1000,0
2024-01-17 13:06:48.13719,8,1000,0
2024-01-17 13:06:48.13742,8,1000,0
2024-01-17 13:06:48.13750,8,1000,0
2024-01-17 13:06:48.13760,8,1000,0
2024-01-17 13:06:48.13773,8,1000,0
2024-01-17 13:06:48.13785,8,1000,0
2024-01-17 13:06:48.13793,8,1000,0
2024-01-17 13:06:48.13803,8,1000,0
2024-01-17 13:06:48.13817,8,1000,0
2024-01-17 13:06:48.13824,8,1000,0
2024-01-17 13:06:48.13834,8,1000,0
2024-01-17 13:06:48.13842,8,1000,0
2024-01-17 13:06:48.13850,8,1000,0
2024-01-17 13:06:48.13859,8,1000,0
2024-01-17 13:06:48.13867,8,1000,0
2024-01-17 13:06:48.13874,8,1000,0
2024-01-17 13:06:48.13893,8,1000,0
2024-01-17 13:06:48.13900,8,1000,0
2024-01-17 13:06:48.13915,8,1000,0
2024-01-17 13:06:48.13923,8,1000,0
2024-01-17 13:06:48.13929,8,1000,0
2024-01-17 13:06:48.13938,8,1000,0
2024-01-17 13:06:48.13947,8,1000,0
2024-01-17 13:06:48.13957,8,1000,0
2024-01-17 13:06:48.13964,8,1000,0
2024-01-17 13:06:48.13973,8,1000,0
2024-01-17 13:06:48.13989,8,1000,0
2024-01-17 13:06:48.14002,8,1000,0
2024-01-17 13:06:48.14011,8,1000,0
2024-01-17 13:06:48.14017,8,1000,0
2024-01-17 13:06:48.14023,8,1000,0
2024-01-17 13:06:48.14032,8,1000,0
2024-01-17 13:06:48.14038,8,1000,0
2024-01-17 13:06:48.14046,8,1000,0
2024-01-17 13:06:48.14054,8,1000,0
2024-01-17 13:06:48.14061,8,1000,0
2024-01-17 13:06:48.14069,8,1000,0
2024-01-17 13:06:48.14076,8,1000,0
2024-01-17 13:06:48.14096,8,1000,0
2024-01-17 13:06:48.14105,8,1000,0
2024-01-17 13:06:48.14122,8,1000,0
2024-01-17 13:06:48.14136,8,1000,0
2024-01-17 13:06:48.14146,8,1000,0
2024-01-17 13:06:48.14157,8,1000,0
2024-01-17 13:06:48.14180,8,1000,0
2024-01-17 13:06:48.14193,8,1000,0
2024-01-17 13:06:48.14206,8,1000,0
2024-01-17 13:06:48.14218,8,1000,0
2024-01-17 13:06:48.14230,8,1000,0
2024-01-17 13:06:48.14243,8,1000,0
2024-01-17 13:06:48.14257,8,1000,0
2024-01-17 13:06:48.14265,8,1000,0
2024-01-17 13:06:48.14271,8,1000,0
2024-01-17 13:06:48.14283,8,1000,0
2024-01-17 13:06:48.14291,8,1000,0
2024-01-17 13:06:48.14300,8,1000,0
2024-01-17 13:06:48.14314,8,1000,0
2024-01-17 13:06:48.14342,8,1000,0
2024-01-17 13:06:48.14352,8,1000,0
2024-01-17 13:06:48.14359,8,1000,0
2024-01-17 13:06:48.14368,8,1000,0
2024-01-17 13:06:48.14374,8,1000,0
2024-01-17 13:06:48.14383,8,1000,0
2024-01-17 13:06:48.14390,8,1000,0
2024-01-17 13:06:48.14403,8,1000,0
2024-01-17 13:06:48.14421,8,1000,0
2024-01-17 13:06:48.14435,8,1000,0
2024-01-17 13:06:48.14448,8,1000,0
2024-01-17 13:06:48.14459,8,1000,0
2024-01-17 13:06:48.14513,8,1000,0
2024-01-17 13:06:48.14523,8,1000,0
2024-01-17 13:06:48.14534,8,1000,0
2024-01-17 13:06:48.14542,8,1000,0
2024-01-17 13:06:48.14553,8,1000,0
2024-01-17 13:06:48.14562,8,1000,0
2024-01-17 13:06:48.14571,8,1000,0
2024-01-17 13:06:48.14588,8,1000,0
2024-01-17 13:06:48.14603,8,1000,0
2024-01-17 13:06:48.14614,8,1000,0
2024-01-17 13:06:48.14623,8,1000,0
2024-01-17 13:06:48.14633,8,1000,0
2024-01-17 13:06:48.14640,8,1000,0
2024-01-17 13:06:48.14650,8,1000,0
2024-01-17 13:06:48.14661,8,1000,0
2024-01-17 13:06:48.14671,8,1000,0
2024-01-17 13:06:48.14685,8,1000,0
2024-01-17 13:06:48.14694,8,1000,0
2024-01-17 13:06:48.14738,8,1000,0
2024-01-17 13:06:48.14750,8,1000,0
2024-01-17 13:06:48.14771,8,1000,0
2024-01-17 13:06:48.14840,8,1000,0
2024-01-17 13:06:48.14852,8,1000,0
2024-01-17 13:06:48.14869,8,1000,0
2024-01-17 13:06:48.14883,8,1000,0
2024-01-17 13:06:48.14908,8,1000,0
2024-01-17 13:06:48.14927,8,1000,0
2024-01-17 13:06:48.14941,8,1000,0
2024-01-17 13:06:48.14956,8,1000,0
2024-01-17 13:06:48.14991,8,1000,0
2024-01-17 13:06:48.15002,8,1000,0
2024-01-17 13:06:48.15011,8,1000,0
2024-01-17 13:06:48.15029,8,1000,0
2024-01-17 13:06:48.15039,8,1000,0
2024-01-17 13:06:48.15047,8,1000,0
2024-01-17 13:06:48.15055,8,1000,0
2024-01-17 13:06:48.15081,8,1000,0
2024-01-17 13:06:48.15089,8,1000,0
2024-01-17 13:06:48.15097,8,1000,0
2024-01-17 13:06:48.15115,8,1000,0
2024-01-17 13:06:48.15132,8,1000,0
2024-01-17 13:06:48.15153,8,1000,0
2024-01-17 13:06:48.15172,8,1000,0
2024-01-17 13:06:48.15186,8,1000,0
2024-01-17 13:06:48.15200,8,1000,0
2024-01-17 13:06:48.15216,8,1000,0
2024-01-17 13:06:48.15230,8,1000,0
2024-01-17 13:06:48.15281,8,1000,0
2024-01-17 13:06:48.15290,8,1000,0
2024-01-17 13:06:48.15299,8,1000,0
2024-01-17 13:06:48.15310,8,1000,0
2024-01-17 13:06:48.15321,8,1000,0
2024-01-17 13:06:48.15334,8,1000,0
2024-01-17 13:06:48.15348,8,1000,0
2024-01-17 13:06:48.15362,8,1000,0
2024-01-17 13:06:48.15383,8,1000,0
2024-01-17 13:06:48.15392,8,1000,0
2024-01-17 13:06:48.15405,8,1000,0
2024-01-17 13:06:48.15419,8,1000,0
2024-01-17 13:06:48.15431,8,1000,0
2024-01-17 13:06:48.15443,8,1000,0
2024-01-17 13:06:48.15465,8,1000,0
2024-01-17 13:06:48.15476,8,1000,0
2024-01-17 13:06:48.15489,8,1000,0
2024-01-17 13:06:48.15500,8,1000,0
2024-01-17 13:06:48.15514,8,1000,0
2024-01-17 13:06:48.15526,8,1000,0
2024-01-17 13:06:48.15555,8,1000,0
2024-01-17 13:06:48.15569,8,1000,0
2024-01-17 13:06:48.15582,8,1000,0
2024-01-17 13:06:48.15594,8,1000,0
2024-01-17 13:06:48.15607,8,1000,0
2024-01-17 13:06:48.15624,8,1000,0
2024-01-17 13:06:48.15638,8,1000,0
2024-01-17 13:06:48.15651,8,1000,0
2024-01-17 13:06:48.15661,8,1000,0
2024-01-17 13:06:48.15676,8,1000,0
2024-01-17 13:06:48.15690,8,1000,0
2024-01-17 13:06:48.15720,8,1000,0
2024-01-17 13:06:48.15730,8,1000,0
2024-01-17 13:06:48.15741,8,1000,0
2024-01-17 13:06:48.15763,8,1000,0
2024-01-17 13:06:48.15774,8,1000,0
2024-01-17 13:06:48.15793,8,1000,0
2024-01-17 13:06:48.15807,8,1000,0
2024-01-17 13:06:48.15834,8,1000,0
2024-01-17 13:06:48.15852,8,1000,0
2024-01-17 13:06:48.15876,8,1000,0
2024-01-17 13:06:48.15892,8,1000,0
2024-01-17 13:06:48.15915,8,1000,0
2024-01-17 13:06:48.15924,8,1000,0
2024-01-17 13:06:48.15934,8,1000,0
2024-01-17 13:06:48.15944,8,1000,0
2024-01-17 13:06:48.15955,8,1000,0
2024-01-17 13:06:48.15963,8,1000,0
2024-01-17 13:06:48.15973,8,1000,0
2024-01-17 13:06:48.15984,8,1000,0
2024-01-17 13:06:48.15996,8,1000,0
2024-01-17 13:06:48.16005,8,1000,0
2024-01-17 13:06:48.16014,8,1000,0
2024-01-17 13:06:48.16024,8,1000,0
2024-01-17 13:06:48.16034,8,1000,0
2024-01-17 13:06:48.16044,8,1000,0
2024-01-17 13:06:48.16053,8,1000,0
2024-01-17 13:06:48.16063,8,1000,0
2024-01-17 13:06:48.16073,8,1000,0
2024-01-17 13:06:48.16084,8,1000,0
2024-01-17 13:06:48.16094,8,1000,0
2024-01-17 13:06:48.16106,8,1000,0
2024-01-17 13:06:48.16114,8,1000,0
2024-01-17 13:06:48.16124,8,1000,0
2024-01-17 13:06:48.16132,8,1000,0
2024-01-17 13:06:48.16141,8,1000,0
2024-01-17 13:06:48.16149,8,1000,0
2024-01-17 13:06:48.16160,8,1000,0
2024-01-17 13:06:48.16172,8,1000,0
2024-01-17 13:06:48.16181,8,1000,0
2024-01-17 13:06:48.16191,8,1000,0
2024-01-17 13:06:48.16209,8,1000,0
2024-01-17 13:06:48.16228,8,1000,0
2024-01-17 13:06:48.16256,8,1000,0
2024-01-17 13:06:48.16266,8,1000,0
2024-01-17 13:06:48.16303,8,1000,0
2024-01-17 13:06:48.16311,8,1000,0
2024-01-17 13:06:48.16321,8,1000,0
2024-01-17 13:06:48.16337,8,1000,0
2024-01-17 13:06:48.16352,8,1000,0
2024-01-17 13:06:48.16370,8,1000,0
2024-01-17 13:06:48.16379,8,1000,0
2024-01-17 13:06:48.16390,8,1000,0
2024-01-17 13:06:48.16398,8,1000,0
2024-01-17 13:06:48.16406,8,1000,0
2024-01-17 13:06:48.16415,8,1000,0
2024-01-17 13:06:48.16422,8,1000,0
2024-01-17 13:06:48.16440,8,1000,0
2024-01-17 13:06:48.16452,8,1000,0
2024-01-17 13:06:48.16462,8,1000,0
2024-01-17 13:06:48.16514,8,1000,0
2024-01-17 13:06:48.16534,8,1000,0
2024-01-17 13:06:48.16543,8,1000,0
2024-01-17 13:06:48.16553,8,1000,0
2024-01-17 13:06:48.16573,8,1000,0
2024-01-17 13:06:48.16582,8,1000,0
2024-01-17 13:06:48.16597,8,1000,0
2024-01-17 13:06:48.16610,8,1000,0
2024-01-17 13:06:48.16624,8,1000,0
2024-01-17 13:06:48.16641,8,1000,0
2024-01-17 13:06:48.16655,8,1000,0
2024-01-17 13:06:48.16672,8,1000,0
2024-01-17 13:06:48.16683,8,1000,0
2024-01-17 13:06:48.16692,8,1000,0
2024-01-17 13:06:48.16702,8,1000,0
2024-01-17 13:06:48.16711,8,1000,0
2024-01-17 13:06:48.16723,8,1000,0
2024-01-17 13:06:48.16739,8,1000,0
2024-01-17 13:06:48.16754,8,1000,0
2024-01-17 13:06:48.16768,8,1000,0
2024-01-17 13:06:48.16779,8,1000,0
2024-01-17 13:06:48.16792,8,1000,0
2024-01-17 13:06:48.16804,8,1000,0
2024-01-17 13:06:48.16816,8,1000,0
2024-01-17 13:06:48.16826,8,1000,0
2024-01-17 13:06:48.16838,8,1000,0
2024-01-17 13:06:48.16851,8,1000,0
2024-01-17 13:06:48.16862,8,1000,0
2024-01-17 13:06:48.16872,8,1000,0
2024-01-17 13:06:48.16882,8,1000,0
2024-01-17 13:06:48.16892,8,1000,0
2024-01-17 13:06:48.16932,8,1000,0
2024-01-17 13:06:48.16944,8,1000,0
2024-01-17 13:06:48.16953,8,1000,0
2024-01-17 13:06:48.16961,8,1000,0
2024-01-17 13:06:48.16968,8,1000,0
2024-01-17 13:06:48.16976,8,1000,0
2024-01-17 13:06:48.16988,8,1000,0
2024-01-17 13:06:48.17002,8,1000,0
2024-01-17 13:06:48.17012,8,1000,0
2024-01-17 13:06:48.17027,8,1000,0
2024-01-17 13:06:48.17041,8,1000,0
2024-01-17 13:06:48.17054,8,1000,0
2024-01-17 13:06:48.17066,8,1000,0
2024-01-17 13:06:48.17080,8,1000,0
2024-01-17 13:06:48.17098,8,1000,0
2024-01-17 13:06:48.17105,8,1000,0
2024-01-17 13:06:48.17119,8,1000,0
2024-01-17 13:06:48.17135,8,1000,0
2024-01-17 13:06:48.17161,8,1000,0
2024-01-17 13:06:48.17171,8,1000,0
2024-01-17 13:06:48.17182,8,1000,0
2024-01-17 13:06:48.17190,8,1000,0
2024-01-17 13:06:48.17201,8,1000,0
2024-01-17 13:06:48.17210,8,1000,0
2024-01-17 13:06:48.17216,8,1000,0
2024-01-17 13:06:48.17224,8,1000,0
2024-01-17 13:06:48.17232,8,1000,0
2024-01-17 13:06:48.17241,8,1000,0
2024-01-17 13:06:48.17249,8,1000,0
2024-01-17 13:06:48.17260,8,1000,0
2024-01-17 13:06:48.17269,8,1000,0
2024-01-17 13:06:48.17288,8,1000,0
2024-01-17 13:06:48.17295,8,1000,0
2024-01-17 13:06:48.17302,8,1000,0
2024-01-17 13:06:48.17310,8,1000,0
2024-01-17 13:06:48.17319,8,1000,0
2024-01-17 13:06:48.17329,8,1000,0
2024-01-17 13:06:48.17336,8,1000,0
2024-01-17 13:06:48.17343,8,1000,0
2024-01-17 13:06:48.17353,8,1000,0
2024-01-17 13:06:48.17363,8,1000,0
2024-01-17 13:06:48.17370,8,1000,0
2024-01-17 13:06:48.17377,8,1000,0
2024-01-17 13:06:48.17385,8,1000,0
2024-01-17 13:06:48.17393,8,1000,0
2024-01-17 13:06:48.17405,8,1000,0
2024-01-17 13:06:48.17417,8,1000,0
2024-01-17 13:06:48.17430,8,1000,0
2024-01-17 13:06:48.17443,8,1000,0
2024-01-17 13:06:48.17455,8,1000,0
2024-01-17 13:06:48.17468,8,1000,0
2024-01-17 13:06:48.17481,8,1000,0
2024-01-17 13:06:48.17495,8,1000,0
2024-01-17 13:06:48.17506,8,1000,0
2024-01-17 13:06:48.17521,8,1000,0
2024-01-17 13:06:48.17540,8,1000,0
2024-01-17 13:06:48.17550,8,1000,0
2024-01-17 13:06:48.17558,8,1000,0
2024-01-17 13:06:48.17567,8,1000,0
2024-01-17 13:06:48.17575,8,1000,0
2024-01-17 13:06:48.17588,8,1000,0
2024-01-17 13:06:48.17595,8,1000,0
2024-01-17 13:06:48.17616,8,1000,0
2024-01-17 13:06:48.17628,8,1000,0
2024-01-17 13:06:48.17647,8,1000,0
2024-01-17 13:06:48.17654,8,1000,0
2024-01-17 13:06:48.17665,8,1000,0
2024-01-17 13:06:48.17674,8,1000,0
2024-01-17 13:06:48.17683,8,1000,0
2024-01-17 13:06:48.17691,8,1000,0
2024-01-17 13:06:48.17701,8,1000,0
2024-01-17 13:06:48.17710,8,1000,0
2024-01-17 13:06:48.17719,8,1000,0
2024-01-17 13:06:48.17731,8,1000,0
2024-01-17 13:06:48.17740,8,1000,0
2024-01-17 13:06:48.17748,8,1000,0
2024-01-17 13:06:48.17758,8,1000,0
2024-01-17 13:06:48.17766,8,1000,0
2024-01-17 13:06:48.17775,8,1000,0
2024-01-17 13:06:48.17784,8,1000,0
2024-01-17 13:06:48.17793,8,1000,0
2024-01-17 13:06:48.17802,8,1000,0
2024-01-17 13:06:48.17808,8,1000,0
2024-01-17 13:06:48.17817,8,1000,0
2024-01-17 13:06:48.17828,8,1000,0
2024-01-17 13:06:48.17843,8,1000,0
2024-01-17 13:06:48.17856,8,1000,0
2024-01-17 13:06:48.17865,8,1000,0
2024-01-17 13:06:48.17874,8,1000,0
2024-01-17 13:06:48.17895,8,1000,0
2024-01-17 13:06:48.17917,8,1000,0
2024-01-17 13:06:48.17929,8,1000,0
2024-01-17 13:06:48.17940,8,1000,0
2024-01-17 13:06:48.17950,8,1000,0
2024-01-17 13:06:48.17960,8,1000,0
2024-01-17 13:06:48.17974,8,1000,0
2024-01-17 13:06:48.17987,8,1000,0
2024-01-17 13:06:48.18000,8,1000,0
2024-01-17 13:06:48.18014,8,1000,0
2024-01-17 13:06:48.18026,8,1000,0
2024-01-17 13:06:48.18038,8,1000,0
2024-01-17 13:06:48.18060,8,1000,0
2024-01-17 13:06:48.18074,8,1000,0
2024-01-17 13:06:48.18082,8,1000,0
2024-01-17 13:06:48.18091,8,1000,0
2024-01-17 13:06:48.18099,8,1000,0
2024-01-17 13:06:48.18107,8,1000,0
2024-01-17 13:06:48.18115,8,1000,0
2024-01-17 13:06:48.18131,8,1000,0
2024-01-17 13:06:48.18144,8,1000,0
2024-01-17 13:06:48.18159,8,1000,0
2024-01-17 13:06:48.18170,8,1000,0
2024-01-17 13:06:48.18183,8,1000,0
2024-01-17 13:06:48.18196,8,1000,0
2024-01-17 13:06:48.18208,8,1000,0
2024-01-17 13:06:48.18220,8,1000,0
2024-01-17 13:06:48.18231,8,1000,0
2024-01-17 13:06:48.18250,8,1000,0
2024-01-17 13:06:48.18262,8,1000,0
2024-01-17 13:06:48.18269,8,1000,0
2024-01-17 13:06:48.18276,8,1000,0
2024-01-17 13:06:48.18283,8,1000,0
2024-01-17 13:06:48.18291,8,1000,0
2024-01-17 13:06:48.18302,8,1000,0
2024-01-17 13:06:48.18314,8,1000,0
2024-01-17 13:06:48.18329,8,1000,0
2024-01-17 13:06:48.18339,8,1000,0
2024-01-17 13:06:48.18350,8,1000,0
2024-01-17 13:06:48.18365,8,1000,0
2024-01-17 13:06:48.18373,8,1000,0
2024-01-17 13:06:48.18384,8,1000,0
2024-01-17 13:06:48.18392,8,1000,0
2024-01-17 13:06:48.18398,8,1000,0
2024-01-17 13:06:48.18404,8,1000,0
2024-01-17 13:06:48.18411,8,1000,0
2024-01-17 13:06:48.18418,8,1000,0
2024-01-17 13:06:48.18424,8,1000,0
2024-01-17 13:06:48.18431,8,1000,0
2024-01-17 13:06:48.18437,8,1000,0
2024-01-17 13:06:48.18460,8,1000,0
2024-01-17 13:06:48.18469,8,1000,0
2024-01-17 13:06:48.18475,8,1000,0
2024-01-17 13:06:48.18485,8,1000,0
2024-01-17 13:06:48.18492,8,1000,0
2024-01-17 13:06:48.18500,8,1000,0
2024-01-17 13:06:48.18508,8,1000,0
2024-01-17 13:06:48.18517,8,1000,0
2024-01-17 13:06:48.18523,8,1000,0
2024-01-17 13:06:48.18533,8,1000,0
2024-01-17 13:06:48.18567,8,1000,0
2024-01-17 13:06:48.18585,8,1000,0
2024-01-17 13:06:48.18592,8,1000,0
2024-01-17 13:06:48.18600,8,1000,0
2024-01-17 13:06:48.18608,8,1000,0
2024-01-17 13:06:48.18616,8,1000,0
2024-01-17 13:06:48.18624,8,1000,0
2024-01-17 13:06:48.18630,8,1000,0
2024-01-17 13:06:48.18638,8,1000,0
2024-01-17 13:06:48.18646,8,1000,0
2024-01-17 13:06:48.18663,8,1000,0
2024-01-17 13:06:48.18671,8,1000,0
2024-01-17 13:06:48.18679,8,1000,0
2024-01-17 13:06:48.18688,8,1000,0
2024-01-17 13:06:48.18699,8,1000,0
2024-01-17 13:06:48.18707,8,1000,0
2024-01-17 13:06:48.18723,8,1000,0
2024-01-17 13:06:48.18736,8,1000,0
2024-01-17 13:06:48.18747,8,1000,0
2024-01-17 13:06:48.18774,8,1000,0
2024-01-17 13:06:48.18781,8,1000,0
2024-01-17 13:06:48.18789,8,1000,0
2024-01-17 13:06:48.18815,8,1000,0
2024-01-17 13:06:48.18823,8,1000,0
2024-01-17 13:06:48.18832,8,1000,0
2024-01-17 13:06:48.18853,8,1000,0
2024-01-17 13:06:48.18863,8,1000,0
2024-01-17 13:06:48.18873,8,1000,0
2024-01-17 13:06:48.18880,8,1000,0
2024-01-17 13:06:48.18941,8,1000,0
2024-01-17 13:06:48.18957,8,1000,0
2024-01-17 13:06:48.18974,8,1000,0
2024-01-17 13:06:48.18985,8,1000,0
2024-01-17 13:06:48.18992,8,1000,0
2024-01-17 13:06:48.19002,8,1000,0
2024-01-17 13:06:48.19033,8,1000,0
2024-01-17 13:06:48.19042,8,1000,0
2024-01-17 13:06:48.19055,8,1000,0
2024-01-17 13:06:48.19074,8,1000,0
2024-01-17 13:06:48.19089,8,1000,0
2024-01-17 13:06:48.19104,8,1000,0
2024-01-17 13:06:48.19120,8,1000,0
2024-01-17 13:06:48.19140,8,1000,0
2024-01-17 13:06:48.19151,8,1000,0
2024-01-17 13:06:48.19159,8,1000,0
2024-01-17 13:06:48.19166,8,1000,0
2024-01-17 13:06:48.19174,8,1000,0
2024-01-17 13:06:48.19186,8,1000,0
2024-01-17 13:06:48.19195,8,1000,0
2024-01-17 13:06:48.19206,8,1000,0
2024-01-17 13:06:48.19214,8,1000,0
2024-01-17 13:06:48.19222,8,1000,0
2024-01-17 13:06:48.19230,8,1000,0
2024-01-17 13:06:48.19259,8,1000,0
2024-01-17 13:06:48.19275,8,1000,0
2024-01-17 13:06:48.19284,8,1000,0
2024-01-17 13:06:48.19325,8,1000,0
2024-01-17 13:06:48.19337,8,1000,0
2024-01-17 13:06:48.19362,8,1000,0
2024-01-17 13:06:48.19375,8,1000,0
2024-01-17 13:06:48.19389,8,1000,0
2024-01-17 13:06:48.19406,8,1000,0
2024-01-17 13:06:48.19418,8,1000,0
2024-01-17 13:06:48.19436,8,1000,0
2024-01-17 13:06:48.19444,8,1000,0
2024-01-17 13:06:48.19454,8,1000,0
2024-01-17 13:06:48.19486,8,1000,0
2024-01-17 13:06:48.19494,8,1000,0
2024-01-17 13:06:48.19546,8,1000,0
2024-01-17 13:06:48.19620,8,1000,0
2024-01-17 13:06:48.19767,8,1000,0
2024-01-17 13:06:48.19780,8,1000,0
2024-01-17 13:06:48.19793,8,1000,0
2024-01-17 13:06:48.19802,8,1000,0
2024-01-17 13:06:48.19812,8,1000,0
2024-01-17 13:06:48.19820,8,1000,0
2024-01-17 13:06:48.19828,8,1000,0
2024-01-17 13:06:48.19836,8,1000,0
2024-01-17 13:06:48.19844,8,1000,0
2024-01-17 13:06:48.19866,8,1000,0
2024-01-17 13:06:48.19898,8,1000,0
2024-01-17 13:06:48.19906,8,1000,0
2024-01-17 13:06:48.19917,8,1000,0
2024-01-17 13:06:48.19928,8,1000,0
2024-01-17 13:06:48.19938,8,1000,0
2024-01-17 13:06:48.19947,8,1000,0
2024-01-17 13:06:48.19957,8,1000,0
2024-01-17 13:06:48.19967,8,1000,0
2024-01-17 13:06:48.19976,8,1000,0
2024-01-17 13:06:48.19985,8,1000,0
2024-01-17 13:06:48.20003,8,1000,0
2024-01-17 13:06:48.20035,8,1000,0
2024-01-17 13:06:48.20044,8,1000,0
2024-01-17 13:06:48.20053,8,1000,0
2024-01-17 13:06:48.20068,8,1000,0
2024-01-17 13:06:48.20078,8,1000,0
2024-01-17 13:06:48.20087,8,1000,0
2024-01-17 13:06:48.20097,8,1000,0
2024-01-17 13:06:48.20111,8,1000,0
2024-01-17 13:06:48.20122,8,1000,0
2024-01-17 13:06:48.20133,8,1000,0
2024-01-17 13:06:48.20144,8,1000,0
2024-01-17 13:06:48.20161,8,1000,0
2024-01-17 13:06:48.20178,8,1000,0
2024-01-17 13:06:48.20188,8,1000,0
2024-01-17 13:06:48.20196,8,1000,0
2024-01-17 13:06:48.20214,8,1000,0
2024-01-17 13:06:48.20231,8,1000,0
2024-01-17 13:06:48.20260,8,1000,0
2024-01-17 13:06:48.20277,8,1000,0
2024-01-17 13:06:48.20289,8,1000,0
2024-01-17 13:06:48.20306,8,1000,0
2024-01-17 13:06:48.20357,8,1000,0
2024-01-17 13:06:48.20368,8,1000,0
2024-01-17 13:06:48.20376,8,1000,0
2024-01-17 13:06:48.20389,8,1000,0
2024-01-17 13:06:48.20401,8,1000,0
2024-01-17 13:06:48.20414,8,1000,0
2024-01-17 13:06:48.20423,8,1000,0
2024-01-17 13:06:48.20434,8,1000,0
2024-01-17 13:06:48.20464,8,1000,0
2024-01-17 13:06:48.20475,8,1000,0
2024-01-17 13:06:48.20483,8,1000,0
2024-01-17 13:06:48.20516,8,1000,0
2024-01-17 13:06:48.20531,8,1000,0
2024-01-17 13:06:48.20543,8,1000,0
2024-01-17 13:06:48.20552,8,1000,0
2024-01-17 13:06:48.20561,8,1000,0
2024-01-17 13:06:48.20568,8,1000,0
2024-01-17 13:06:48.20576,8,1000,0
2024-01-17 13:06:48.20584,8,1000,0
2024-01-17 13:06:48.20603,8,1000,0
2024-01-17 13:06:48.20610,8,1000,0
2024-01-17 13:06:48.20621,8,1000,0
2024-01-17 13:06:48.20632,8,1000,0
2024-01-17 13:06:48.20640,8,1000,0
2024-01-17 13:06:48.20655,8,1000,0
2024-01-17 13:06:48.20665,8,1000,0
2024-01-17 13:06:48.20673,8,1000,0
2024-01-17 13:06:48.20682,8,1000,0
2024-01-17 13:06:48.20702,8,1000,0
2024-01-17 13:06:48.20718,8,1000,0
2024-01-17 13:06:48.20732,8,1000,0
2024-01-17 13:06:48.20745,8,1000,0
2024-01-17 13:06:48.20758,8,1000,0
2024-01-17 13:06:48.20802,8,1000,0
2024-01-17 13:06:48.20818,8,1000,0
2024-01-17 13:06:48.20833,8,1000,0
2024-01-17 13:06:48.20843,8,1000,0
2024-01-17 13:06:48.20857,8,1000,0
2024-01-17 13:06:48.20869,8,1000,0
2024-01-17 13:06:48.20881,8,1000,0
2024-01-17 13:06:48.20900,8,1000,0
2024-01-17 13:06:48.20916,8,1000,0
2024-01-17 13:06:48.20932,8,1000,0
2024-01-17 13:06:48.20944,8,1000,0
2024-01-17 13:06:48.20955,8,1000,0
2024-01-17 13:06:48.20979,8,1000,0
2024-01-17 13:06:48.21002,8,1000,0
2024-01-17 13:06:48.21011,8,1000,0
2024-01-17 13:06:48.21019,8,1000,0
2024-01-17 13:06:48.21028,8,1000,0
2024-01-17 13:06:48.21038,8,1000,0
2024-01-17 13:06:48.21075,8,1000,0
2024-01-17 13:06:48.21084,8,1000,0
2024-01-17 13:06:48.21092,8,1000,0
2024-01-17 13:06:48.21144,8,1000,0
2024-01-17 13:06:48.21162,8,1000,0
2024-01-17 13:06:48.21173,8,1000,0
2024-01-17 13:06:48.21183,8,1000,0
2024-01-17 13:06:48.21192,8,1000,0
2024-01-17 13:06:48.21200,8,1000,0
2024-01-17 13:06:48.21220,8,1000,0
2024-01-17 13:06:48.21232,8,1000,0
2024-01-17 13:06:48.21248,8,1000,0
2024-01-17 13:06:48.21257,8,1000,0
2024-01-17 13:06:48.21270,8,1000,0
2024-01-17 13:06:48.21288,8,1000,0
2024-01-17 13:06:48.21309,8,1000,0
2024-01-17 13:06:48.21327,8,1000,0
2024-01-17 13:06:48.21345,8,1000,0
2024-01-17 13:06:48.21361,8,1000,0
2024-01-17 13:06:48.21375,8,1000,0
2024-01-17 13:06:48.21389,8,1000,0
2024-01-17 13:06:48.21407,8,1000,0
2024-01-17 13:06:48.21416,8,1000,0
2024-01-17 13:06:48.21425,8,1000,0
2024-01-17 13:06:48.21537,8,1000,0
2024-01-17 13:06:48.21551,8,1000,0
2024-01-17 13:06:48.21587,8,1000,0
2024-01-17 13:06:48.21595,8,1000,0
2024-01-17 13:06:48.21604,8,1000,0
2024-01-17 13:06:48.21612,8,1000,0
2024-01-17 13:06:48.21619,8,1000,0
2024-01-17 13:06:48.21632,8,1000,0
2024-01-17 13:06:48.21640,8,1000,0
2024-01-17 13:06:48.21649,8,1000,0
2024-01-17 13:06:48.21658,8,1000,0
2024-01-17 13:06:48.21725,8,1000,0
2024-01-17 13:06:48.21734,8,1000,0
2024-01-17 13:06:48.21748,8,1000,0
2024-01-17 13:06:48.21771,8,1000,0
2024-01-17 13:06:48.21782,8,1000,0
2024-01-17 13:06:48.21809,8,1000,0
2024-01-17 13:06:48.21818,8,1000,0
2024-01-17 13:06:48.21849,8,1000,0
2024-01-17 13:06:48.21863,8,1000,0
2024-01-17 13:06:48.21871,8,1000,0
2024-01-17 13:06:48.21882,8,1000,0
2024-01-17 13:06:48.21911,8,1000,0
2024-01-17 13:06:48.21921,8,1000,0
2024-01-17 13:06:48.21932,8,1000,0
2024-01-17 13:06:48.21942,8,1000,0
2024-01-17 13:06:48.21953,8,1000,0
2024-01-17 13:06:48.21963,8,1000,0
2024-01-17 13:06:48.21981,8,1000,0
2024-01-17 13:06:48.22093,8,1000,0
2024-01-17 13:06:48.22102,8,1000,0
2024-01-17 13:06:49.21709,9,1000,0
2024-01-17 13:06:49.21720,9,1000,0
2024-01-17 13:06:49.21727,9,1000,0
2024-01-17 13:06:49.21735,9,1000,0
2024-01-17 13:06:49.21745,9,1000,0
2024-01-17 13:06:49.21754,9,1000,0
2024-01-17 13:06:49.21762,9,1000,0
2024-01-17 13:06:49.21771,9,1000,0
2024-01-17 13:06:49.21780,9,1000,0
2024-01-17 13:06:49.21789,9,1000,0
2024-01-17 13:06:49.21798,9,1000,0
2024-01-17 13:06:49.21805,9,1000,0
2024-01-17 13:06:49.21813,9,1000,0
2024-01-17 13:06:49.21823,9,1000,0
2024-01-17 13:06:49.21833,9,1000,0
2024-01-17 13:06:49.21841,9,1000,0
2024-01-17 13:06:49.21850,9,1000,0
2024-01-17 13:06:49.21859,9,1000,0
2024-01-17 13:06:49.21868,9,1000,0
2024-01-17 13:06:49.21876,9,1000,0
2024-01-17 13:06:49.21884,9,1000,0
2024-01-17 13:06:49.21893,9,1000,0
2024-01-17 13:06:49.21901,9,1000,0
2024-01-17 13:06:49.21909,9,1000,0
2024-01-17 13:06:49.21917,9,1000,0
2024-01-17 13:06:49.21925,9,1000,0
2024-01-17 13:06:49.21933,9,1000,0
2024-01-17 13:06:49.21940,9,1000,0
2024-01-17 13:06:49.21949,9,1000,0
2024-01-17 13:06:49.21958,9,1000,0
2024-01-17 13:06:49.21968,9,1000,0
2024-01-17 13:06:49.21978,9,1000,0
2024-01-17 13:06:49.21987,9,1000,0
2024-01-17 13:06:49.21997,9,1000,0
2024-01-17 13:06:49.22009,9,1000,0
2024-01-17 13:06:49.22018,9,1000,0
2024-01-17 13:06:49.22029,9,1000,0
2024-01-17 13:06:49.22038,9,1000,0
2024-01-17 13:06:49.22046,9,1000,0
2024-01-17 13:06:49.22053,9,1000,0
2024-01-17 13:06:49.22062,9,1000,0
2024-01-17 13:06:49.22070,9,1000,0
2024-01-17 13:06:49.22078,9,1000,0
2024-01-17 13:06:49.22086,9,1000,0
2024-01-17 13:06:49.22095,9,1000,0
2024-01-17 13:06:49.22104,9,1000,0
2024-01-17 13:06:49.22113,9,1000,0
2024-01-17 13:06:49.22122,9,1000,0
2024-01-17 13:06:49.22131,9,1000,0
2024-01-17 13:06:49.22141,9,1000,0
2024-01-17 13:06:49.22149,9,1000,0
2024-01-17 13:06:49.22157,9,1000,0
2024-01-17 13:06:49.22166,9,1000,0
2024-01-17 13:06:49.22178,9,1000,0
2024-01-17 13:06:49.22186,9,1000,0
2024-01-17 13:06:49.22195,9,1000,0
2024-01-17 13:06:49.22203,9,1000,0
2024-01-17 13:06:49.22210,9,1000,0
2024-01-17 13:06:49.22219,9,1000,0
2024-01-17 13:06:49.22227,9,1000,0
2024-01-17 13:06:49.22236,9,1000,0
2024-01-17 13:06:49.22250,9,1000,0
2024-01-17 13:06:49.22258,9,1000,0
2024-01-17 13:06:49.22266,9,1000,0
2024-01-17 13:06:49.22274,9,1000,0
2024-01-17 13:06:49.22283,9,1000,0
2024-01-17 13:06:49.22293,9,1000,0
2024-01-17 13:06:49.22306,9,1000,0
2024-01-17 13:06:49.22313,9,1000,0
2024-01-17 13:06:49.22322,9,1000,0
2024-01-17 13:06:49.22330,9,1000,0
2024-01-17 13:06:49.22338,9,1000,0
2024-01-17 13:06:49.22348,9,1000,0
2024-01-17 13:06:49.22370,9,1000,0
2024-01-17 13:06:49.22380,9,1000,0
2024-01-17 13:06:49.22388,9,1000,0
2024-01-17 13:06:49.22396,9,1000,0
2024-01-17 13:06:49.22406,9,1000,0
2024-01-17 13:06:49.22413,9,1000,0
2024-01-17 13:06:49.22423,9,1000,0
2024-01-17 13:06:49.22432,9,1000,0
2024-01-17 13:06:49.22441,9,1000,0
2024-01-17 13:06:49.22451,9,1000,0
2024-01-17 13:06:49.22465,9,1000,0
2024-01-17 13:06:49.22481,9,1000,0
2024-01-17 13:06:49.22487,9,1000,0
2024-01-17 13:06:49.22497,9,1000,0
2024-01-17 13:06:49.22512,9,1000,0
2024-01-17 13:06:49.22526,9,1000,0
2024-01-17 13:06:49.22542,9,1000,0
2024-01-17 13:06:49.22559,9,1000,0
2024-01-17 13:06:49.22574,9,1000,0
2024-01-17 13:06:49.22589,9,1000,0
2024-01-17 13:06:49.22603,9,1000,0
2024-01-17 13:06:49.22617,9,1000,0
2024-01-17 13:06:49.22634,9,1000,0
2024-01-17 13:06:49.22649,9,1000,0
2024-01-17 13:06:49.22673,9,1000,0
2024-01-17 13:06:49.22684,9,1000,0
2024-01-17 13:06:49.22697,9,1000,0
2024-01-17 13:06:49.22708,9,1000,0
2024-01-17 13:06:49.22718,9,1000,0
2024-01-17 13:06:49.22726,9,1000,0
2024-01-17 13:06:49.22740,9,1000,0
2024-01-17 13:06:49.22750,9,1000,0
2024-01-17 13:06:49.22764,9,1000,0
2024-01-17 13:06:49.22775,9,1000,0
2024-01-17 13:06:49.22790,9,1000,0
2024-01-17 13:06:49.22810,9,1000,0
2024-01-17 13:06:49.22828,9,1000,0
2024-01-17 13:06:49.22845,9,1000,0
2024-01-17 13:06:49.22862,9,1000,0
2024-01-17 13:06:49.22876,9,1000,0
2024-01-17 13:06:49.22892,9,1000,0
2024-01-17 13:06:49.22901,9,1000,0
2024-01-17 13:06:49.22911,9,1000,0
2024-01-17 13:06:49.22922,9,1000,0
2024-01-17 13:06:49.22934,9,1000,0
2024-01-17 13:06:49.22942,9,1000,0
2024-01-17 13:06:49.22966,9,1000,0
2024-01-17 13:06:49.22977,9,1000,0
2024-01-17 13:06:49.22995,9,1000,0
2024-01-17 13:06:49.23006,9,1000,0
2024-01-17 13:06:49.23017,9,1000,0
2024-01-17 13:06:49.23080,9,1000,0
2024-01-17 13:06:49.23145,9,1000,0
2024-01-17 13:06:49.23160,9,1000,0
2024-01-17 13:06:49.23174,9,1000,0
2024-01-17 13:06:49.23192,9,1000,0
2024-01-17 13:06:49.23206,9,1000,0
2024-01-17 13:06:49.23219,9,1000,0
2024-01-17 13:06:49.23231,9,1000,0
2024-01-17 13:06:49.23267,9,1000,0
2024-01-17 13:06:49.23278,9,1000,0
2024-01-17 13:06:49.23289,9,1000,0
2024-01-17 13:06:49.23306,9,1000,0
2024-01-17 13:06:49.23316,9,1000,0
2024-01-17 13:06:49.23329,9,1000,0
2024-01-17 13:06:49.23340,9,1000,0
2024-01-17 13:06:49.23352,9,1000,0
2024-01-17 13:06:49.23367,9,1000,0
2024-01-17 13:06:49.23377,9,1000,0
2024-01-17 13:06:49.23387,9,1000,0
2024-01-17 13:06:49.23397,9,1000,0
2024-01-17 13:06:49.23407,9,1000,0
2024-01-17 13:06:49.23417,9,1000,0
2024-01-17 13:06:49.23428,9,1000,0
2024-01-17 13:06:49.23437,9,1000,0
2024-01-17 13:06:49.23446,9,1000,0
2024-01-17 13:06:49.23457,9,1000,0
2024-01-17 13:06:49.23471,9,1000,0
2024-01-17 13:06:49.23482,9,1000,0
2024-01-17 13:06:49.23496,9,1000,0
2024-01-17 13:06:49.23506,9,1000,0
2024-01-17 13:06:49.23516,9,1000,0
2024-01-17 13:06:49.23525,9,1000,0
2024-01-17 13:06:49.23538,9,1000,0
2024-01-17 13:06:49.23548,9,1000,0
2024-01-17 13:06:49.23564,9,1000,0
2024-01-17 13:06:49.23576,9,1000,0
2024-01-17 13:06:49.23588,9,1000,0
2024-01-17 13:06:49.23600,9,1000,0
2024-01-17 13:06:49.23612,9,1000,0
2024-01-17 13:06:49.23628,9,1000,0
2024-01-17 13:06:49.23638,9,1000,0
2024-01-17 13:06:49.23652,9,1000,0
2024-01-17 13:06:49.23664,9,1000,0
2024-01-17 13:06:49.23674,9,1000,0
2024-01-17 13:06:49.23683,9,1000,0
2024-01-17 13:06:49.23692,9,1000,0
2024-01-17 13:06:49.23700,9,1000,0
2024-01-17 13:06:49.23711,9,1000,0
2024-01-17 13:06:49.23721,9,1000,0
2024-01-17 13:06:49.23730,9,1000,0
2024-01-17 13:06:49.23741,9,1000,0
2024-01-17 13:06:49.23757,9,1000,0
2024-01-17 13:06:49.23766,9,1000,0
2024-01-17 13:06:49.23775,9,1000,0
2024-01-17 13:06:49.23783,9,1000,0
2024-01-17 13:06:49.23791,9,1000,0
2024-01-17 13:06:49.23802,9,1000,0
2024-01-17 13:06:49.23811,9,1000,0
2024-01-17 13:06:49.23821,9,1000,0
2024-01-17 13:06:49.23831,9,1000,0
2024-01-17 13:06:49.23841,9,1000,0
2024-01-17 13:06:49.23851,9,1000,0
2024-01-17 13:06:49.23859,9,1000,0
2024-01-17 13:06:49.23871,9,1000,0
2024-01-17 13:06:49.23881,9,1000,0
2024-01-17 13:06:49.23891,9,1000,0
2024-01-17 13:06:49.23898,9,1000,0
2024-01-17 13:06:49.23907,9,1000,0
2024-01-17 13:06:49.23916,9,1000,0
2024-01-17 13:06:49.23935,9,1000,0
2024-01-17 13:06:49.23958,9,1000,0
2024-01-17 13:06:49.23968,9,1000,0
2024-01-17 13:06:49.23979,9,1000,0
2024-01-17 13:06:49.23990,9,1000,0
2024-01-17 13:06:49.24002,9,1000,0
2024-01-17 13:06:49.24015,9,1000,0
2024-01-17 13:06:49.24030,9,1000,0
2024-01-17 13:06:49.24049,9,1000,0
2024-01-17 13:06:49.24058,9,1000,0
2024-01-17 13:06:49.24075,9,1000,0
2024-01-17 13:06:49.24083,9,1000,0
2024-01-17 13:06:49.24092,9,1000,0
2024-01-17 13:06:49.24102,9,1000,0
2024-01-17 13:06:49.24112,9,1000,0
2024-01-17 13:06:49.24124,9,1000,0
2024-01-17 13:06:49.24134,9,1000,0
2024-01-17 13:06:49.24142,9,1000,0
2024-01-17 13:06:49.24155,9,1000,0
2024-01-17 13:06:49.24164,9,1000,0
2024-01-17 13:06:49.24174,9,1000,0
2024-01-17 13:06:49.24183,9,1000,0
2024-01-17 13:06:49.24193,9,1000,0
2024-01-17 13:06:49.24204,9,1000,0
2024-01-17 13:06:49.24213,9,1000,0
2024-01-17 13:06:49.24226,9,1000,0
2024-01-17 13:06:49.24236,9,1000,0
2024-01-17 13:06:49.24245,9,1000,0
2024-01-17 13:06:49.24275,9,1000,0
2024-01-17 13:06:49.24288,9,1000,0
2024-01-17 13:06:49.24300,9,1000,0
2024-01-17 13:06:49.24310,9,1000,0
2024-01-17 13:06:49.24321,9,1000,0
2024-01-17 13:06:49.24335,9,1000,0
2024-01-17 13:06:49.24347,9,1000,0
2024-01-17 13:06:49.24359,9,1000,0
2024-01-17 13:06:49.24370,9,1000,0
2024-01-17 13:06:49.24384,9,1000,0
2024-01-17 13:06:49.24399,9,1000,0
2024-01-17 13:06:49.24416,9,1000,0
2024-01-17 13:06:49.24443,9,1000,0
2024-01-17 13:06:49.24452,9,1000,0
2024-01-17 13:06:49.24461,9,1000,0
2024-01-17 13:06:49.24469,9,1000,0
2024-01-17 13:06:49.24479,9,1000,0
2024-01-17 13:06:49.24490,9,1000,0
2024-01-17 13:06:49.24503,9,1000,0
2024-01-17 13:06:49.24516,9,1000,0
2024-01-17 13:06:49.24525,9,1000,0
2024-01-17 13:06:49.24534,9,1000,0
2024-01-17 13:06:49.24542,9,1000,0
2024-01-17 13:06:49.24553,9,1000,0
2024-01-17 13:06:49.24562,9,1000,0
2024-01-17 13:06:49.24573,9,1000,0
2024-01-17 13:06:49.24593,9,1000,0
2024-01-17 13:06:49.24605,9,1000,0
2024-01-17 13:06:49.24617,9,1000,0
2024-01-17 13:06:49.24630,9,1000,0
2024-01-17 13:06:49.24645,9,1000,0
2024-01-17 13:06:49.24655,9,1000,0
2024-01-17 13:06:49.24663,9,1000,0
2024-01-17 13:06:49.24675,9,1000,0
2024-01-17 13:06:49.24686,9,1000,0
2024-01-17 13:06:49.24699,9,1000,0
2024-01-17 13:06:49.24712,9,1000,0
2024-01-17 13:06:49.24735,9,1000,0
2024-01-17 13:06:49.24748,9,1000,0
2024-01-17 13:06:49.24766,9,1000,0
2024-01-17 13:06:49.24774,9,1000,0
2024-01-17 13:06:49.24783,9,1000,0
2024-01-17 13:06:49.24791,9,1000,0
2024-01-17 13:06:49.24804,9,1000,0
2024-01-17 13:06:49.24816,9,1000,0
2024-01-17 13:06:49.24828,9,1000,0
2024-01-17 13:06:49.24838,9,1000,0
2024-01-17 13:06:49.24848,9,1000,0
2024-01-17 13:06:49.24869,9,1000,0
2024-01-17 13:06:49.24885,9,1000,0
2024-01-17 13:06:49.24895,9,1000,0
2024-01-17 13:06:49.24903,9,1000,0
2024-01-17 13:06:49.24912,9,1000,0
2024-01-17 13:06:49.24920,9,1000,0
2024-01-17 13:06:49.24963,9,1000,0
2024-01-17 13:06:49.24974,9,1000,0
2024-01-17 13:06:49.24983,9,1000,0
2024-01-17 13:06:49.24994,9,1000,0
2024-01-17 13:06:49.25004,9,1000,0
2024-01-17 13:06:49.25017,9,1000,0
2024-01-17 13:06:49.25030,9,1000,0
2024-01-17 13:06:49.25042,9,1000,0
2024-01-17 13:06:49.25054,9,1000,0
2024-01-17 13:06:49.25063,9,1000,0
2024-01-17 13:06:49.25074,9,1000,0
2024-01-17 13:06:49.25088,9,1000,0
2024-01-17 13:06:49.25103,9,1000,0
2024-01-17 13:06:49.25112,9,1000,0
2024-01-17 13:06:49.25126,9,1000,0
2024-01-17 13:06:49.25133,9,1000,0
2024-01-17 13:06:49.25140,9,1000,0
2024-01-17 13:06:49.25150,9,1000,0
2024-01-17 13:06:49.25156,9,1000,0
2024-01-17 13:06:49.25165,9,1000,0
2024-01-17 13:06:49.25172,9,1000,0
2024-01-17 13:06:49.25179,9,1000,0
2024-01-17 13:06:49.25187,9,1000,0
2024-01-17 13:06:49.25195,9,1000,0
2024-01-17 13:06:49.25202,9,1000,0
2024-01-17 13:06:49.25209,9,1000,0
2024-01-17 13:06:49.25215,9,1000,0
2024-01-17 13:06:49.25227,9,1000,0
2024-01-17 13:06:49.25235,9,1000,0
2024-01-17 13:06:49.25242,9,1000,0
2024-01-17 13:06:49.25249,9,1000,0
2024-01-17 13:06:49.25258,9,1000,0
2024-01-17 13:06:49.25273,9,1000,0
2024-01-17 13:06:49.25287,9,1000,0
2024-01-17 13:06:49.25299,9,1000,0
2024-01-17 13:06:49.25316,9,1000,0
2024-01-17 13:06:49.25323,9,1000,0
2024-01-17 13:06:49.25331,9,1000,0
2024-01-17 13:06:49.25339,9,1000,0
2024-01-17 13:06:49.25357,9,1000,0
2024-01-17 13:06:49.25372,9,1000,0
2024-01-17 13:06:49.25390,9,1000,0
2024-01-17 13:06:49.25405,9,1000,0
2024-01-17 13:06:49.25431,9,1000,0
2024-01-17 13:06:49.25441,9,1000,0
2024-01-17 13:06:49.25449,9,1000,0
2024-01-17 13:06:49.25469,9,1000,0
2024-01-17 13:06:49.25489,9,1000,0
2024-01-17 13:06:49.25507,9,1000,0
2024-01-17 13:06:49.25519,9,1000,0
2024-01-17 13:06:49.25527,9,1000,0
2024-01-17 13:06:49.25536,9,1000,0
2024-01-17 13:06:49.25544,9,1000,0
2024-01-17 13:06:49.25569,9,1000,0
2024-01-17 13:06:49.25587,9,1000,0
2024-01-17 13:06:49.25596,9,1000,0
2024-01-17 13:06:49.25604,9,1000,0
2024-01-17 13:06:49.25612,9,1000,0
2024-01-17 13:06:49.25622,9,1000,0
2024-01-17 13:06:49.25631,9,1000,0
2024-01-17 13:06:49.25638,9,1000,0
2024-01-17 13:06:49.25646,9,1000,0
2024-01-17 13:06:49.25654,9,1000,0
2024-01-17 13:06:49.25666,9,1000,0
2024-01-17 13:06:49.25673,9,1000,0
2024-01-17 13:06:49.25681,9,1000,0
2024-01-17 13:06:49.25691,9,1000,0
2024-01-17 13:06:49.25734,9,1000,0
2024-01-17 13:06:49.25750,9,1000,0
2024-01-17 13:06:49.25762,9,1000,0
2024-01-17 13:06:49.25786,9,1000,0
2024-01-17 13:06:49.25798,9,1000,0
2024-01-17 13:06:49.25812,9,1000,0
2024-01-17 13:06:49.25823,9,1000,0
2024-01-17 13:06:49.25836,9,1000,0
2024-01-17 13:06:49.25849,9,1000,0
2024-01-17 13:06:49.25861,9,1000,0
2024-01-17 13:06:49.25875,9,1000,0
2024-01-17 13:06:49.25887,9,1000,0
2024-01-17 13:06:49.25894,9,1000,0
2024-01-17 13:06:49.25901,9,1000,0
2024-01-17 13:06:49.25909,9,1000,0
2024-01-17 13:06:49.25917,9,1000,0
2024-01-17 13:06:49.25924,9,1000,0
2024-01-17 13:06:49.25933,9,1000,0
2024-01-17 13:06:49.25941,9,1000,0
2024-01-17 13:06:49.25950,9,1000,0
2024-01-17 13:06:49.25957,9,1000,0
2024-01-17 13:06:49.25964,9,1000,0
2024-01-17 13:06:49.25971,9,1000,0
2024-01-17 13:06:49.25978,9,1000,0
2024-01-17 13:06:49.25988,9,1000,0
2024-01-17 13:06:49.25995,9,1000,0
2024-01-17 13:06:49.26002,9,1000,0
2024-01-17 13:06:49.26009,9,1000,0
2024-01-17 13:06:49.26016,9,1000,0
2024-01-17 13:06:49.26023,9,1000,0
2024-01-17 13:06:49.26033,9,1000,0
2024-01-17 13:06:49.26040,9,1000,0
2024-01-17 13:06:49.26048,9,1000,0
2024-01-17 13:06:49.26055,9,1000,0
2024-01-17 13:06:49.26063,9,1000,0
2024-01-17 13:06:49.26076,9,1000,0
2024-01-17 13:06:49.26088,9,1000,0
2024-01-17 13:06:49.26101,9,1000,0
2024-01-17 13:06:49.26113,9,1000,0
2024-01-17 13:06:49.26126,9,1000,0
2024-01-17 13:06:49.26138,9,1000,0
2024-01-17 13:06:49.26149,9,1000,0
2024-01-17 13:06:49.26163,9,1000,0
2024-01-17 13:06:49.26182,9,1000,0
2024-01-17 13:06:49.26199,9,1000,0
2024-01-17 13:06:49.26208,9,1000,0
2024-01-17 13:06:49.26224,9,1000,0
2024-01-17 13:06:49.26239,9,1000,0
2024-01-17 13:06:49.26255,9,1000,0
2024-01-17 13:06:49.26274,9,1000,0
2024-01-17 13:06:49.26286,9,1000,0
2024-01-17 13:06:49.26297,9,1000,0
2024-01-17 13:06:49.26306,9,1000,0
2024-01-17 13:06:49.26323,9,1000,0
2024-01-17 13:06:49.26343,9,1000,0
2024-01-17 13:06:49.26359,9,1000,0
2024-01-17 13:06:49.26377,9,1000,0
2024-01-17 13:06:49.26386,9,1000,0
2024-01-17 13:06:49.26395,9,1000,0
2024-01-17 13:06:49.26403,9,1000,0
2024-01-17 13:06:49.26412,9,1000,0
2024-01-17 13:06:49.26421,9,1000,0
2024-01-17 13:06:49.26429,9,1000,0
2024-01-17 13:06:49.26437,9,1000,0
2024-01-17 13:06:49.26445,9,1000,0
2024-01-17 13:06:49.26454,9,1000,0
2024-01-17 13:06:49.26464,9,1000,0
2024-01-17 13:06:49.26475,9,1000,0
2024-01-17 13:06:49.26490,9,1000,0
2024-01-17 13:06:49.26503,9,1000,0
2024-01-17 13:06:49.26514,9,1000,0
2024-01-17 13:06:49.26527,9,1000,0
2024-01-17 13:06:49.26539,9,1000,0
2024-01-17 13:06:49.26548,9,1000,0
2024-01-17 13:06:49.26558,9,1000,0
2024-01-17 13:06:49.26575,9,1000,0
2024-01-17 13:06:49.26586,9,1000,0
2024-01-17 13:06:49.26604,9,1000,0
2024-01-17 13:06:49.26624,9,1000,0
2024-01-17 13:06:49.26633,9,1000,0
2024-01-17 13:06:49.26644,9,1000,0
2024-01-17 13:06:49.26656,9,1000,0
2024-01-17 13:06:49.26674,9,1000,0
2024-01-17 13:06:49.26682,9,1000,0
2024-01-17 13:06:49.26690,9,1000,0
2024-01-17 13:06:49.26697,9,1000,0
2024-01-17 13:06:49.26707,9,1000,0
2024-01-17 13:06:49.26716,9,1000,0
2024-01-17 13:06:49.26725,9,1000,0
2024-01-17 13:06:49.26734,9,1000,0
2024-01-17 13:06:49.26742,9,1000,0
2024-01-17 13:06:49.26750,9,1000,0
2024-01-17 13:06:49.26759,9,1000,0
2024-01-17 13:06:49.26767,9,1000,0
2024-01-17 13:06:49.26776,9,1000,0
2024-01-17 13:06:49.26785,9,1000,0
2024-01-17 13:06:49.26794,9,1000,0
2024-01-17 13:06:49.26805,9,1000,0
2024-01-17 13:06:49.26813,9,1000,0
2024-01-17 13:06:49.26822,9,1000,0
2024-01-17 13:06:49.26832,9,1000,0
2024-01-17 13:06:49.26843,9,1000,0
2024-01-17 13:06:49.26854,9,1000,0
2024-01-17 13:06:49.26862,9,1000,0
2024-01-17 13:06:49.26894,9,1000,0
2024-01-17 13:06:49.26902,9,1000,0
2024-01-17 13:06:49.26911,9,1000,0
2024-01-17 13:06:49.26922,9,1000,0
2024-01-17 13:06:49.26931,9,1000,0
2024-01-17 13:06:49.26940,9,1000,0
2024-01-17 13:06:49.26979,9,1000,0
2024-01-17 13:06:49.26998,9,1000,0
2024-01-17 13:06:49.27006,9,1000,0
2024-01-17 13:06:49.27014,9,1000,0
2024-01-17 13:06:49.27032,9,1000,0
2024-01-17 13:06:49.27041,9,1000,0
2024-01-17 13:06:49.27051,9,1000,0
2024-01-17 13:06:49.27080,9,1000,0
2024-01-17 13:06:49.27092,9,1000,0
2024-01-17 13:06:49.27106,9,1000,0
2024-01-17 13:06:49.27120,9,1000,0
2024-01-17 13:06:49.27130,9,1000,0
2024-01-17 13:06:49.27140,9,1000,0
2024-01-17 13:06:49.27151,9,1000,0
2024-01-17 13:06:49.27163,9,1000,0
2024-01-17 13:06:49.27176,9,1000,0
2024-01-17 13:06:49.27189,9,1000,0
2024-01-17 13:06:49.27206,9,1000,0
2024-01-17 13:06:49.27236,9,1000,0
2024-01-17 13:06:49.27256,9,1000,0
2024-01-17 13:06:49.27272,9,1000,0
2024-01-17 13:06:49.27287,9,1000,0
2024-01-17 13:06:49.27299,9,1000,0
2024-01-17 13:06:49.27322,9,1000,0
2024-01-17 13:06:49.27337,9,1000,0
2024-01-17 13:06:49.27352,9,1000,0
2024-01-17 13:06:49.27360,9,1000,0
2024-01-17 13:06:49.27368,9,1000,0
2024-01-17 13:06:49.27378,9,1000,0
2024-01-17 13:06:49.27387,9,1000,0
2024-01-17 13:06:49.27396,9,1000,0
2024-01-17 13:06:49.27408,9,1000,0
2024-01-17 13:06:49.27418,9,1000,0
2024-01-17 13:06:49.27427,9,1000,0
2024-01-17 13:06:49.27436,9,1000,0
2024-01-17 13:06:49.27444,9,1000,0
2024-01-17 13:06:49.27454,9,1000,0
2024-01-17 13:06:49.27467,9,1000,0
2024-01-17 13:06:49.27476,9,1000,0
2024-01-17 13:06:49.27485,9,1000,0
2024-01-17 13:06:49.27492,9,1000,0
2024-01-17 13:06:49.27501,9,1000,0
2024-01-17 13:06:49.27509,9,1000,0
2024-01-17 13:06:49.27517,9,1000,0
2024-01-17 13:06:49.27526,9,1000,0
2024-01-17 13:06:49.27534,9,1000,0
2024-01-17 13:06:49.27543,9,1000,0
2024-01-17 13:06:49.27553,9,1000,0
2024-01-17 13:06:49.27562,9,1000,0
2024-01-17 13:06:49.27573,9,1000,0
2024-01-17 13:06:49.27583,9,1000,0
2024-01-17 13:06:49.27593,9,1000,0
2024-01-17 13:06:49.27602,9,1000,0
2024-01-17 13:06:49.27610,9,1000,0
2024-01-17 13:06:49.27618,9,1000,0
2024-01-17 13:06:49.27627,9,1000,0
2024-01-17 13:06:49.27635,9,1000,0
2024-01-17 13:06:49.27650,9,1000,0
2024-01-17 13:06:49.27660,9,1000,0
2024-01-17 13:06:49.27670,9,1000,0
2024-01-17 13:06:49.27683,9,1000,0
2024-01-17 13:06:49.27693,9,1000,0
2024-01-17 13:06:49.27708,9,1000,0
2024-01-17 13:06:49.27719,9,1000,0
2024-01-17 13:06:49.27729,9,1000,0
2024-01-17 13:06:49.27739,9,1000,0
2024-01-17 13:06:49.27750,9,1000,0
2024-01-17 13:06:49.27758,9,1000,0
2024-01-17 13:06:49.27766,9,1000,0
2024-01-17 13:06:49.27775,9,1000,0
2024-01-17 13:06:49.27784,9,1000,0
2024-01-17 13:06:49.27794,9,1000,0
2024-01-17 13:06:49.27804,9,1000,0
2024-01-17 13:06:49.27812,9,1000,0
2024-01-17 13:06:49.27820,9,1000,0
2024-01-17 13:06:49.27830,9,1000,0
2024-01-17 13:06:49.27839,9,1000,0
2024-01-17 13:06:49.27851,9,1000,0
2024-01-17 13:06:49.27859,9,1000,0
2024-01-17 13:06:49.27866,9,1000,0
2024-01-17 13:06:49.27875,9,1000,0
2024-01-17 13:06:49.27884,9,1000,0
2024-01-17 13:06:49.27892,9,1000,0
2024-01-17 13:06:49.27901,9,1000,0
2024-01-17 13:06:49.27909,9,1000,0
2024-01-17 13:06:49.27917,9,1000,0
2024-01-17 13:06:49.27926,9,1000,0
2024-01-17 13:06:49.27935,9,1000,0
2024-01-17 13:06:49.27944,9,1000,0
2024-01-17 13:06:49.27953,9,1000,0
2024-01-17 13:06:49.27961,9,1000,0
2024-01-17 13:06:49.27970,9,1000,0
2024-01-17 13:06:49.27980,9,1000,0
2024-01-17 13:06:49.27989,9,1000,0
2024-01-17 13:06:49.27997,9,1000,0
2024-01-17 13:06:49.28005,9,1000,0
2024-01-17 13:06:49.28013,9,1000,0
2024-01-17 13:06:49.28022,9,1000,0
2024-01-17 13:06:49.28031,9,1000,0
2024-01-17 13:06:49.28038,9,1000,0
2024-01-17 13:06:49.28048,9,1000,0
2024-01-17 13:06:49.28056,9,1000,0
2024-01-17 13:06:49.28066,9,1000,0
2024-01-17 13:06:49.28075,9,1000,0
2024-01-17 13:06:49.28083,9,1000,0
2024-01-17 13:06:49.28091,9,1000,0
2024-01-17 13:06:49.28099,9,1000,0
2024-01-17 13:06:49.28107,9,1000,0
2024-01-17 13:06:49.28115,9,1000,0
2024-01-17 13:06:49.28123,9,1000,0
2024-01-17 13:06:49.28132,9,1000,0
2024-01-17 13:06:49.28141,9,1000,0
2024-01-17 13:06:49.28151,9,1000,0
2024-01-17 13:06:49.28158,9,1000,0
2024-01-17 13:06:49.28167,9,1000,0
2024-01-17 13:06:49.28175,9,1000,0
2024-01-17 13:06:49.28184,9,1000,0
2024-01-17 13:06:49.28198,9,1000,0
2024-01-17 13:06:49.28208,9,1000,0
2024-01-17 13:06:49.28219,9,1000,0
2024-01-17 13:06:49.28230,9,1000,0
2024-01-17 13:06:49.28240,9,1000,0
2024-01-17 13:06:49.28251,9,1000,0
2024-01-17 13:06:49.28261,9,1000,0
2024-01-17 13:06:49.28270,9,1000,0
2024-01-17 13:06:49.28277,9,1000,0
2024-01-17 13:06:49.28285,9,1000,0
2024-01-17 13:06:49.28295,9,1000,0
2024-01-17 13:06:49.28306,9,1000,0
2024-01-17 13:06:49.28314,9,1000,0
2024-01-17 13:06:49.28324,9,1000,0
2024-01-17 13:06:49.28333,9,1000,0
2024-01-17 13:06:49.28342,9,1000,0
2024-01-17 13:06:49.28351,9,1000,0
2024-01-17 13:06:49.28359,9,1000,0
2024-01-17 13:06:49.28368,9,1000,0
2024-01-17 13:06:49.28377,9,1000,0
2024-01-17 13:06:49.28387,9,1000,0
2024-01-17 13:06:49.28395,9,1000,0
2024-01-17 13:06:49.28403,9,1000,0
2024-01-17 13:06:49.28412,9,1000,0
2024-01-17 13:06:49.28421,9,1000,0
2024-01-17 13:06:49.28429,9,1000,0
2024-01-17 13:06:49.28439,9,1000,0
2024-01-17 13:06:49.28448,9,1000,0
2024-01-17 13:06:49.28457,9,1000,0
2024-01-17 13:06:49.28468,9,1000,0
2024-01-17 13:06:49.28478,9,1000,0
2024-01-17 13:06:49.28489,9,1000,0
2024-01-17 13:06:49.28499,9,1000,0
2024-01-17 13:06:49.28508,9,1000,0
2024-01-17 13:06:49.28517,9,1000,0
2024-01-17 13:06:49.28526,9,1000,0
2024-01-17 13:06:49.28536,9,1000,0
2024-01-17 13:06:49.28543,9,1000,0
2024-01-17 13:06:49.28554,9,1000,0
2024-01-17 13:06:49.28566,9,1000,0
2024-01-17 13:06:49.28576,9,1000,0
2024-01-17 13:06:49.28584,9,1000,0
2024-01-17 13:06:49.28594,9,1000,0
2024-01-17 13:06:49.28603,9,1000,0
2024-01-17 13:06:49.28612,9,1000,0
2024-01-17 13:06:49.28623,9,1000,0
2024-01-17 13:06:49.28632,9,1000,0
2024-01-17 13:06:49.28643,9,1000,0
2024-01-17 13:06:49.28652,9,1000,0
2024-01-17 13:06:49.28661,9,1000,0
2024-01-17 13:06:49.28669,9,1000,0
2024-01-17 13:06:49.28683,9,1000,0
2024-01-17 13:06:49.28690,9,1000,0
2024-01-17 13:06:49.28698,9,1000,0
2024-01-17 13:06:49.28706,9,1000,0
2024-01-17 13:06:49.28713,9,1000,0
2024-01-17 13:06:49.28721,9,1000,0
2024-01-17 13:06:49.28729,9,1000,0
2024-01-17 13:06:49.28740,9,1000,0
2024-01-17 13:06:49.28748,9,1000,0
2024-01-17 13:06:49.28762,9,1000,0
2024-01-17 13:06:49.28775,9,1000,0
2024-01-17 13:06:49.28790,9,1000,0
2024-01-17 13:06:49.28797,9,1000,0
2024-01-17 13:06:49.28805,9,1000,0
2024-01-17 13:06:49.28814,9,1000,0
2024-01-17 13:06:49.28822,9,1000,0
2024-01-17 13:06:49.28830,9,1000,0
2024-01-17 13:06:49.28839,9,1000,0
2024-01-17 13:06:49.28846,9,1000,0
2024-01-17 13:06:49.28855,9,1000,0
2024-01-17 13:06:49.28862,9,1000,0
2024-01-17 13:06:49.28869,9,1000,0
2024-01-17 13:06:49.28876,9,1000,0
2024-01-17 13:06:49.28889,9,1000,0
2024-01-17 13:06:49.28904,9,1000,0
2024-01-17 13:06:49.28916,9,1000,0
2024-01-17 13:06:49.28928,9,1000,0
2024-01-17 13:06:49.28942,9,1000,0
2024-01-17 13:06:49.28954,9,1000,0
2024-01-17 13:06:49.28963,9,1000,0
2024-01-17 13:06:49.28972,9,1000,0
2024-01-17 13:06:49.28981,9,1000,0
2024-01-17 13:06:49.28989,9,1000,0
2024-01-17 13:06:49.28997,9,1000,0
2024-01-17 13:06:49.29005,9,1000,0
2024-01-17 13:06:49.29012,9,1000,0
2024-01-17 13:06:49.29017,9,1000,0
2024-01-17 13:06:49.29026,9,1000,0
2024-01-17 13:06:49.29034,9,1000,0
2024-01-17 13:06:49.29042,9,1000,0
2024-01-17 13:06:49.29049,9,1000,0
2024-01-17 13:06:49.29056,9,1000,0
2024-01-17 13:06:49.29066,9,1000,0
2024-01-17 13:06:49.29075,9,1000,0
2024-01-17 13:06:49.29082,9,1000,0
2024-01-17 13:06:49.29090,9,1000,0
2024-01-17 13:06:49.29101,9,1000,0
2024-01-17 13:06:49.29112,9,1000,0
2024-01-17 13:06:49.29125,9,1000,0
2024-01-17 13:06:49.29134,9,1000,0
2024-01-17 13:06:49.29161,9,1000,0
2024-01-17 13:06:49.29172,9,1000,0
2024-01-17 13:06:49.29184,9,1000,0
2024-01-17 13:06:49.29239,9,1000,0
2024-01-17 13:06:49.29251,9,1000,0
2024-01-17 13:06:49.29264,9,1000,0
2024-01-17 13:06:49.29276,9,1000,0
2024-01-17 13:06:49.29287,9,1000,0
2024-01-17 13:06:49.29300,9,1000,0
2024-01-17 13:06:49.29311,9,1000,0
2024-01-17 13:06:49.29323,9,1000,0
2024-01-17 13:06:49.29334,9,1000,0
2024-01-17 13:06:49.29347,9,1000,0
2024-01-17 13:06:49.29359,9,1000,0
2024-01-17 13:06:49.29369,9,1000,0
2024-01-17 13:06:49.29381,9,1000,0
2024-01-17 13:06:49.29394,9,1000,0
2024-01-17 13:06:49.29408,9,1000,0
2024-01-17 13:06:49.29417,9,1000,0
2024-01-17 13:06:49.29425,9,1000,0
2024-01-17 13:06:49.29432,9,1000,0
2024-01-17 13:06:49.29441,9,1000,0
2024-01-17 13:06:49.29449,9,1000,0
2024-01-17 13:06:49.29459,9,1000,0
2024-01-17 13:06:49.29468,9,1000,0
2024-01-17 13:06:49.29477,9,1000,0
2024-01-17 13:06:49.29495,9,1000,0
2024-01-17 13:06:49.29508,9,1000,0
2024-01-17 13:06:49.29517,9,1000,0
2024-01-17 13:06:49.29525,9,1000,0
2024-01-17 13:06:49.29533,9,1000,0
2024-01-17 13:06:49.29542,9,1000,0
2024-01-17 13:06:49.29551,9,1000,0
2024-01-17 13:06:49.29558,9,1000,0
2024-01-17 13:06:49.29565,9,1000,0
2024-01-17 13:06:49.29574,9,1000,0
2024-01-17 13:06:49.29593,9,1000,0
2024-01-17 13:06:49.29608,9,1000,0
2024-01-17 13:06:49.29621,9,1000,0
2024-01-17 13:06:49.29633,9,1000,0
2024-01-17 13:06:49.29658,9,1000,0
2024-01-17 13:06:49.29673,9,1000,0
2024-01-17 13:06:49.29691,9,1000,0
2024-01-17 13:06:49.29709,9,1000,0
2024-01-17 13:06:49.29726,9,1000,0
2024-01-17 13:06:49.29769,9,1000,0
2024-01-17 13:06:49.29784,9,1000,0
2024-01-17 13:06:49.29797,9,1000,0
2024-01-17 13:06:49.29809,9,1000,0
2024-01-17 13:06:49.29821,9,1000,0
2024-01-17 13:06:49.29834,9,1000,0
2024-01-17 13:06:49.29847,9,1000,0
2024-01-17 13:06:49.29861,9,1000,0
2024-01-17 13:06:49.29875,9,1000,0
2024-01-17 13:06:49.29892,9,1000,0
2024-01-17 13:06:49.29904,9,1000,0
2024-01-17 13:06:49.29916,9,1000,0
2024-01-17 13:06:49.29928,9,1000,0
2024-01-17 13:06:49.29939,9,1000,0
2024-01-17 13:06:49.29951,9,1000,0
2024-01-17 13:06:49.29965,9,1000,0
2024-01-17 13:06:49.29977,9,1000,0
2024-01-17 13:06:49.29991,9,1000,0
2024-01-17 13:06:49.30000,9,1000,0
2024-01-17 13:06:49.30009,9,1000,0
2024-01-17 13:06:49.30019,9,1000,0
2024-01-17 13:06:49.30031,9,1000,0
2024-01-17 13:06:49.30043,9,1000,0
2024-01-17 13:06:49.30056,9,1000,0
2024-01-17 13:06:49.30066,9,1000,0
2024-01-17 13:06:49.30074,9,1000,0
2024-01-17 13:06:49.30082,9,1000,0
2024-01-17 13:06:49.30092,9,1000,0
2024-01-17 13:06:49.30102,9,1000,0
2024-01-17 13:06:49.30114,9,1000,0
2024-01-17 13:06:49.30124,9,1000,0
2024-01-17 13:06:49.30135,9,1000,0
2024-01-17 13:06:49.30145,9,1000,0
2024-01-17 13:06:49.30154,9,1000,0
2024-01-17 13:06:49.30165,9,1000,0
2024-01-17 13:06:49.30176,9,1000,0
2024-01-17 13:06:49.30185,9,1000,0
2024-01-17 13:06:49.30194,9,1000,0
2024-01-17 13:06:49.30202,9,1000,0
2024-01-17 13:06:49.30213,9,1000,0
2024-01-17 13:06:49.30222,9,1000,0
2024-01-17 13:06:49.30232,9,1000,0
2024-01-17 13:06:49.30242,9,1000,0
2024-01-17 13:06:49.30251,9,1000,0
2024-01-17 13:06:49.30263,9,1000,0
2024-01-17 13:06:49.30271,9,1000,0
2024-01-17 13:06:49.30282,9,1000,0
2024-01-17 13:06:49.30294,9,1000,0
2024-01-17 13:06:49.30308,9,1000,0
2024-01-17 13:06:49.30326,9,1000,0
2024-01-17 13:06:49.30337,9,1000,0
2024-01-17 13:06:49.30358,9,1000,0
2024-01-17 13:06:49.30374,9,1000,0
2024-01-17 13:06:49.30385,9,1000,0
2024-01-17 13:06:49.30398,9,1000,0
2024-01-17 13:06:49.30415,9,1000,0
2024-01-17 13:06:49.30429,9,1000,0
2024-01-17 13:06:49.30450,9,1000,0
2024-01-17 13:06:49.30465,9,1000,0
2024-01-17 13:06:49.30473,9,1000,0
2024-01-17 13:06:49.30484,9,1000,0
2024-01-17 13:06:49.30494,9,1000,0
2024-01-17 13:06:49.30505,9,1000,0
2024-01-17 13:06:49.30572,9,1000,0
2024-01-17 13:06:49.30608,9,1000,0
2024-01-17 13:06:49.30624,9,1000,0
2024-01-17 13:06:49.30637,9,1000,0
2024-01-17 13:06:49.30670,9,1000,0
2024-01-17 13:06:49.30678,9,1000,0
2024-01-17 13:06:49.30687,9,1000,0
2024-01-17 13:06:49.30695,9,1000,0
2024-01-17 13:06:49.30704,9,1000,0
2024-01-17 13:06:49.30713,9,1000,0
2024-01-17 13:06:49.30725,9,1000,0
2024-01-17 13:06:49.30735,9,1000,0
2024-01-17 13:06:49.30744,9,1000,0
2024-01-17 13:06:49.30752,9,1000,0
2024-01-17 13:06:49.30762,9,1000,0
2024-01-17 13:06:49.30771,9,1000,0
2024-01-17 13:06:49.30780,9,1000,0
2024-01-17 13:06:49.30802,9,1000,0
2024-01-17 13:06:49.30819,9,1000,0
2024-01-17 13:06:49.30836,9,1000,0
2024-01-17 13:06:49.30851,9,1000,0
2024-01-17 13:06:49.30862,9,1000,0
2024-01-17 13:06:49.30872,9,1000,0
2024-01-17 13:06:49.30882,9,1000,0
2024-01-17 13:06:49.30892,9,1000,0
2024-01-17 13:06:49.30918,9,1000,0
2024-01-17 13:06:49.30932,9,1000,0
2024-01-17 13:06:49.30945,9,1000,0
2024-01-17 13:06:49.30958,9,1000,0
2024-01-17 13:06:49.30969,9,1000,0
2024-01-17 13:06:49.30976,9,1000,0
2024-01-17 13:06:49.30986,9,1000,0
2024-01-17 13:06:49.30994,9,1000,0
2024-01-17 13:06:49.31003,9,1000,0
2024-01-17 13:06:49.31013,9,1000,0
2024-01-17 13:06:49.31023,9,1000,0
2024-01-17 13:06:49.31036,9,1000,0
2024-01-17 13:06:49.31048,9,1000,0
2024-01-17 13:06:49.31057,9,1000,0
2024-01-17 13:06:49.31067,9,1000,0
2024-01-17 13:06:49.31076,9,1000,0
2024-01-17 13:06:49.31088,9,1000,0
2024-01-17 13:06:49.31098,9,1000,0
2024-01-17 13:06:49.31106,9,1000,0
2024-01-17 13:06:49.31116,9,1000,0
2024-01-17 13:06:49.31125,9,1000,0
2024-01-17 13:06:49.31135,9,1000,0
2024-01-17 13:06:49.31144,9,1000,0
2024-01-17 13:06:49.31152,9,1000,0
2024-01-17 13:06:49.31160,9,1000,0
2024-01-17 13:06:49.31173,9,1000,0
2024-01-17 13:06:49.31182,9,1000,0
2024-01-17 13:06:49.31193,9,1000,0
2024-01-17 13:06:49.31202,9,1000,0
2024-01-17 13:06:49.31210,9,1000,0
2024-01-17 13:06:49.31221,9,1000,0
2024-01-17 13:06:49.31231,9,1000,0
2024-01-17 13:06:49.31247,9,1000,0
2024-01-17 13:06:49.31255,9,1000,0
2024-01-17 13:06:49.31263,9,1000,0
2024-01-17 13:06:49.31273,9,1000,0
2024-01-17 13:06:49.31283,9,1000,0
2024-01-17 13:06:49.31293,9,1000,0
2024-01-17 13:06:49.31304,9,1000,0
2024-01-17 13:06:49.31317,9,1000,0
2024-01-17 13:06:49.31325,9,1000,0
2024-01-17 13:06:49.31336,9,1000,0
2024-01-17 13:06:49.31346,9,1000,0
2024-01-17 13:06:49.31364,9,1000,0
2024-01-17 13:06:49.31376,9,1000,0
2024-01-17 13:06:49.31414,9,1000,0
2024-01-17 13:06:49.31430,9,1000,0
2024-01-17 13:06:49.31463,9,1000,0
2024-01-17 13:06:49.31471,9,1000,0
2024-01-17 13:06:49.31479,9,1000,0
2024-01-17 13:06:49.31485,9,1000,0
2024-01-17 13:06:49.31494,9,1000,0
2024-01-17 13:06:49.31503,9,1000,0
2024-01-17 13:06:49.31511,9,1000,0
2024-01-17 13:06:49.31570,9,1000,0
2024-01-17 13:06:49.31597,9,1000,0
2024-01-17 13:06:49.31619,9,1000,0
2024-01-17 13:06:49.31669,9,1000,0
2024-01-17 13:06:49.31678,9,1000,0
2024-01-17 13:06:49.31687,9,1000,0
2024-01-17 13:06:49.31695,9,1000,0
2024-01-17 13:06:49.31703,9,1000,0
2024-01-17 13:06:49.31710,9,1000,0
2024-01-17 13:06:49.31717,9,1000,0
2024-01-17 13:06:49.31724,9,1000,0
2024-01-17 13:06:49.31732,9,1000,0
2024-01-17 13:06:49.31741,9,1000,0
2024-01-17 13:06:49.31748,9,1000,0
2024-01-17 13:06:49.31768,9,1000,0
2024-01-17 13:06:49.31778,9,1000,0
2024-01-17 13:06:49.31785,9,1000,0
2024-01-17 13:06:49.31792,9,1000,0
2024-01-17 13:06:49.31800,9,1000,0
2024-01-17 13:06:49.31812,9,1000,0
2024-01-17 13:06:49.31819,9,1000,0
2024-01-17 13:06:49.31826,9,1000,0
2024-01-17 13:06:49.31847,9,1000,0
2024-01-17 13:06:49.31866,9,1000,0
2024-01-17 13:06:49.31875,9,1000,0
2024-01-17 13:06:49.31885,9,1000,0
2024-01-17 13:06:49.31892,9,1000,0
2024-01-17 13:06:49.31899,9,1000,0
2024-01-17 13:06:49.31908,9,1000,0
2024-01-17 13:06:49.31915,9,1000,0
2024-01-17 13:06:49.31924,9,1000,0
2024-01-17 13:06:49.31932,9,1000,0
2024-01-17 13:06:49.31941,9,1000,0
2024-01-17 13:06:49.31950,9,1000,0
2024-01-17 13:06:49.31959,9,1000,0
2024-01-17 13:06:49.31966,9,1000,0
2024-01-17 13:06:49.31974,9,1000,0
2024-01-17 13:06:49.31981,9,1000,0
2024-01-17 13:06:49.31989,9,1000,0
2024-01-17 13:06:49.31998,9,1000,0
2024-01-17 13:06:49.32006,9,1000,0
2024-01-17 13:06:49.32014,9,1000,0
2024-01-17 13:06:49.32022,9,1000,0
2024-01-17 13:06:49.32035,9,1000,0
2024-01-17 13:06:49.32050,9,1000,0
2024-01-17 13:06:49.32059,9,1000,0
2024-01-17 13:06:49.32067,9,1000,0
2024-01-17 13:06:49.32077,9,1000,0
2024-01-17 13:06:49.32085,9,1000,0
2024-01-17 13:06:49.32094,9,1000,0
2024-01-17 13:06:49.32103,9,1000,0
2024-01-17 13:06:49.32110,9,1000,0
2024-01-17 13:06:49.32119,9,1000,0
2024-01-17 13:06:49.32127,9,1000,0
2024-01-17 13:06:49.32134,9,1000,0
2024-01-17 13:06:49.32142,9,1000,0
2024-01-17 13:06:49.32151,9,1000,0
2024-01-17 13:06:49.32166,9,1000,0
2024-01-17 13:06:49.32189,9,1000,0
2024-01-17 13:06:49.32212,9,1000,0
2024-01-17 13:06:49.32226,9,1000,0
2024-01-17 13:06:49.32241,9,1000,0
2024-01-17 13:06:49.32254,9,1000,0
2024-01-17 13:06:49.32266,9,1000,0
2024-01-17 13:06:49.32276,9,1000,0
2024-01-17 13:06:49.32287,9,1000,0
2024-01-17 13:06:49.32299,9,1000,0
2024-01-17 13:06:49.32312,9,1000,0
2024-01-17 13:06:49.32324,9,1000,0
2024-01-17 13:06:49.32336,9,1000,0
2024-01-17 13:06:49.32347,9,1000,0
2024-01-17 13:06:49.32357,9,1000,0
2024-01-17 13:06:49.32369,9,1000,0
2024-01-17 13:06:49.32389,9,1000,0
2024-01-17 13:06:49.32403,9,1000,0
2024-01-17 13:06:49.32424,9,1000,0
2024-01-17 13:06:49.32441,9,1000,0
2024-01-17 13:06:49.32457,9,1000,0
2024-01-17 13:06:49.32469,9,1000,0
2024-01-17 13:06:49.32483,9,1000,0
2024-01-17 13:06:49.32493,9,1000,0
2024-01-17 13:06:49.32503,9,1000,0
2024-01-17 13:06:49.32514,9,1000,0
2024-01-17 13:06:49.32528,9,1000,0
2024-01-17 13:06:49.32549,9,1000,0
2024-01-17 13:06:49.32563,9,1000,0
2024-01-17 13:06:49.32573,9,1000,0
2024-01-17 13:06:49.32583,9,1000,0
2024-01-17 13:06:49.32593,9,1000,0
2024-01-17 13:06:49.32602,9,1000,0
2024-01-17 13:06:49.32617,9,1000,0
2024-01-17 13:06:49.32626,9,1000,0
2024-01-17 13:06:49.32638,9,1000,0
2024-01-17 13:06:49.32653,9,1000,0
2024-01-17 13:06:49.32662,9,1000,0
2024-01-17 13:06:49.32673,9,1000,0
2024-01-17 13:06:49.32683,9,1000,0
2024-01-17 13:06:49.32693,9,1000,0
2024-01-17 13:06:49.32703,9,1000,0
2024-01-17 13:06:49.32714,9,1000,0
2024-01-17 13:06:49.32730,9,1000,0
2024-01-17 13:06:49.32773,9,1000,0
2024-01-17 13:06:49.32787,9,1000,0
2024-01-17 13:06:49.32799,9,1000,0
2024-01-17 13:06:49.32811,9,1000,0
2024-01-17 13:06:49.32821,9,1000,0
2024-01-17 13:06:49.32848,9,1000,0
2024-01-17 13:06:49.32866,9,1000,0
2024-01-17 13:06:49.32882,9,1000,0
2024-01-17 13:06:49.32911,9,1000,0
2024-01-17 13:06:49.32924,9,1000,0
2024-01-17 13:06:49.32936,9,1000,0
2024-01-17 13:06:49.32950,9,1000,0
2024-01-17 13:06:49.32963,9,1000,0
2024-01-17 13:06:49.32973,9,1000,0
2024-01-17 13:06:49.32986,9,1000,0
2024-01-17 13:06:49.33024,9,1000,0
2024-01-17 13:06:49.33048,9,1000,0
2024-01-17 13:06:49.33104,9,1000,0
2024-01-17 13:06:49.33127,9,1000,0
2024-01-17 13:06:49.33139,9,1000,0
2024-01-17 13:06:49.33156,9,1000,0
2024-01-17 13:06:49.33172,9,1000,0
2024-01-17 13:06:49.33186,9,1000,0
2024-01-17 13:06:49.33212,9,1000,0
2024-01-17 13:06:49.33229,9,1000,0
2024-01-17 13:06:49.33242,9,1000,0
2024-01-17 13:06:49.33260,9,1000,0
2024-01-17 13:06:49.33269,9,1000,0
2024-01-17 13:06:49.33278,9,1000,0
2024-01-17 13:06:49.33287,9,1000,0
2024-01-17 13:06:49.33297,9,1000,0
2024-01-17 13:06:49.33309,9,1000,0
2024-01-17 13:06:49.33318,9,1000,0
2024-01-17 13:06:49.33329,9,1000,0
2024-01-17 13:06:49.33338,9,1000,0
2024-01-17 13:06:49.33349,9,1000,0
2024-01-17 13:06:49.33358,9,1000,0
2024-01-17 13:06:49.33367,9,1000,0
2024-01-17 13:06:49.33380,9,1000,0
2024-01-17 13:06:49.33390,9,1000,0
2024-01-17 13:06:49.33399,9,1000,0
2024-01-17 13:06:49.33410,9,1000,0
2024-01-17 13:06:50.26764,10,1000,0
2024-01-17 13:06:50.26783,10,1000,0
2024-01-17 13:06:50.26793,10,1000,0
2024-01-17 13:06:50.26805,10,1000,0
2024-01-17 13:06:50.26821,10,1000,0
2024-01-17 13:06:50.26837,10,1000,0
2024-01-17 13:06:50.26851,10,1000,0
2024-01-17 13:06:50.26862,10,1000,0
2024-01-17 13:06:50.26871,10,1000,0
2024-01-17 13:06:50.26880,10,1000,0
2024-01-17 13:06:50.26890,10,1000,0
2024-01-17 13:06:50.26900,10,1000,0
2024-01-17 13:06:50.26912,10,1000,0
2024-01-17 13:06:50.26920,10,1000,0
2024-01-17 13:06:50.26929,10,1000,0
2024-01-17 13:06:50.26940,10,1000,0
2024-01-17 13:06:50.26949,10,1000,0
2024-01-17 13:06:50.26959,10,1000,0
2024-01-17 13:06:50.26967,10,1000,0
2024-01-17 13:06:50.26978,10,1000,0
2024-01-17 13:06:50.26988,10,1000,0
2024-01-17 13:06:50.26999,10,1000,0
2024-01-17 13:06:50.27009,10,1000,0
2024-01-17 13:06:50.27020,10,1000,0
2024-01-17 13:06:50.27032,10,1000,0
2024-01-17 13:06:50.27042,10,1000,0
2024-01-17 13:06:50.27054,10,1000,0
2024-01-17 13:06:50.27067,10,1000,0
2024-01-17 13:06:50.27083,10,1000,0
2024-01-17 13:06:50.27096,10,1000,0
2024-01-17 13:06:50.27109,10,1000,0
2024-01-17 13:06:50.27119,10,1000,0
2024-01-17 13:06:50.27130,10,1000,0
2024-01-17 13:06:50.27142,10,1000,0
2024-01-17 13:06:50.27167,10,1000,0
2024-01-17 13:06:50.27177,10,1000,0
2024-01-17 13:06:50.27188,10,1000,0
2024-01-17 13:06:50.27203,10,1000,0
2024-01-17 13:06:50.27221,10,1000,0
2024-01-17 13:06:50.27231,10,1000,0
2024-01-17 13:06:50.27241,10,1000,0
2024-01-17 13:06:50.27250,10,1000,0
2024-01-17 13:06:50.27260,10,1000,0
2024-01-17 13:06:50.27271,10,1000,0
2024-01-17 13:06:50.27281,10,1000,0
2024-01-17 13:06:50.27295,10,1000,0
2024-01-17 13:06:50.27309,10,1000,0
2024-01-17 13:06:50.27326,10,1000,0
2024-01-17 13:06:50.27349,10,1000,0
2024-01-17 13:06:50.27369,10,1000,0
2024-01-17 13:06:50.27427,10,1000,0
2024-01-17 13:06:50.27453,10,1000,0
2024-01-17 13:06:50.27464,10,1000,0
2024-01-17 13:06:50.27477,10,1000,0
2024-01-17 13:06:50.27491,10,1000,0
2024-01-17 13:06:50.27506,10,1000,0
2024-01-17 13:06:50.27521,10,1000,0
2024-01-17 13:06:50.27543,10,1000,0
2024-01-17 13:06:50.27565,10,1000,0
2024-01-17 13:06:50.27579,10,1000,0
2024-01-17 13:06:50.27592,10,1000,0
2024-01-17 13:06:50.27610,10,1000,0
2024-01-17 13:06:50.27624,10,1000,0
2024-01-17 13:06:50.27639,10,1000,0
2024-01-17 13:06:50.27657,10,1000,0
2024-01-17 13:06:50.27671,10,1000,0
2024-01-17 13:06:50.27709,10,1000,0
2024-01-17 13:06:50.27729,10,1000,0
2024-01-17 13:06:50.27749,10,1000,0
2024-01-17 13:06:50.27764,10,1000,0
2024-01-17 13:06:50.27801,10,1000,0
2024-01-17 13:06:50.27817,10,1000,0
2024-01-17 13:06:50.27827,10,1000,0
2024-01-17 13:06:50.27838,10,1000,0
2024-01-17 13:06:50.27846,10,1000,0
2024-01-17 13:06:50.27857,10,1000,0
2024-01-17 13:06:50.27867,10,1000,0
2024-01-17 13:06:50.27876,10,1000,0
2024-01-17 13:06:50.27885,10,1000,0
2024-01-17 13:06:50.27894,10,1000,0
2024-01-17 13:06:50.27904,10,1000,0
2024-01-17 13:06:50.27912,10,1000,0
2024-01-17 13:06:50.27921,10,1000,0
2024-01-17 13:06:50.27930,10,1000,0
2024-01-17 13:06:50.27939,10,1000,0
2024-01-17 13:06:50.27948,10,1000,0
2024-01-17 13:06:50.27957,10,1000,0
2024-01-17 13:06:50.27966,10,1000,0
2024-01-17 13:06:50.27976,10,1000,0
2024-01-17 13:06:50.27985,10,1000,0
2024-01-17 13:06:50.27996,10,1000,0
2024-01-17 13:06:50.28006,10,1000,0
2024-01-17 13:06:50.28020,10,1000,0
2024-01-17 13:06:50.28030,10,1000,0
2024-01-17 13:06:50.28040,10,1000,0
2024-01-17 13:06:50.28050,10,1000,0
2024-01-17 13:06:50.28060,10,1000,0
2024-01-17 13:06:50.28070,10,1000,0
2024-01-17 13:06:50.28079,10,1000,0
2024-01-17 13:06:50.28099,10,1000,0
2024-01-17 13:06:50.28117,10,1000,0
2024-01-17 13:06:50.28134,10,1000,0
2024-01-17 13:06:50.28142,10,1000,0
2024-01-17 13:06:50.28149,10,1000,0
2024-01-17 13:06:50.28157,10,1000,0
2024-01-17 13:06:50.28165,10,1000,0
2024-01-17 13:06:50.28176,10,1000,0
2024-01-17 13:06:50.28196,10,1000,0
2024-01-17 13:06:50.28206,10,1000,0
2024-01-17 13:06:50.28216,10,1000,0
2024-01-17 13:06:50.28225,10,1000,0
2024-01-17 13:06:50.28235,10,1000,0
2024-01-17 13:06:50.28243,10,1000,0
2024-01-17 13:06:50.28252,10,1000,0
2024-01-17 13:06:50.28261,10,1000,0
2024-01-17 13:06:50.28270,10,1000,0
2024-01-17 13:06:50.28280,10,1000,0
2024-01-17 13:06:50.28288,10,1000,0
2024-01-17 13:06:50.28297,10,1000,0
2024-01-17 13:06:50.28304,10,1000,0
2024-01-17 13:06:50.28312,10,1000,0
2024-01-17 13:06:50.28320,10,1000,0
2024-01-17 13:06:50.28328,10,1000,0
2024-01-17 13:06:50.28336,10,1000,0
2024-01-17 13:06:50.28346,10,1000,0
2024-01-17 13:06:50.28355,10,1000,0
2024-01-17 13:06:50.28364,10,1000,0
2024-01-17 13:06:50.28372,10,1000,0
2024-01-17 13:06:50.28380,10,1000,0
2024-01-17 13:06:50.28388,10,1000,0
2024-01-17 13:06:50.28395,10,1000,0
2024-01-17 13:06:50.28407,10,1000,0
2024-01-17 13:06:50.28425,10,1000,0
2024-01-17 13:06:50.28439,10,1000,0
2024-01-17 13:06:50.28465,10,1000,0
2024-01-17 13:06:50.28472,10,1000,0
2024-01-17 13:06:50.28488,10,1000,0
2024-01-17 13:06:50.28510,10,1000,0
2024-01-17 13:06:50.28530,10,1000,0
2024-01-17 13:06:50.28572,10,1000,0
2024-01-17 13:06:50.28602,10,1000,0
2024-01-17 13:06:50.28652,10,1000,0
2024-01-17 13:06:50.28685,10,1000,0
2024-01-17 13:06:50.28707,10,1000,0
2024-01-17 13:06:50.28733,10,1000,0
2024-01-17 13:06:50.28747,10,1000,0
2024-01-17 13:06:50.28763,10,1000,0
2024-01-17 13:06:50.28772,10,1000,0
2024-01-17 13:06:50.28779,10,1000,0
2024-01-17 13:06:50.28788,10,1000,0
2024-01-17 13:06:50.28797,10,1000,0
2024-01-17 13:06:50.28804,10,1000,0
2024-01-17 13:06:50.28812,10,1000,0
2024-01-17 13:06:50.28823,10,1000,0
2024-01-17 13:06:50.28830,10,1000,0
2024-01-17 13:06:50.28838,10,1000,0
2024-01-17 13:06:50.28846,10,1000,0
2024-01-17 13:06:50.28853,10,1000,0
2024-01-17 13:06:50.28861,10,1000,0
2024-01-17 13:06:50.28868,10,1000,0
2024-01-17 13:06:50.28874,10,1000,0
2024-01-17 13:06:50.28881,10,1000,0
2024-01-17 13:06:50.28889,10,1000,0
2024-01-17 13:06:50.28896,10,1000,0
2024-01-17 13:06:50.28904,10,1000,0
2024-01-17 13:06:50.28912,10,1000,0
2024-01-17 13:06:50.28921,10,1000,0
2024-01-17 13:06:50.28930,10,1000,0
2024-01-17 13:06:50.28941,10,1000,0
2024-01-17 13:06:50.28949,10,1000,0
2024-01-17 13:06:50.28958,10,1000,0
2024-01-17 13:06:50.28970,10,1000,0
2024-01-17 13:06:50.28978,10,1000,0
2024-01-17 13:06:50.28988,10,1000,0
2024-01-17 13:06:50.29000,10,1000,0
2024-01-17 13:06:50.29029,10,1000,0
2024-01-17 13:06:50.29051,10,1000,0
2024-01-17 13:06:50.29077,10,1000,0
2024-01-17 13:06:50.29086,10,1000,0
2024-01-17 13:06:50.29094,10,1000,0
2024-01-17 13:06:50.29111,10,1000,0
2024-01-17 13:06:50.29119,10,1000,0
2024-01-17 13:06:50.29126,10,1000,0
2024-01-17 13:06:50.29134,10,1000,0
2024-01-17 13:06:50.29141,10,1000,0
2024-01-17 13:06:50.29151,10,1000,0
2024-01-17 13:06:50.29158,10,1000,0
2024-01-17 13:06:50.29165,10,1000,0
2024-01-17 13:06:50.29173,10,1000,0
2024-01-17 13:06:50.29181,10,1000,0
2024-01-17 13:06:50.29190,10,1000,0
2024-01-17 13:06:50.29197,10,1000,0
2024-01-17 13:06:50.29204,10,1000,0
2024-01-17 13:06:50.29212,10,1000,0
2024-01-17 13:06:50.29220,10,1000,0
2024-01-17 13:06:50.29234,10,1000,0
2024-01-17 13:06:50.29248,10,1000,0
2024-01-17 13:06:50.29267,10,1000,0
2024-01-17 13:06:50.29280,10,1000,0
2024-01-17 13:06:50.29293,10,1000,0
2024-01-17 13:06:50.29305,10,1000,0
2024-01-17 13:06:50.29317,10,1000,0
2024-01-17 13:06:50.29329,10,1000,0
2024-01-17 13:06:50.29343,10,1000,0
2024-01-17 13:06:50.29352,10,1000,0
2024-01-17 13:06:50.29366,10,1000,0
2024-01-17 13:06:50.29385,10,1000,0
2024-01-17 13:06:50.29401,10,1000,0
2024-01-17 13:06:50.29418,10,1000,0
2024-01-17 13:06:50.29435,10,1000,0
2024-01-17 13:06:50.29451,10,1000,0
2024-01-17 13:06:50.29507,10,1000,0
2024-01-17 13:06:50.29528,10,1000,0
2024-01-17 13:06:50.29559,10,1000,0
2024-01-17 13:06:50.29573,10,1000,0
2024-01-17 13:06:50.29587,10,1000,0
2024-01-17 13:06:50.29602,10,1000,0
2024-01-17 13:06:50.29614,10,1000,0
2024-01-17 13:06:50.29652,10,1000,0
2024-01-17 13:06:50.29736,10,1000,0
2024-01-17 13:06:50.29769,10,1000,0
2024-01-17 13:06:50.29794,10,1000,0
2024-01-17 13:06:50.29809,10,1000,0
2024-01-17 13:06:50.29827,10,1000,0
2024-01-17 13:06:50.29837,10,1000,0
2024-01-17 13:06:50.29866,10,1000,0
2024-01-17 13:06:50.29880,10,1000,0
2024-01-17 13:06:50.29894,10,1000,0
2024-01-17 13:06:50.29907,10,1000,0
2024-01-17 13:06:50.29918,10,1000,0
2024-01-17 13:06:50.29932,10,1000,0
2024-01-17 13:06:50.29944,10,1000,0
2024-01-17 13:06:50.29958,10,1000,0
2024-01-17 13:06:50.29969,10,1000,0
2024-01-17 13:06:50.29983,10,1000,0
2024-01-17 13:06:50.29992,10,1000,0
2024-01-17 13:06:50.30003,10,1000,0
2024-01-17 13:06:50.30015,10,1000,0
2024-01-17 13:06:50.30027,10,1000,0
2024-01-17 13:06:50.30037,10,1000,0
2024-01-17 13:06:50.30046,10,1000,0
2024-01-17 13:06:50.30057,10,1000,0
2024-01-17 13:06:50.30066,10,1000,0
2024-01-17 13:06:50.30077,10,1000,0
2024-01-17 13:06:50.30087,10,1000,0
2024-01-17 13:06:50.30095,10,1000,0
2024-01-17 13:06:50.30104,10,1000,0
2024-01-17 13:06:50.30113,10,1000,0
2024-01-17 13:06:50.30123,10,1000,0
2024-01-17 13:06:50.30133,10,1000,0
2024-01-17 13:06:50.30144,10,1000,0
2024-01-17 13:06:50.30153,10,1000,0
2024-01-17 13:06:50.30164,10,1000,0
2024-01-17 13:06:50.30175,10,1000,0
2024-01-17 13:06:50.30186,10,1000,0
2024-01-17 13:06:50.30208,10,1000,0
2024-01-17 13:06:50.30255,10,1000,0
2024-01-17 13:06:50.30270,10,1000,0
2024-01-17 13:06:50.30285,10,1000,0
2024-01-17 13:06:50.30297,10,1000,0
2024-01-17 13:06:50.30310,10,1000,0
2024-01-17 13:06:50.30322,10,1000,0
2024-01-17 13:06:50.30344,10,1000,0
2024-01-17 13:06:50.30358,10,1000,0
2024-01-17 13:06:50.30371,10,1000,0
2024-01-17 13:06:50.30390,10,1000,0
2024-01-17 13:06:50.30402,10,1000,0
2024-01-17 13:06:50.30419,10,1000,0
2024-01-17 13:06:50.30433,10,1000,0
2024-01-17 13:06:50.30441,10,1000,0
2024-01-17 13:06:50.30453,10,1000,0
2024-01-17 13:06:50.30462,10,1000,0
2024-01-17 13:06:50.30472,10,1000,0
2024-01-17 13:06:50.30482,10,1000,0
2024-01-17 13:06:50.30492,10,1000,0
2024-01-17 13:06:50.30501,10,1000,0
2024-01-17 13:06:50.30511,10,1000,0
2024-01-17 13:06:50.30522,10,1000,0
2024-01-17 13:06:50.30534,10,1000,0
2024-01-17 13:06:50.30544,10,1000,0
2024-01-17 13:06:50.30554,10,1000,0
2024-01-17 13:06:50.30570,10,1000,0
2024-01-17 13:06:50.30583,10,1000,0
2024-01-17 13:06:50.30597,10,1000,0
2024-01-17 13:06:50.30609,10,1000,0
2024-01-17 13:06:50.30624,10,1000,0
2024-01-17 13:06:50.30637,10,1000,0
2024-01-17 13:06:50.30652,10,1000,0
2024-01-17 13:06:50.30662,10,1000,0
2024-01-17 13:06:50.30671,10,1000,0
2024-01-17 13:06:50.30679,10,1000,0
2024-01-17 13:06:50.30688,10,1000,0
2024-01-17 13:06:50.30697,10,1000,0
2024-01-17 13:06:50.30704,10,1000,0
2024-01-17 13:06:50.30713,10,1000,0
2024-01-17 13:06:50.30723,10,1000,0
2024-01-17 13:06:50.30734,10,1000,0
2024-01-17 13:06:50.30744,10,1000,0
2024-01-17 13:06:50.30754,10,1000,0
2024-01-17 13:06:50.30763,10,1000,0
2024-01-17 13:06:50.30773,10,1000,0
2024-01-17 13:06:50.30783,10,1000,0
2024-01-17 13:06:50.30794,10,1000,0
2024-01-17 13:06:50.30804,10,1000,0
2024-01-17 13:06:50.30818,10,1000,0
2024-01-17 13:06:50.30827,10,1000,0
2024-01-17 13:06:50.30837,10,1000,0
2024-01-17 13:06:50.30857,10,1000,0
2024-01-17 13:06:50.30869,10,1000,0
2024-01-17 13:06:50.30880,10,1000,0
2024-01-17 13:06:50.30891,10,1000,0
2024-01-17 13:06:50.30903,10,1000,0
2024-01-17 13:06:50.30912,10,1000,0
2024-01-17 13:06:50.30922,10,1000,0
2024-01-17 13:06:50.30932,10,1000,0
2024-01-17 13:06:50.30940,10,1000,0
2024-01-17 13:06:50.30949,10,1000,0
2024-01-17 13:06:50.30958,10,1000,0
2024-01-17 13:06:50.30965,10,1000,0
2024-01-17 13:06:50.30974,10,1000,0
2024-01-17 13:06:50.30982,10,1000,0
2024-01-17 13:06:50.30990,10,1000,0
2024-01-17 13:06:50.30999,10,1000,0
2024-01-17 13:06:50.31006,10,1000,0
2024-01-17 13:06:50.31018,10,1000,0
2024-01-17 13:06:50.31030,10,1000,0
2024-01-17 13:06:50.31040,10,1000,0
2024-01-17 13:06:50.31052,10,1000,0
2024-01-17 13:06:50.31060,10,1000,0
2024-01-17 13:06:50.31068,10,1000,0
2024-01-17 13:06:50.31076,10,1000,0
2024-01-17 13:06:50.31085,10,1000,0
2024-01-17 13:06:50.31092,10,1000,0
2024-01-17 13:06:50.31101,10,1000,0
2024-01-17 13:06:50.31110,10,1000,0
2024-01-17 13:06:50.31118,10,1000,0
2024-01-17 13:06:50.31125,10,1000,0
2024-01-17 13:06:50.31134,10,1000,0
2024-01-17 13:06:50.31143,10,1000,0
2024-01-17 13:06:50.31150,10,1000,0
2024-01-17 13:06:50.31156,10,1000,0
2024-01-17 13:06:50.31163,10,1000,0
2024-01-17 13:06:50.31171,10,1000,0
2024-01-17 13:06:50.31178,10,1000,0
2024-01-17 13:06:50.31184,10,1000,0
2024-01-17 13:06:50.31191,10,1000,0
2024-01-17 13:06:50.31198,10,1000,0
2024-01-17 13:06:50.31204,10,1000,0
2024-01-17 13:06:50.31211,10,1000,0
2024-01-17 13:06:50.31220,10,1000,0
2024-01-17 13:06:50.31257,10,1000,0
2024-01-17 13:06:50.31267,10,1000,0
2024-01-17 13:06:50.31276,10,1000,0
2024-01-17 13:06:50.31294,10,1000,0
2024-01-17 13:06:50.31311,10,1000,0
2024-01-17 13:06:50.31319,10,1000,0
2024-01-17 13:06:50.31327,10,1000,0
2024-01-17 13:06:50.31335,10,1000,0
2024-01-17 13:06:50.31343,10,1000,0
2024-01-17 13:06:50.31351,10,1000,0
2024-01-17 13:06:50.31358,10,1000,0
2024-01-17 13:06:50.31366,10,1000,0
2024-01-17 13:06:50.31372,10,1000,0
2024-01-17 13:06:50.31381,10,1000,0
2024-01-17 13:06:50.31388,10,1000,0
2024-01-17 13:06:50.31393,10,1000,0
2024-01-17 13:06:50.31401,10,1000,0
2024-01-17 13:06:50.31409,10,1000,0
2024-01-17 13:06:50.31421,10,1000,0
2024-01-17 13:06:50.31433,10,1000,0
2024-01-17 13:06:50.31444,10,1000,0
2024-01-17 13:06:50.31450,10,1000,0
2024-01-17 13:06:50.31456,10,1000,0
2024-01-17 13:06:50.31461,10,1000,0
2024-01-17 13:06:50.31467,10,1000,0
2024-01-17 13:06:50.31473,10,1000,0
2024-01-17 13:06:50.31491,10,1000,0
2024-01-17 13:06:50.31539,10,1000,0
2024-01-17 13:06:50.31549,10,1000,0
2024-01-17 13:06:50.31557,10,1000,0
2024-01-17 13:06:50.31565,10,1000,0
2024-01-17 13:06:50.31573,10,1000,0
2024-01-17 13:06:50.31580,10,1000,0
2024-01-17 13:06:50.31586,10,1000,0
2024-01-17 13:06:50.31593,10,1000,0
2024-01-17 13:06:50.31601,10,1000,0
2024-01-17 13:06:50.31609,10,1000,0
2024-01-17 13:06:50.31619,10,1000,0
2024-01-17 13:06:50.31672,10,1000,0
2024-01-17 13:06:50.31689,10,1000,0
2024-01-17 13:06:50.31710,10,1000,0
2024-01-17 13:06:50.31757,10,1000,0
2024-01-17 13:06:50.31765,10,1000,0
2024-01-17 13:06:50.31772,10,1000,0
2024-01-17 13:06:50.31778,10,1000,0
2024-01-17 13:06:50.31784,10,1000,0
2024-01-17 13:06:50.31791,10,1000,0
2024-01-17 13:06:50.31798,10,1000,0
2024-01-17 13:06:50.31806,10,1000,0
2024-01-17 13:06:50.31813,10,1000,0
2024-01-17 13:06:50.31821,10,1000,0
2024-01-17 13:06:50.31829,10,1000,0
2024-01-17 13:06:50.31837,10,1000,0
2024-01-17 13:06:50.31844,10,1000,0
2024-01-17 13:06:50.31853,10,1000,0
2024-01-17 13:06:50.31868,10,1000,0
2024-01-17 13:06:50.31887,10,1000,0
2024-01-17 13:06:50.31898,10,1000,0
2024-01-17 13:06:50.31913,10,1000,0
2024-01-17 13:06:50.31921,10,1000,0
2024-01-17 13:06:50.31929,10,1000,0
2024-01-17 13:06:50.31945,10,1000,0
2024-01-17 13:06:50.31958,10,1000,0
2024-01-17 13:06:50.31972,10,1000,0
2024-01-17 13:06:50.31991,10,1000,0
2024-01-17 13:06:50.32011,10,1000,0
2024-01-17 13:06:50.32028,10,1000,0
2024-01-17 13:06:50.32043,10,1000,0
2024-01-17 13:06:50.32056,10,1000,0
2024-01-17 13:06:50.32075,10,1000,0
2024-01-17 13:06:50.32100,10,1000,0
2024-01-17 13:06:50.32115,10,1000,0
2024-01-17 13:06:50.32133,10,1000,0
2024-01-17 13:06:50.32144,10,1000,0
2024-01-17 13:06:50.32159,10,1000,0
2024-01-17 13:06:50.32168,10,1000,0
2024-01-17 13:06:50.32176,10,1000,0
2024-01-17 13:06:50.32184,10,1000,0
2024-01-17 13:06:50.32358,10,1000,0
2024-01-17 13:06:50.32407,10,1000,0
2024-01-17 13:06:50.32506,10,1000,0
2024-01-17 13:06:50.32533,10,1000,0
2024-01-17 13:06:50.32545,10,1000,0
2024-01-17 13:06:50.32552,10,1000,0
2024-01-17 13:06:50.32560,10,1000,0
2024-01-17 13:06:50.32568,10,1000,0
2024-01-17 13:06:50.32576,10,1000,0
2024-01-17 13:06:50.32584,10,1000,0
2024-01-17 13:06:50.32596,10,1000,0
2024-01-17 13:06:50.32603,10,1000,0
2024-01-17 13:06:50.32610,10,1000,0
2024-01-17 13:06:50.32618,10,1000,0
2024-01-17 13:06:50.32628,10,1000,0
2024-01-17 13:06:50.32637,10,1000,0
2024-01-17 13:06:50.32646,10,1000,0
2024-01-17 13:06:50.32654,10,1000,0
2024-01-17 13:06:50.32661,10,1000,0
2024-01-17 13:06:50.32668,10,1000,0
2024-01-17 13:06:50.32676,10,1000,0
2024-01-17 13:06:50.32684,10,1000,0
2024-01-17 13:06:50.32692,10,1000,0
2024-01-17 13:06:50.32699,10,1000,0
2024-01-17 13:06:50.32708,10,1000,0
2024-01-17 13:06:50.32721,10,1000,0
2024-01-17 13:06:50.32729,10,1000,0
2024-01-17 13:06:50.32737,10,1000,0
2024-01-17 13:06:50.32744,10,1000,0
2024-01-17 13:06:50.32752,10,1000,0
2024-01-17 13:06:50.32760,10,1000,0
2024-01-17 13:06:50.32767,10,1000,0
2024-01-17 13:06:50.32774,10,1000,0
2024-01-17 13:06:50.32784,10,1000,0
2024-01-17 13:06:50.32793,10,1000,0
2024-01-17 13:06:50.32799,10,1000,0
2024-01-17 13:06:50.32807,10,1000,0
2024-01-17 13:06:50.32815,10,1000,0
2024-01-17 13:06:50.32824,10,1000,0
2024-01-17 13:06:50.32833,10,1000,0
2024-01-17 13:06:50.32841,10,1000,0
2024-01-17 13:06:50.32850,10,1000,0
2024-01-17 13:06:50.32858,10,1000,0
2024-01-17 13:06:50.32867,10,1000,0
2024-01-17 13:06:50.32875,10,1000,0
2024-01-17 13:06:50.32893,10,1000,0
2024-01-17 13:06:50.32909,10,1000,0
2024-01-17 13:06:50.32928,10,1000,0
2024-01-17 13:06:50.32940,10,1000,0
2024-01-17 13:06:50.32961,10,1000,0
2024-01-17 13:06:50.32970,10,1000,0
2024-01-17 13:06:50.32979,10,1000,0
2024-01-17 13:06:50.32989,10,1000,0
2024-01-17 13:06:50.32997,10,1000,0
2024-01-17 13:06:50.33007,10,1000,0
2024-01-17 13:06:50.33079,10,1000,0
2024-01-17 13:06:50.33093,10,1000,0
2024-01-17 13:06:50.33100,10,1000,0
2024-01-17 13:06:50.33108,10,1000,0
2024-01-17 13:06:50.33116,10,1000,0
2024-01-17 13:06:50.33124,10,1000,0
2024-01-17 13:06:50.33133,10,1000,0
2024-01-17 13:06:50.33141,10,1000,0
2024-01-17 13:06:50.33149,10,1000,0
2024-01-17 13:06:50.33158,10,1000,0
2024-01-17 13:06:50.33166,10,1000,0
2024-01-17 13:06:50.33173,10,1000,0
2024-01-17 13:06:50.33180,10,1000,0
2024-01-17 13:06:50.33187,10,1000,0
2024-01-17 13:06:50.33195,10,1000,0
2024-01-17 13:06:50.33202,10,1000,0
2024-01-17 13:06:50.33211,10,1000,0
2024-01-17 13:06:50.33217,10,1000,0
2024-01-17 13:06:50.33225,10,1000,0
2024-01-17 13:06:50.33235,10,1000,0
2024-01-17 13:06:50.33241,10,1000,0
2024-01-17 13:06:50.33250,10,1000,0
2024-01-17 13:06:50.33257,10,1000,0
2024-01-17 13:06:50.33266,10,1000,0
2024-01-17 13:06:50.33275,10,1000,0
2024-01-17 13:06:50.33282,10,1000,0
2024-01-17 13:06:50.33291,10,1000,0
2024-01-17 13:06:50.33301,10,1000,0
2024-01-17 13:06:50.33312,10,1000,0
2024-01-17 13:06:50.33324,10,1000,0
2024-01-17 13:06:50.33331,10,1000,0
2024-01-17 13:06:50.33342,10,1000,0
2024-01-17 13:06:50.33353,10,1000,0
2024-01-17 13:06:50.33363,10,1000,0
2024-01-17 13:06:50.33378,10,1000,0
2024-01-17 13:06:50.33397,10,1000,0
2024-01-17 13:06:50.33418,10,1000,0
2024-01-17 13:06:50.33463,10,1000,0
2024-01-17 13:06:50.33516,10,1000,0
2024-01-17 13:06:50.33533,10,1000,0
2024-01-17 13:06:50.33547,10,1000,0
2024-01-17 13:06:50.33592,10,1000,0
2024-01-17 13:06:50.33637,10,1000,0
2024-01-17 13:06:50.33653,10,1000,0
2024-01-17 13:06:50.33671,10,1000,0
2024-01-17 13:06:50.33715,10,1000,0
2024-01-17 13:06:50.33745,10,1000,0
2024-01-17 13:06:50.33761,10,1000,0
2024-01-17 13:06:50.33771,10,1000,0
2024-01-17 13:06:50.33780,10,1000,0
2024-01-17 13:06:50.33796,10,1000,0
2024-01-17 13:06:50.33808,10,1000,0
2024-01-17 13:06:50.33822,10,1000,0
2024-01-17 13:06:50.33834,10,1000,0
2024-01-17 13:06:50.33847,10,1000,0
2024-01-17 13:06:50.33860,10,1000,0
2024-01-17 13:06:50.33873,10,1000,0
2024-01-17 13:06:50.33887,10,1000,0
2024-01-17 13:06:50.33896,10,1000,0
2024-01-17 13:06:50.33905,10,1000,0
2024-01-17 13:06:50.33915,10,1000,0
2024-01-17 13:06:50.33923,10,1000,0
2024-01-17 13:06:50.33934,10,1000,0
2024-01-17 13:06:50.33943,10,1000,0
2024-01-17 13:06:50.33954,10,1000,0
2024-01-17 13:06:50.33962,10,1000,0
2024-01-17 13:06:50.33972,10,1000,0
2024-01-17 13:06:50.33984,10,1000,0
2024-01-17 13:06:50.33992,10,1000,0
2024-01-17 13:06:50.34005,10,1000,0
2024-01-17 13:06:50.34016,10,1000,0
2024-01-17 13:06:50.34027,10,1000,0
2024-01-17 13:06:50.34037,10,1000,0
2024-01-17 13:06:50.34046,10,1000,0
2024-01-17 13:06:50.34055,10,1000,0
2024-01-17 13:06:50.34065,10,1000,0
2024-01-17 13:06:50.34076,10,1000,0
2024-01-17 13:06:50.34085,10,1000,0
2024-01-17 13:06:50.34104,10,1000,0
2024-01-17 13:06:50.34114,10,1000,0
2024-01-17 13:06:50.34123,10,1000,0
2024-01-17 13:06:50.34132,10,1000,0
2024-01-17 13:06:50.34142,10,1000,0
2024-01-17 13:06:50.34276,10,1000,0
2024-01-17 13:06:50.34303,10,1000,0
2024-01-17 13:06:50.34316,10,1000,0
2024-01-17 13:06:50.34340,10,1000,0
2024-01-17 13:06:50.34355,10,1000,0
2024-01-17 13:06:50.34367,10,1000,0
2024-01-17 13:06:50.34379,10,1000,0
2024-01-17 13:06:50.34393,10,1000,0
2024-01-17 13:06:50.34407,10,1000,0
2024-01-17 13:06:50.34421,10,1000,0
2024-01-17 13:06:50.34434,10,1000,0
2024-01-17 13:06:50.34446,10,1000,0
2024-01-17 13:06:50.34467,10,1000,0
2024-01-17 13:06:50.34482,10,1000,0
2024-01-17 13:06:50.34496,10,1000,0
2024-01-17 13:06:50.34506,10,1000,0
2024-01-17 13:06:50.34516,10,1000,0
2024-01-17 13:06:50.34525,10,1000,0
2024-01-17 13:06:50.34533,10,1000,0
2024-01-17 13:06:50.34542,10,1000,0
2024-01-17 13:06:50.34551,10,1000,0
2024-01-17 13:06:50.34559,10,1000,0
2024-01-17 13:06:50.34569,10,1000,0
2024-01-17 13:06:50.34579,10,1000,0
2024-01-17 13:06:50.34588,10,1000,0
2024-01-17 13:06:50.34597,10,1000,0
2024-01-17 13:06:50.34608,10,1000,0
2024-01-17 13:06:50.34617,10,1000,0
2024-01-17 13:06:50.34626,10,1000,0
2024-01-17 13:06:50.34648,10,1000,0
2024-01-17 13:06:50.34667,10,1000,0
2024-01-17 13:06:50.34676,10,1000,0
2024-01-17 13:06:50.34683,10,1000,0
2024-01-17 13:06:50.34691,10,1000,0
2024-01-17 13:06:50.34698,10,1000,0
2024-01-17 13:06:50.34705,10,1000,0
2024-01-17 13:06:50.34733,10,1000,0
2024-01-17 13:06:50.34748,10,1000,0
2024-01-17 13:06:50.34763,10,1000,0
2024-01-17 13:06:50.34771,10,1000,0
2024-01-17 13:06:50.34779,10,1000,0
2024-01-17 13:06:50.34788,10,1000,0
2024-01-17 13:06:50.34795,10,1000,0
2024-01-17 13:06:50.34802,10,1000,0
2024-01-17 13:06:50.34810,10,1000,0
2024-01-17 13:06:50.34817,10,1000,0
2024-01-17 13:06:50.34827,10,1000,0
2024-01-17 13:06:50.34834,10,1000,0
2024-01-17 13:06:50.34843,10,1000,0
2024-01-17 13:06:50.34850,10,1000,0
2024-01-17 13:06:50.34858,10,1000,0
2024-01-17 13:06:50.34864,10,1000,0
2024-01-17 13:06:50.34871,10,1000,0
2024-01-17 13:06:50.34878,10,1000,0
2024-01-17 13:06:50.34886,10,1000,0
2024-01-17 13:06:50.34892,10,1000,0
2024-01-17 13:06:50.34899,10,1000,0
2024-01-17 13:06:50.34905,10,1000,0
2024-01-17 13:06:50.34913,10,1000,0
2024-01-17 13:06:50.34922,10,1000,0
2024-01-17 13:06:50.34931,10,1000,0
2024-01-17 13:06:50.34938,10,1000,0
2024-01-17 13:06:50.34946,10,1000,0
2024-01-17 13:06:50.34953,10,1000,0
2024-01-17 13:06:50.34961,10,1000,0
2024-01-17 13:06:50.34968,10,1000,0
2024-01-17 13:06:50.34975,10,1000,0
2024-01-17 13:06:50.34983,10,1000,0
2024-01-17 13:06:50.34992,10,1000,0
2024-01-17 13:06:50.35000,10,1000,0
2024-01-17 13:06:50.35009,10,1000,0
2024-01-17 13:06:50.35018,10,1000,0
2024-01-17 13:06:50.35025,10,1000,0
2024-01-17 13:06:50.35032,10,1000,0
2024-01-17 13:06:50.35039,10,1000,0
2024-01-17 13:06:50.35047,10,1000,0
2024-01-17 13:06:50.35055,10,1000,0
2024-01-17 13:06:50.35063,10,1000,0
2024-01-17 13:06:50.35071,10,1000,0
2024-01-17 13:06:50.35079,10,1000,0
2024-01-17 13:06:50.35086,10,1000,0
2024-01-17 13:06:50.35093,10,1000,0
2024-01-17 13:06:50.35100,10,1000,0
2024-01-17 13:06:50.35108,10,1000,0
2024-01-17 13:06:50.35115,10,1000,0
2024-01-17 13:06:50.35122,10,1000,0
2024-01-17 13:06:50.35129,10,1000,0
2024-01-17 13:06:50.35137,10,1000,0
2024-01-17 13:06:50.35145,10,1000,0
2024-01-17 13:06:50.35159,10,1000,0
2024-01-17 13:06:50.35168,10,1000,0
2024-01-17 13:06:50.35176,10,1000,0
2024-01-17 13:06:50.35182,10,1000,0
2024-01-17 13:06:50.35190,10,1000,0
2024-01-17 13:06:50.35197,10,1000,0
2024-01-17 13:06:50.35205,10,1000,0
2024-01-17 13:06:50.35213,10,1000,0
2024-01-17 13:06:50.35221,10,1000,0
2024-01-17 13:06:50.35238,10,1000,0
2024-01-17 13:06:50.35249,10,1000,0
2024-01-17 13:06:50.35258,10,1000,0
2024-01-17 13:06:50.35266,10,1000,0
2024-01-17 13:06:50.35274,10,1000,0
2024-01-17 13:06:50.35282,10,1000,0
2024-01-17 13:06:50.35290,10,1000,0
2024-01-17 13:06:50.35298,10,1000,0
2024-01-17 13:06:50.35309,10,1000,0
2024-01-17 13:06:50.35322,10,1000,0
2024-01-17 13:06:50.35338,10,1000,0
2024-01-17 13:06:50.35354,10,1000,0
2024-01-17 13:06:50.35363,10,1000,0
2024-01-17 13:06:50.35372,10,1000,0
2024-01-17 13:06:50.35379,10,1000,0
2024-01-17 13:06:50.35387,10,1000,0
2024-01-17 13:06:50.35394,10,1000,0
2024-01-17 13:06:50.35404,10,1000,0
2024-01-17 13:06:50.35413,10,1000,0
2024-01-17 13:06:50.35421,10,1000,0
2024-01-17 13:06:50.35429,10,1000,0
2024-01-17 13:06:50.35450,10,1000,0
2024-01-17 13:06:50.35466,10,1000,0
2024-01-17 13:06:50.35489,10,1000,0
2024-01-17 13:06:50.35498,10,1000,0
2024-01-17 13:06:50.35506,10,1000,0
2024-01-17 13:06:50.35514,10,1000,0
2024-01-17 13:06:50.35523,10,1000,0
2024-01-17 13:06:50.35531,10,1000,0
2024-01-17 13:06:50.35542,10,1000,0
2024-01-17 13:06:50.35559,10,1000,0
2024-01-17 13:06:50.35568,10,1000,0
2024-01-17 13:06:50.35591,10,1000,0
2024-01-17 13:06:50.35602,10,1000,0
2024-01-17 13:06:50.35612,10,1000,0
2024-01-17 13:06:50.35622,10,1000,0
2024-01-17 13:06:50.35634,10,1000,0
2024-01-17 13:06:50.35656,10,1000,0
2024-01-17 13:06:50.35702,10,1000,0
2024-01-17 13:06:50.35720,10,1000,0
2024-01-17 13:06:50.35773,10,1000,0
2024-01-17 13:06:50.35786,10,1000,0
2024-01-17 13:06:50.35801,10,1000,0
2024-01-17 13:06:50.35811,10,1000,0
2024-01-17 13:06:50.35821,10,1000,0
2024-01-17 13:06:50.35831,10,1000,0
2024-01-17 13:06:50.35841,10,1000,0
2024-01-17 13:06:50.35852,10,1000,0
2024-01-17 13:06:50.35861,10,1000,0
2024-01-17 13:06:50.35872,10,1000,0
2024-01-17 13:06:50.35882,10,1000,0
2024-01-17 13:06:50.35892,10,1000,0
2024-01-17 13:06:50.35900,10,1000,0
2024-01-17 13:06:50.35910,10,1000,0
2024-01-17 13:06:50.35919,10,1000,0
2024-01-17 13:06:50.35928,10,1000,0
2024-01-17 13:06:50.35938,10,1000,0
2024-01-17 13:06:50.35948,10,1000,0
2024-01-17 13:06:50.35955,10,1000,0
2024-01-17 13:06:50.35963,10,1000,0
2024-01-17 13:06:50.35972,10,1000,0
2024-01-17 13:06:50.35982,10,1000,0
2024-01-17 13:06:50.35991,10,1000,0
2024-01-17 13:06:50.36000,10,1000,0
2024-01-17 13:06:50.36009,10,1000,0
2024-01-17 13:06:50.36020,10,1000,0
2024-01-17 13:06:50.36030,10,1000,0
2024-01-17 13:06:50.36038,10,1000,0
2024-01-17 13:06:50.36047,10,1000,0
2024-01-17 13:06:50.36055,10,1000,0
2024-01-17 13:06:50.36067,10,1000,0
2024-01-17 13:06:50.36081,10,1000,0
2024-01-17 13:06:50.36092,10,1000,0
2024-01-17 13:06:50.36100,10,1000,0
2024-01-17 13:06:50.36109,10,1000,0
2024-01-17 13:06:50.36119,10,1000,0
2024-01-17 13:06:50.36128,10,1000,0
2024-01-17 13:06:50.36136,10,1000,0
2024-01-17 13:06:50.36144,10,1000,0
2024-01-17 13:06:50.36154,10,1000,0
2024-01-17 13:06:50.36167,10,1000,0
2024-01-17 13:06:50.36176,10,1000,0
2024-01-17 13:06:50.36185,10,1000,0
2024-01-17 13:06:50.36193,10,1000,0
2024-01-17 13:06:50.36203,10,1000,0
2024-01-17 13:06:50.36212,10,1000,0
2024-01-17 13:06:50.36222,10,1000,0
2024-01-17 13:06:50.36230,10,1000,0
2024-01-17 13:06:50.36240,10,1000,0
2024-01-17 13:06:50.36251,10,1000,0
2024-01-17 13:06:50.36260,10,1000,0
2024-01-17 13:06:50.36269,10,1000,0
2024-01-17 13:06:50.36279,10,1000,0
2024-01-17 13:06:50.36290,10,1000,0
2024-01-17 13:06:50.36300,10,1000,0
2024-01-17 13:06:50.36312,10,1000,0
2024-01-17 13:06:50.36326,10,1000,0
2024-01-17 13:06:50.36338,10,1000,0
2024-01-17 13:06:50.36347,10,1000,0
2024-01-17 13:06:50.36358,10,1000,0
2024-01-17 13:06:50.36367,10,1000,0
2024-01-17 13:06:50.36376,10,1000,0
2024-01-17 13:06:50.36384,10,1000,0
2024-01-17 13:06:50.36393,10,1000,0
2024-01-17 13:06:50.36403,10,1000,0
2024-01-17 13:06:50.36411,10,1000,0
2024-01-17 13:06:50.36419,10,1000,0
2024-01-17 13:06:50.36431,10,1000,0
2024-01-17 13:06:50.36450,10,1000,0
2024-01-17 13:06:50.36469,10,1000,0
2024-01-17 13:06:50.36481,10,1000,0
2024-01-17 13:06:50.36498,10,1000,0
2024-01-17 13:06:50.36511,10,1000,0
2024-01-17 13:06:50.36525,10,1000,0
2024-01-17 13:06:50.36537,10,1000,0
2024-01-17 13:06:50.36552,10,1000,0
2024-01-17 13:06:50.36566,10,1000,0
2024-01-17 13:06:50.36581,10,1000,0
2024-01-17 13:06:50.36593,10,1000,0
2024-01-17 13:06:50.36604,10,1000,0
2024-01-17 13:06:50.36617,10,1000,0
2024-01-17 13:06:50.36638,10,1000,0
2024-01-17 13:06:50.36648,10,1000,0
2024-01-17 13:06:50.36659,10,1000,0
2024-01-17 13:06:50.36677,10,1000,0
2024-01-17 13:06:50.36695,10,1000,0
2024-01-17 13:06:50.36710,10,1000,0
2024-01-17 13:06:50.36723,10,1000,0
2024-01-17 13:06:50.36738,10,1000,0
2024-01-17 13:06:50.36748,10,1000,0
2024-01-17 13:06:50.36757,10,1000,0
2024-01-17 13:06:50.36767,10,1000,0
2024-01-17 13:06:50.36778,10,1000,0
2024-01-17 13:06:50.36789,10,1000,0
2024-01-17 13:06:50.36803,10,1000,0
2024-01-17 13:06:50.36814,10,1000,0
2024-01-17 13:06:50.36824,10,1000,0
2024-01-17 13:06:50.36834,10,1000,0
2024-01-17 13:06:50.36847,10,1000,0
2024-01-17 13:06:50.36858,10,1000,0
2024-01-17 13:06:50.36868,10,1000,0
2024-01-17 13:06:50.36878,10,1000,0
2024-01-17 13:06:50.36887,10,1000,0
2024-01-17 13:06:50.36897,10,1000,0
2024-01-17 13:06:50.36910,10,1000,0
2024-01-17 13:06:50.36919,10,1000,0
2024-01-17 13:06:50.36929,10,1000,0
2024-01-17 13:06:50.36939,10,1000,0
2024-01-17 13:06:50.36951,10,1000,0
2024-01-17 13:06:50.36961,10,1000,0
2024-01-17 13:06:50.36971,10,1000,0
2024-01-17 13:06:50.36980,10,1000,0
2024-01-17 13:06:50.36990,10,1000,0
2024-01-17 13:06:50.37000,10,1000,0
2024-01-17 13:06:50.37007,10,1000,0
2024-01-17 13:06:50.37017,10,1000,0
2024-01-17 13:06:50.37028,10,1000,0
2024-01-17 13:06:50.37036,10,1000,0
2024-01-17 13:06:50.37043,10,1000,0
2024-01-17 13:06:50.37052,10,1000,0
2024-01-17 13:06:50.37060,10,1000,0
2024-01-17 13:06:50.37068,10,1000,0
2024-01-17 13:06:50.37075,10,1000,0
2024-01-17 13:06:50.37083,10,1000,0
2024-01-17 13:06:50.37092,10,1000,0
2024-01-17 13:06:50.37100,10,1000,0
2024-01-17 13:06:50.37108,10,1000,0
2024-01-17 13:06:50.37116,10,1000,0
2024-01-17 13:06:50.37125,10,1000,0
2024-01-17 13:06:50.37133,10,1000,0
2024-01-17 13:06:50.37142,10,1000,0
2024-01-17 13:06:50.37149,10,1000,0
2024-01-17 13:06:50.37160,10,1000,0
2024-01-17 13:06:50.37168,10,1000,0
2024-01-17 13:06:50.37175,10,1000,0
2024-01-17 13:06:50.37183,10,1000,0
2024-01-17 13:06:50.37193,10,1000,0
2024-01-17 13:06:50.37201,10,1000,0
2024-01-17 13:06:50.37210,10,1000,0
2024-01-17 13:06:50.37219,10,1000,0
2024-01-17 13:06:50.37230,10,1000,0
2024-01-17 13:06:50.37241,10,1000,0
2024-01-17 13:06:50.37249,10,1000,0
2024-01-17 13:06:50.37257,10,1000,0
2024-01-17 13:06:50.37268,10,1000,0
2024-01-17 13:06:50.37276,10,1000,0
2024-01-17 13:06:50.37284,10,1000,0
2024-01-17 13:06:50.37292,10,1000,0
2024-01-17 13:06:50.37301,10,1000,0
2024-01-17 13:06:50.37313,10,1000,0
2024-01-17 13:06:50.37324,10,1000,0
2024-01-17 13:06:50.37340,10,1000,0
2024-01-17 13:06:50.37365,10,1000,0
2024-01-17 13:06:50.37375,10,1000,0
2024-01-17 13:06:50.37383,10,1000,0
2024-01-17 13:06:50.37391,10,1000,0
2024-01-17 13:06:50.37399,10,1000,0
2024-01-17 13:06:50.37409,10,1000,0
2024-01-17 13:06:50.37417,10,1000,0
2024-01-17 13:06:50.37424,10,1000,0
2024-01-17 13:06:50.37431,10,1000,0
2024-01-17 13:06:50.37439,10,1000,0
2024-01-17 13:06:50.37449,10,1000,0
2024-01-17 13:06:50.37463,10,1000,0
2024-01-17 13:06:50.37474,10,1000,0
2024-01-17 13:06:50.37482,10,1000,0
2024-01-17 13:06:50.37491,10,1000,0
2024-01-17 13:06:50.37500,10,1000,0
2024-01-17 13:06:50.37510,10,1000,0
2024-01-17 13:06:50.37518,10,1000,0
2024-01-17 13:06:50.37527,10,1000,0
2024-01-17 13:06:50.37535,10,1000,0
2024-01-17 13:06:50.37544,10,1000,0
2024-01-17 13:06:50.37553,10,1000,0
2024-01-17 13:06:50.37563,10,1000,0
2024-01-17 13:06:50.37571,10,1000,0
2024-01-17 13:06:50.37580,10,1000,0
2024-01-17 13:06:50.37593,10,1000,0
2024-01-17 13:06:50.37601,10,1000,0
2024-01-17 13:06:50.37611,10,1000,0
2024-01-17 13:06:50.37619,10,1000,0
2024-01-17 13:06:50.37630,10,1000,0
2024-01-17 13:06:50.37638,10,1000,0
2024-01-17 13:06:50.37646,10,1000,0
2024-01-17 13:06:50.37656,10,1000,0
2024-01-17 13:06:50.37667,10,1000,0
2024-01-17 13:06:50.37675,10,1000,0
2024-01-17 13:06:50.37685,10,1000,0
2024-01-17 13:06:50.37693,10,1000,0
2024-01-17 13:06:50.37702,10,1000,0
2024-01-17 13:06:50.37710,10,1000,0
2024-01-17 13:06:50.37719,10,1000,0
2024-01-17 13:06:50.37727,10,1000,0
2024-01-17 13:06:50.37735,10,1000,0
2024-01-17 13:06:50.37743,10,1000,0
2024-01-17 13:06:50.37751,10,1000,0
2024-01-17 13:06:50.37759,10,1000,0
2024-01-17 13:06:50.37768,10,1000,0
2024-01-17 13:06:50.37776,10,1000,0
2024-01-17 13:06:50.37784,10,1000,0
2024-01-17 13:06:50.37794,10,1000,0
2024-01-17 13:06:50.37802,10,1000,0
2024-01-17 13:06:50.37809,10,1000,0
2024-01-17 13:06:50.37817,10,1000,0
2024-01-17 13:06:50.37824,10,1000,0
2024-01-17 13:06:50.37832,10,1000,0
2024-01-17 13:06:50.37842,10,1000,0
2024-01-17 13:06:50.37850,10,1000,0
2024-01-17 13:06:50.37861,10,1000,0
2024-01-17 13:06:50.37869,10,1000,0
2024-01-17 13:06:50.37877,10,1000,0
2024-01-17 13:06:50.37886,10,1000,0
2024-01-17 13:06:50.37893,10,1000,0
2024-01-17 13:06:50.37902,10,1000,0
2024-01-17 13:06:50.37909,10,1000,0
2024-01-17 13:06:50.37917,10,1000,0
2024-01-17 13:06:50.37925,10,1000,0
2024-01-17 13:06:50.37934,10,1000,0
2024-01-17 13:06:50.37942,10,1000,0
2024-01-17 13:06:50.37951,10,1000,0
2024-01-17 13:06:50.37960,10,1000,0
2024-01-17 13:06:50.37969,10,1000,0
2024-01-17 13:06:50.37976,10,1000,0
2024-01-17 13:06:50.37988,10,1000,0
2024-01-17 13:06:50.37997,10,1000,0
2024-01-17 13:06:50.38007,10,1000,0
2024-01-17 13:06:50.38015,10,1000,0
2024-01-17 13:06:50.38024,10,1000,0
2024-01-17 13:06:50.38031,10,1000,0
2024-01-17 13:06:50.38042,10,1000,0
2024-01-17 13:06:50.38051,10,1000,0
2024-01-17 13:06:50.38059,10,1000,0
2024-01-17 13:06:50.38069,10,1000,0
2024-01-17 13:06:50.38076,10,1000,0
2024-01-17 13:06:50.38084,10,1000,0
2024-01-17 13:06:50.38093,10,1000,0
2024-01-17 13:06:50.38100,10,1000,0
2024-01-17 13:06:50.38107,10,1000,0
2024-01-17 13:06:50.38113,10,1000,0
2024-01-17 13:06:50.38120,10,1000,0
2024-01-17 13:06:50.38127,10,1000,0
2024-01-17 13:06:50.38134,10,1000,0
2024-01-17 13:06:50.38141,10,1000,0
2024-01-17 13:06:50.38149,10,1000,0
2024-01-17 13:06:50.38157,10,1000,0
2024-01-17 13:06:50.38164,10,1000,0
2024-01-17 13:06:50.38172,10,1000,0
2024-01-17 13:06:50.38180,10,1000,0
2024-01-17 13:06:50.38187,10,1000,0
2024-01-17 13:06:50.38195,10,1000,0
2024-01-17 13:06:50.38203,10,1000,0
2024-01-17 13:06:50.38209,10,1000,0
2024-01-17 13:06:50.38218,10,1000,0
2024-01-17 13:06:50.38225,10,1000,0
2024-01-17 13:06:50.38234,10,1000,0
2024-01-17 13:06:50.38246,10,1000,0
2024-01-17 13:06:50.38256,10,1000,0
2024-01-17 13:06:50.38264,10,1000,0
2024-01-17 13:06:50.38272,10,1000,0
2024-01-17 13:06:50.38279,10,1000,0
2024-01-17 13:06:50.38286,10,1000,0
2024-01-17 13:06:50.38293,10,1000,0
2024-01-17 13:06:50.38302,10,1000,0
2024-01-17 13:06:50.38310,10,1000,0
2024-01-17 13:06:50.38318,10,1000,0
2024-01-17 13:06:50.38325,10,1000,0
2024-01-17 13:06:50.38334,10,1000,0
2024-01-17 13:06:50.38341,10,1000,0
2024-01-17 13:06:50.38348,10,1000,0
2024-01-17 13:06:50.38356,10,1000,0
2024-01-17 13:06:50.38364,10,1000,0
2024-01-17 13:06:50.38372,10,1000,0
2024-01-17 13:06:50.38379,10,1000,0
2024-01-17 13:06:50.38402,10,1000,0
2024-01-17 13:06:50.38411,10,1000,0
2024-01-17 13:06:50.38418,10,1000,0
2024-01-17 13:06:50.38425,10,1000,0
2024-01-17 13:06:50.38445,10,1000,0
2024-01-17 13:06:50.38455,10,1000,0
2024-01-17 13:06:50.38465,10,1000,0
2024-01-17 13:06:50.38472,10,1000,0
2024-01-17 13:06:50.38481,10,1000,0
2024-01-17 13:06:50.38496,10,1000,0
2024-01-17 13:06:50.38505,10,1000,0
2024-01-17 13:06:50.38514,10,1000,0
2024-01-17 13:06:50.38523,10,1000,0
2024-01-17 13:06:50.38537,10,1000,0
2024-01-17 13:06:50.38547,10,1000,0
2024-01-17 13:06:50.38556,10,1000,0
2024-01-17 13:06:50.38563,10,1000,0
2024-01-17 13:06:50.38570,10,1000,0
2024-01-17 13:06:50.38577,10,1000,0
2024-01-17 13:06:50.38585,10,1000,0
2024-01-17 13:06:50.38595,10,1000,0
2024-01-17 13:06:50.38608,10,1000,0
2024-01-17 13:06:50.38616,10,1000,0
2024-01-17 13:06:51.30781,11,1000,0
2024-01-17 13:06:51.30790,11,1000,0
2024-01-17 13:06:51.30799,11,1000,0
2024-01-17 13:06:51.30825,11,1000,0
2024-01-17 13:06:51.30863,11,1000,0
2024-01-17 13:06:51.30878,11,1000,0
2024-01-17 13:06:51.30888,11,1000,0
2024-01-17 13:06:51.30901,11,1000,0
2024-01-17 13:06:51.30914,11,1000,0
2024-01-17 13:06:51.30926,11,1000,0
2024-01-17 13:06:51.30937,11,1000,0
2024-01-17 13:06:51.30952,11,1000,0
2024-01-17 13:06:51.30972,11,1000,0
2024-01-17 13:06:51.31022,11,1000,0
2024-01-17 13:06:51.31050,11,1000,0
2024-01-17 13:06:51.31059,11,1000,0
2024-01-17 13:06:51.31069,11,1000,0
2024-01-17 13:06:51.31080,11,1000,0
2024-01-17 13:06:51.31106,11,1000,0
2024-01-17 13:06:51.31117,11,1000,0
2024-01-17 13:06:51.31127,11,1000,0
2024-01-17 13:06:51.31137,11,1000,0
2024-01-17 13:06:51.31149,11,1000,0
2024-01-17 13:06:51.31160,11,1000,0
2024-01-17 13:06:51.31169,11,1000,0
2024-01-17 13:06:51.31179,11,1000,0
2024-01-17 13:06:51.31190,11,1000,0
2024-01-17 13:06:51.31199,11,1000,0
2024-01-17 13:06:51.31219,11,1000,0
2024-01-17 13:06:51.31228,11,1000,0
2024-01-17 13:06:51.31241,11,1000,0
2024-01-17 13:06:51.31251,11,1000,0
2024-01-17 13:06:51.31260,11,1000,0
2024-01-17 13:06:51.31276,11,1000,0
2024-01-17 13:06:51.31295,11,1000,0
2024-01-17 13:06:51.31316,11,1000,0
2024-01-17 13:06:51.31337,11,1000,0
2024-01-17 13:06:51.31347,11,1000,0
2024-01-17 13:06:51.31358,11,1000,0
2024-01-17 13:06:51.31377,11,1000,0
2024-01-17 13:06:51.31387,11,1000,0
2024-01-17 13:06:51.31396,11,1000,0
2024-01-17 13:06:51.31405,11,1000,0
2024-01-17 13:06:51.31422,11,1000,0
2024-01-17 13:06:51.31447,11,1000,0
2024-01-17 13:06:51.31458,11,1000,0
2024-01-17 13:06:51.31468,11,1000,0
2024-01-17 13:06:51.31476,11,1000,0
2024-01-17 13:06:51.31486,11,1000,0
2024-01-17 13:06:51.31494,11,1000,0
2024-01-17 13:06:51.31501,11,1000,0
2024-01-17 13:06:51.31511,11,1000,0
2024-01-17 13:06:51.31531,11,1000,0
2024-01-17 13:06:51.31541,11,1000,0
2024-01-17 13:06:51.31553,11,1000,0
2024-01-17 13:06:51.31563,11,1000,0
2024-01-17 13:06:51.31586,11,1000,0
2024-01-17 13:06:51.31602,11,1000,0
2024-01-17 13:06:51.31610,11,1000,0
2024-01-17 13:06:51.31648,11,1000,0
2024-01-17 13:06:51.31658,11,1000,0
2024-01-17 13:06:51.31669,11,1000,0
2024-01-17 13:06:51.31687,11,1000,0
2024-01-17 13:06:51.31700,11,1000,0
2024-01-17 13:06:51.31715,11,1000,0
2024-01-17 13:06:51.31724,11,1000,0
2024-01-17 13:06:51.31734,11,1000,0
2024-01-17 13:06:51.31742,11,1000,0
2024-01-17 13:06:51.31753,11,1000,0
2024-01-17 13:06:51.31762,11,1000,0
2024-01-17 13:06:51.31770,11,1000,0
2024-01-17 13:06:51.31842,11,1000,0
2024-01-17 13:06:51.31852,11,1000,0
2024-01-17 13:06:51.31862,11,1000,0
2024-01-17 13:06:51.31903,11,1000,0
2024-01-17 13:06:51.31917,11,1000,0
2024-01-17 13:06:51.31926,11,1000,0
2024-01-17 13:06:51.31936,11,1000,0
2024-01-17 13:06:51.31973,11,1000,0
2024-01-17 13:06:51.31993,11,1000,0
2024-01-17 13:06:51.32012,11,1000,0
2024-01-17 13:06:51.32027,11,1000,0
2024-01-17 13:06:51.32054,11,1000,0
2024-01-17 13:06:51.32064,11,1000,0
2024-01-17 13:06:51.32071,11,1000,0
2024-01-17 13:06:51.32078,11,1000,0
2024-01-17 13:06:51.32085,11,1000,0
2024-01-17 13:06:51.32105,11,1000,0
2024-01-17 13:06:51.32121,11,1000,0
2024-01-17 13:06:51.32130,11,1000,0
2024-01-17 13:06:51.32137,11,1000,0
2024-01-17 13:06:51.32145,11,1000,0
2024-01-17 13:06:51.32153,11,1000,0
2024-01-17 13:06:51.32161,11,1000,0
2024-01-17 13:06:51.32169,11,1000,0
2024-01-17 13:06:51.32186,11,1000,0
2024-01-17 13:06:51.32212,11,1000,0
2024-01-17 13:06:51.32221,11,1000,0
2024-01-17 13:06:51.32228,11,1000,0
2024-01-17 13:06:51.32236,11,1000,0
2024-01-17 13:06:51.32245,11,1000,0
2024-01-17 13:06:51.32255,11,1000,0
2024-01-17 13:06:51.32282,11,1000,0
2024-01-17 13:06:51.32290,11,1000,0
2024-01-17 13:06:51.32299,11,1000,0
2024-01-17 13:06:51.32308,11,1000,0
2024-01-17 13:06:51.32317,11,1000,0
2024-01-17 13:06:51.32327,11,1000,0
2024-01-17 13:06:51.32336,11,1000,0
2024-01-17 13:06:51.32347,11,1000,0
2024-01-17 13:06:51.32353,11,1000,0
2024-01-17 13:06:51.32383,11,1000,0
2024-01-17 13:06:51.32393,11,1000,0
2024-01-17 13:06:51.32404,11,1000,0
2024-01-17 13:06:51.32412,11,1000,0
2024-01-17 13:06:51.32421,11,1000,0
2024-01-17 13:06:51.32429,11,1000,0
2024-01-17 13:06:51.32447,11,1000,0
2024-01-17 13:06:51.32459,11,1000,0
2024-01-17 13:06:51.32485,11,1000,0
2024-01-17 13:06:51.32494,11,1000,0
2024-01-17 13:06:51.32502,11,1000,0
2024-01-17 13:06:51.32511,11,1000,0
2024-01-17 13:06:51.32521,11,1000,0
2024-01-17 13:06:51.32528,11,1000,0
2024-01-17 13:06:51.32538,11,1000,0
2024-01-17 13:06:51.32545,11,1000,0
2024-01-17 13:06:51.32557,11,1000,0
2024-01-17 13:06:51.32565,11,1000,0
2024-01-17 13:06:51.32571,11,1000,0
2024-01-17 13:06:51.32579,11,1000,0
2024-01-17 13:06:51.32587,11,1000,0
2024-01-17 13:06:51.32595,11,1000,0
2024-01-17 13:06:51.32615,11,1000,0
2024-01-17 13:06:51.32623,11,1000,0
2024-01-17 13:06:51.32631,11,1000,0
2024-01-17 13:06:51.32640,11,1000,0
2024-01-17 13:06:51.32650,11,1000,0
2024-01-17 13:06:51.32664,11,1000,0
2024-01-17 13:06:51.32672,11,1000,0
2024-01-17 13:06:51.32680,11,1000,0
2024-01-17 13:06:51.32699,11,1000,0
2024-01-17 13:06:51.32710,11,1000,0
2024-01-17 13:06:51.32718,11,1000,0
2024-01-17 13:06:51.32729,11,1000,0
2024-01-17 13:06:51.32739,11,1000,0
2024-01-17 13:06:51.32748,11,1000,0
2024-01-17 13:06:51.32760,11,1000,0
2024-01-17 13:06:51.32769,11,1000,0
2024-01-17 13:06:51.32783,11,1000,0
2024-01-17 13:06:51.32792,11,1000,0
2024-01-17 13:06:51.32802,11,1000,0
2024-01-17 13:06:51.32813,11,1000,0
2024-01-17 13:06:51.32827,11,1000,0
2024-01-17 13:06:51.32840,11,1000,0
2024-01-17 13:06:51.32853,11,1000,0
2024-01-17 13:06:51.32872,11,1000,0
2024-01-17 13:06:51.32881,11,1000,0
2024-01-17 13:06:51.32888,11,1000,0
2024-01-17 13:06:51.32897,11,1000,0
2024-01-17 13:06:51.32908,11,1000,0
2024-01-17 13:06:51.32929,11,1000,0
2024-01-17 13:06:51.32944,11,1000,0
2024-01-17 13:06:51.32955,11,1000,0
2024-01-17 13:06:51.32968,11,1000,0
2024-01-17 13:06:51.32994,11,1000,0
2024-01-17 13:06:51.33003,11,1000,0
2024-01-17 13:06:51.33011,11,1000,0
2024-01-17 13:06:51.33022,11,1000,0
2024-01-17 13:06:51.33033,11,1000,0
2024-01-17 13:06:51.33040,11,1000,0
2024-01-17 13:06:51.33048,11,1000,0
2024-01-17 13:06:51.33054,11,1000,0
2024-01-17 13:06:51.33062,11,1000,0
2024-01-17 13:06:51.33071,11,1000,0
2024-01-17 13:06:51.33080,11,1000,0
2024-01-17 13:06:51.33091,11,1000,0
2024-01-17 13:06:51.33111,11,1000,0
2024-01-17 13:06:51.33124,11,1000,0
2024-01-17 13:06:51.33149,11,1000,0
2024-01-17 13:06:51.33162,11,1000,0
2024-01-17 13:06:51.33176,11,1000,0
2024-01-17 13:06:51.33190,11,1000,0
2024-01-17 13:06:51.33199,11,1000,0
2024-01-17 13:06:51.33210,11,1000,0
2024-01-17 13:06:51.33221,11,1000,0
2024-01-17 13:06:51.33239,11,1000,0
2024-01-17 13:06:51.33250,11,1000,0
2024-01-17 13:06:51.33280,11,1000,0
2024-01-17 13:06:51.33293,11,1000,0
2024-01-17 13:06:51.33307,11,1000,0
2024-01-17 13:06:51.33316,11,1000,0
2024-01-17 13:06:51.33331,11,1000,0
2024-01-17 13:06:51.33341,11,1000,0
2024-01-17 13:06:51.33352,11,1000,0
2024-01-17 13:06:51.33361,11,1000,0
2024-01-17 13:06:51.33374,11,1000,0
2024-01-17 13:06:51.33384,11,1000,0
2024-01-17 13:06:51.33394,11,1000,0
2024-01-17 13:06:51.33402,11,1000,0
2024-01-17 13:06:51.33413,11,1000,0
2024-01-17 13:06:51.33421,11,1000,0
2024-01-17 13:06:51.33430,11,1000,0
2024-01-17 13:06:51.33440,11,1000,0
2024-01-17 13:06:51.33455,11,1000,0
2024-01-17 13:06:51.33466,11,1000,0
2024-01-17 13:06:51.33475,11,1000,0
2024-01-17 13:06:51.33485,11,1000,0
2024-01-17 13:06:51.33509,11,1000,0
2024-01-17 13:06:51.33521,11,1000,0
2024-01-17 13:06:51.33532,11,1000,0
2024-01-17 13:06:51.33542,11,1000,0
2024-01-17 13:06:51.33550,11,1000,0
2024-01-17 13:06:51.33569,11,1000,0
2024-01-17 13:06:51.33584,11,1000,0
2024-01-17 13:06:51.33600,11,1000,0
2024-01-17 13:06:51.33614,11,1000,0
2024-01-17 13:06:51.33643,11,1000,0
2024-01-17 13:06:51.33653,11,1000,0
2024-01-17 13:06:51.33664,11,1000,0
2024-01-17 13:06:51.33676,11,1000,0
2024-01-17 13:06:51.33698,11,1000,0
2024-01-17 13:06:51.33709,11,1000,0
2024-01-17 13:06:51.33726,11,1000,0
2024-01-17 13:06:51.33738,11,1000,0
2024-01-17 13:06:51.33747,11,1000,0
2024-01-17 13:06:51.33757,11,1000,0
2024-01-17 13:06:51.33766,11,1000,0
2024-01-17 13:06:51.33777,11,1000,0
2024-01-17 13:06:51.33787,11,1000,0
2024-01-17 13:06:51.33795,11,1000,0
2024-01-17 13:06:51.33805,11,1000,0
2024-01-17 13:06:51.33832,11,1000,0
2024-01-17 13:06:51.33844,11,1000,0
2024-01-17 13:06:51.33859,11,1000,0
2024-01-17 13:06:51.33880,11,1000,0
2024-01-17 13:06:51.33891,11,1000,0
2024-01-17 13:06:51.33902,11,1000,0
2024-01-17 13:06:51.33917,11,1000,0
2024-01-17 13:06:51.33931,11,1000,0
2024-01-17 13:06:51.33943,11,1000,0
2024-01-17 13:06:51.33965,11,1000,0
2024-01-17 13:06:51.33978,11,1000,0
2024-01-17 13:06:51.33992,11,1000,0
2024-01-17 13:06:51.34002,11,1000,0
2024-01-17 13:06:51.34011,11,1000,0
2024-01-17 13:06:51.34019,11,1000,0
2024-01-17 13:06:51.34030,11,1000,0
2024-01-17 13:06:51.34049,11,1000,0
2024-01-17 13:06:51.34065,11,1000,0
2024-01-17 13:06:51.34080,11,1000,0
2024-01-17 13:06:51.34098,11,1000,0
2024-01-17 13:06:51.34108,11,1000,0
2024-01-17 13:06:51.34116,11,1000,0
2024-01-17 13:06:51.34124,11,1000,0
2024-01-17 13:06:51.34147,11,1000,0
2024-01-17 13:06:51.34158,11,1000,0
2024-01-17 13:06:51.34167,11,1000,0
2024-01-17 13:06:51.34179,11,1000,0
2024-01-17 13:06:51.34190,11,1000,0
2024-01-17 13:06:51.34198,11,1000,0
2024-01-17 13:06:51.34214,11,1000,0
2024-01-17 13:06:51.34225,11,1000,0
2024-01-17 13:06:51.34236,11,1000,0
2024-01-17 13:06:51.34259,11,1000,0
2024-01-17 13:06:51.34267,11,1000,0
2024-01-17 13:06:51.34279,11,1000,0
2024-01-17 13:06:51.34305,11,1000,0
2024-01-17 13:06:51.34322,11,1000,0
2024-01-17 13:06:51.34341,11,1000,0
2024-01-17 13:06:51.34354,11,1000,0
2024-01-17 13:06:51.34364,11,1000,0
2024-01-17 13:06:51.34372,11,1000,0
2024-01-17 13:06:51.34384,11,1000,0
2024-01-17 13:06:51.34393,11,1000,0
2024-01-17 13:06:51.34403,11,1000,0
2024-01-17 13:06:51.34414,11,1000,0
2024-01-17 13:06:51.34423,11,1000,0
2024-01-17 13:06:51.34445,11,1000,0
2024-01-17 13:06:51.34458,11,1000,0
2024-01-17 13:06:51.34475,11,1000,0
2024-01-17 13:06:51.34505,11,1000,0
2024-01-17 13:06:51.34536,11,1000,0
2024-01-17 13:06:51.34548,11,1000,0
2024-01-17 13:06:51.34572,11,1000,0
2024-01-17 13:06:51.34580,11,1000,0
2024-01-17 13:06:51.34586,11,1000,0
2024-01-17 13:06:51.34594,11,1000,0
2024-01-17 13:06:51.34606,11,1000,0
2024-01-17 13:06:51.34619,11,1000,0
2024-01-17 13:06:51.34631,11,1000,0
2024-01-17 13:06:51.34639,11,1000,0
2024-01-17 13:06:51.34651,11,1000,0
2024-01-17 13:06:51.34658,11,1000,0
2024-01-17 13:06:51.34666,11,1000,0
2024-01-17 13:06:51.34681,11,1000,0
2024-01-17 13:06:51.34687,11,1000,0
2024-01-17 13:06:51.34695,11,1000,0
2024-01-17 13:06:51.34702,11,1000,0
2024-01-17 13:06:51.34710,11,1000,0
2024-01-17 13:06:51.34717,11,1000,0
2024-01-17 13:06:51.34724,11,1000,0
2024-01-17 13:06:51.34730,11,1000,0
2024-01-17 13:06:51.34738,11,1000,0
2024-01-17 13:06:51.34764,11,1000,0
2024-01-17 13:06:51.34770,11,1000,0
2024-01-17 13:06:51.34778,11,1000,0
2024-01-17 13:06:51.34787,11,1000,0
2024-01-17 13:06:51.34793,11,1000,0
2024-01-17 13:06:51.34801,11,1000,0
2024-01-17 13:06:51.34810,11,1000,0
2024-01-17 13:06:51.34818,11,1000,0
2024-01-17 13:06:51.34825,11,1000,0
2024-01-17 13:06:51.34831,11,1000,0
2024-01-17 13:06:51.34839,11,1000,0
2024-01-17 13:06:51.34846,11,1000,0
2024-01-17 13:06:51.34895,11,1000,0
2024-01-17 13:06:51.34904,11,1000,0
2024-01-17 13:06:51.34912,11,1000,0
2024-01-17 13:06:51.34921,11,1000,0
2024-01-17 13:06:51.34930,11,1000,0
2024-01-17 13:06:51.34940,11,1000,0
2024-01-17 13:06:51.34949,11,1000,0
2024-01-17 13:06:51.34966,11,1000,0
2024-01-17 13:06:51.34984,11,1000,0
2024-01-17 13:06:51.34995,11,1000,0
2024-01-17 13:06:51.35008,11,1000,0
2024-01-17 13:06:51.35024,11,1000,0
2024-01-17 13:06:51.35047,11,1000,0
2024-01-17 13:06:51.35057,11,1000,0
2024-01-17 13:06:51.35068,11,1000,0
2024-01-17 13:06:51.35079,11,1000,0
2024-01-17 13:06:51.35086,11,1000,0
2024-01-17 13:06:51.35094,11,1000,0
2024-01-17 13:06:51.35102,11,1000,0
2024-01-17 13:06:51.35111,11,1000,0
2024-01-17 13:06:51.35120,11,1000,0
2024-01-17 13:06:51.35128,11,1000,0
2024-01-17 13:06:51.35135,11,1000,0
2024-01-17 13:06:51.35145,11,1000,0
2024-01-17 13:06:51.35155,11,1000,0
2024-01-17 13:06:51.35164,11,1000,0
2024-01-17 13:06:51.35175,11,1000,0
2024-01-17 13:06:51.35188,11,1000,0
2024-01-17 13:06:51.35202,11,1000,0
2024-01-17 13:06:51.35216,11,1000,0
2024-01-17 13:06:51.35223,11,1000,0
2024-01-17 13:06:51.35287,11,1000,0
2024-01-17 13:06:51.35302,11,1000,0
2024-01-17 13:06:51.35309,11,1000,0
2024-01-17 13:06:51.35315,11,1000,0
2024-01-17 13:06:51.35323,11,1000,0
2024-01-17 13:06:51.35332,11,1000,0
2024-01-17 13:06:51.35340,11,1000,0
2024-01-17 13:06:51.35347,11,1000,0
2024-01-17 13:06:51.35356,11,1000,0
2024-01-17 13:06:51.35365,11,1000,0
2024-01-17 13:06:51.35374,11,1000,0
2024-01-17 13:06:51.35384,11,1000,0
2024-01-17 13:06:51.35393,11,1000,0
2024-01-17 13:06:51.35403,11,1000,0
2024-01-17 13:06:51.35410,11,1000,0
2024-01-17 13:06:51.35419,11,1000,0
2024-01-17 13:06:51.35426,11,1000,0
2024-01-17 13:06:51.35434,11,1000,0
2024-01-17 13:06:51.35441,11,1000,0
2024-01-17 13:06:51.35449,11,1000,0
2024-01-17 13:06:51.35455,11,1000,0
2024-01-17 13:06:51.35462,11,1000,0
2024-01-17 13:06:51.35471,11,1000,0
2024-01-17 13:06:51.35494,11,1000,0
2024-01-17 13:06:51.35514,11,1000,0
2024-01-17 13:06:51.35533,11,1000,0
2024-01-17 13:06:51.35554,11,1000,0
2024-01-17 13:06:51.35565,11,1000,0
2024-01-17 13:06:51.35573,11,1000,0
2024-01-17 13:06:51.35583,11,1000,0
2024-01-17 13:06:51.35591,11,1000,0
2024-01-17 13:06:51.35599,11,1000,0
2024-01-17 13:06:51.35611,11,1000,0
2024-01-17 13:06:51.35633,11,1000,0
2024-01-17 13:06:51.35640,11,1000,0
2024-01-17 13:06:51.35649,11,1000,0
2024-01-17 13:06:51.35659,11,1000,0
2024-01-17 13:06:51.35668,11,1000,0
2024-01-17 13:06:51.35697,11,1000,0
2024-01-17 13:06:51.35706,11,1000,0
2024-01-17 13:06:51.35715,11,1000,0
2024-01-17 13:06:51.35730,11,1000,0
2024-01-17 13:06:51.35748,11,1000,0
2024-01-17 13:06:51.35756,11,1000,0
2024-01-17 13:06:51.35773,11,1000,0
2024-01-17 13:06:51.35791,11,1000,0
2024-01-17 13:06:51.35801,11,1000,0
2024-01-17 13:06:51.35810,11,1000,0
2024-01-17 13:06:51.35822,11,1000,0
2024-01-17 13:06:51.35837,11,1000,0
2024-01-17 13:06:51.35849,11,1000,0
2024-01-17 13:06:51.35883,11,1000,0
2024-01-17 13:06:51.35914,11,1000,0
2024-01-17 13:06:51.35975,11,1000,0
2024-01-17 13:06:51.35984,11,1000,0
2024-01-17 13:06:51.35993,11,1000,0
2024-01-17 13:06:51.36036,11,1000,0
2024-01-17 13:06:51.36045,11,1000,0
2024-01-17 13:06:51.36055,11,1000,0
2024-01-17 13:06:51.36073,11,1000,0
2024-01-17 13:06:51.36086,11,1000,0
2024-01-17 13:06:51.36103,11,1000,0
2024-01-17 13:06:51.36116,11,1000,0
2024-01-17 13:06:51.36159,11,1000,0
2024-01-17 13:06:51.36206,11,1000,0
2024-01-17 13:06:51.36215,11,1000,0
2024-01-17 13:06:51.36234,11,1000,0
2024-01-17 13:06:51.36262,11,1000,0
2024-01-17 13:06:51.36276,11,1000,0
2024-01-17 13:06:51.36284,11,1000,0
2024-01-17 13:06:51.36293,11,1000,0
2024-01-17 13:06:51.36304,11,1000,0
2024-01-17 13:06:51.36312,11,1000,0
2024-01-17 13:06:51.36333,11,1000,0
2024-01-17 13:06:51.36341,11,1000,0
2024-01-17 13:06:51.36349,11,1000,0
2024-01-17 13:06:51.36359,11,1000,0
2024-01-17 13:06:51.36372,11,1000,0
2024-01-17 13:06:51.36389,11,1000,0
2024-01-17 13:06:51.36406,11,1000,0
2024-01-17 13:06:51.36416,11,1000,0
2024-01-17 13:06:51.36425,11,1000,0
2024-01-17 13:06:51.36436,11,1000,0
2024-01-17 13:06:51.36467,11,1000,0
2024-01-17 13:06:51.36484,11,1000,0
2024-01-17 13:06:51.36494,11,1000,0
2024-01-17 13:06:51.36503,11,1000,0
2024-01-17 13:06:51.36513,11,1000,0
2024-01-17 13:06:51.36523,11,1000,0
2024-01-17 13:06:51.36532,11,1000,0
2024-01-17 13:06:51.36543,11,1000,0
2024-01-17 13:06:51.36570,11,1000,0
2024-01-17 13:06:51.36579,11,1000,0
2024-01-17 13:06:51.36604,11,1000,0
2024-01-17 13:06:51.36612,11,1000,0
2024-01-17 13:06:51.36622,11,1000,0
2024-01-17 13:06:51.36640,11,1000,0
2024-01-17 13:06:51.36654,11,1000,0
2024-01-17 13:06:51.36663,11,1000,0
2024-01-17 13:06:51.36675,11,1000,0
2024-01-17 13:06:51.36688,11,1000,0
2024-01-17 13:06:51.36706,11,1000,0
2024-01-17 13:06:51.36714,11,1000,0
2024-01-17 13:06:51.36736,11,1000,0
2024-01-17 13:06:51.36747,11,1000,0
2024-01-17 13:06:51.36760,11,1000,0
2024-01-17 13:06:51.36770,11,1000,0
2024-01-17 13:06:51.36780,11,1000,0
2024-01-17 13:06:51.36792,11,1000,0
2024-01-17 13:06:51.36804,11,1000,0
2024-01-17 13:06:51.36817,11,1000,0
2024-01-17 13:06:51.36831,11,1000,0
2024-01-17 13:06:51.36843,11,1000,0
2024-01-17 13:06:51.36859,11,1000,0
2024-01-17 13:06:51.36870,11,1000,0
2024-01-17 13:06:51.36892,11,1000,0
2024-01-17 13:06:51.36901,11,1000,0
2024-01-17 13:06:51.36917,11,1000,0
2024-01-17 13:06:51.36928,11,1000,0
2024-01-17 13:06:51.36947,11,1000,0
2024-01-17 13:06:51.36964,11,1000,0
2024-01-17 13:06:51.36975,11,1000,0
2024-01-17 13:06:51.36986,11,1000,0
2024-01-17 13:06:51.36992,11,1000,0
2024-01-17 13:06:51.37005,11,1000,0
2024-01-17 13:06:51.37013,11,1000,0
2024-01-17 13:06:51.37022,11,1000,0
2024-01-17 13:06:51.37034,11,1000,0
2024-01-17 13:06:51.37040,11,1000,0
2024-01-17 13:06:51.37049,11,1000,0
2024-01-17 13:06:51.37057,11,1000,0
2024-01-17 13:06:51.37066,11,1000,0
2024-01-17 13:06:51.37081,11,1000,0
2024-01-17 13:06:51.37090,11,1000,0
2024-01-17 13:06:51.37097,11,1000,0
2024-01-17 13:06:51.37105,11,1000,0
2024-01-17 13:06:51.37114,11,1000,0
2024-01-17 13:06:51.37122,11,1000,0
2024-01-17 13:06:51.37143,11,1000,0
2024-01-17 13:06:51.37160,11,1000,0
2024-01-17 13:06:51.37172,11,1000,0
2024-01-17 13:06:51.37183,11,1000,0
2024-01-17 13:06:51.37201,11,1000,0
2024-01-17 13:06:51.37216,11,1000,0
2024-01-17 13:06:51.37224,11,1000,0
2024-01-17 13:06:51.37233,11,1000,0
2024-01-17 13:06:51.37243,11,1000,0
2024-01-17 13:06:51.37251,11,1000,0
2024-01-17 13:06:51.37259,11,1000,0
2024-01-17 13:06:51.37267,11,1000,0
2024-01-17 13:06:51.37276,11,1000,0
2024-01-17 13:06:51.37296,11,1000,0
2024-01-17 13:06:51.37305,11,1000,0
2024-01-17 13:06:51.37324,11,1000,0
2024-01-17 13:06:51.37336,11,1000,0
2024-01-17 13:06:51.37350,11,1000,0
2024-01-17 13:06:51.37360,11,1000,0
2024-01-17 13:06:51.37374,11,1000,0
2024-01-17 13:06:51.37389,11,1000,0
2024-01-17 13:06:51.37396,11,1000,0
2024-01-17 13:06:51.37403,11,1000,0
2024-01-17 13:06:51.37412,11,1000,0
2024-01-17 13:06:51.37426,11,1000,0
2024-01-17 13:06:51.37442,11,1000,0
2024-01-17 13:06:51.37451,11,1000,0
2024-01-17 13:06:51.37458,11,1000,0
2024-01-17 13:06:51.37478,11,1000,0
2024-01-17 13:06:51.37487,11,1000,0
2024-01-17 13:06:51.37496,11,1000,0
2024-01-17 13:06:51.37504,11,1000,0
2024-01-17 13:06:51.37514,11,1000,0
2024-01-17 13:06:51.37522,11,1000,0
2024-01-17 13:06:51.37540,11,1000,0
2024-01-17 13:06:51.37548,11,1000,0
2024-01-17 13:06:51.37557,11,1000,0
2024-01-17 13:06:51.37568,11,1000,0
2024-01-17 13:06:51.37578,11,1000,0
2024-01-17 13:06:51.37586,11,1000,0
2024-01-17 13:06:51.37594,11,1000,0
2024-01-17 13:06:51.37606,11,1000,0
2024-01-17 13:06:51.37615,11,1000,0
2024-01-17 13:06:51.37624,11,1000,0
2024-01-17 13:06:51.37634,11,1000,0
2024-01-17 13:06:51.37645,11,1000,0
2024-01-17 13:06:51.37653,11,1000,0
2024-01-17 13:06:51.37664,11,1000,0
2024-01-17 13:06:51.37677,11,1000,0
2024-01-17 13:06:51.37686,11,1000,0
2024-01-17 13:06:51.37695,11,1000,0
2024-01-17 13:06:51.37703,11,1000,0
2024-01-17 13:06:51.37712,11,1000,0
2024-01-17 13:06:51.37720,11,1000,0
2024-01-17 13:06:51.37733,11,1000,0
2024-01-17 13:06:51.37742,11,1000,0
2024-01-17 13:06:51.37752,11,1000,0
2024-01-17 13:06:51.37760,11,1000,0
2024-01-17 13:06:51.37770,11,1000,0
2024-01-17 13:06:51.37779,11,1000,0
2024-01-17 13:06:51.37787,11,1000,0
2024-01-17 13:06:51.37796,11,1000,0
2024-01-17 13:06:51.37801,11,1000,0
2024-01-17 13:06:51.37810,11,1000,0
2024-01-17 13:06:51.37818,11,1000,0
2024-01-17 13:06:51.37826,11,1000,0
2024-01-17 13:06:51.37834,11,1000,0
2024-01-17 13:06:51.37841,11,1000,0
2024-01-17 13:06:51.37850,11,1000,0
2024-01-17 13:06:51.37857,11,1000,0
2024-01-17 13:06:51.37874,11,1000,0
2024-01-17 13:06:51.37887,11,1000,0
2024-01-17 13:06:51.37895,11,1000,0
2024-01-17 13:06:51.37904,11,1000,0
2024-01-17 13:06:51.37912,11,1000,0
2024-01-17 13:06:51.37924,11,1000,0
2024-01-17 13:06:51.37935,11,1000,0
2024-01-17 13:06:51.37943,11,1000,0
2024-01-17 13:06:51.37951,11,1000,0
2024-01-17 13:06:51.37960,11,1000,0
2024-01-17 13:06:51.37969,11,1000,0
2024-01-17 13:06:51.37977,11,1000,0
2024-01-17 13:06:51.37984,11,1000,0
2024-01-17 13:06:51.37992,11,1000,0
2024-01-17 13:06:51.38001,11,1000,0
2024-01-17 13:06:51.38009,11,1000,0
2024-01-17 13:06:51.38018,11,1000,0
2024-01-17 13:06:51.38028,11,1000,0
2024-01-17 13:06:51.38038,11,1000,0
2024-01-17 13:06:51.38047,11,1000,0
2024-01-17 13:06:51.38054,11,1000,0
2024-01-17 13:06:51.38063,11,1000,0
2024-01-17 13:06:51.38076,11,1000,0
2024-01-17 13:06:51.38084,11,1000,0
2024-01-17 13:06:51.38091,11,1000,0
2024-01-17 13:06:51.38098,11,1000,0
2024-01-17 13:06:51.38106,11,1000,0
2024-01-17 13:06:51.38116,11,1000,0
2024-01-17 13:06:51.38124,11,1000,0
2024-01-17 13:06:51.38132,11,1000,0
2024-01-17 13:06:51.38142,11,1000,0
2024-01-17 13:06:51.38151,11,1000,0
2024-01-17 13:06:51.38163,11,1000,0
2024-01-17 13:06:51.38173,11,1000,0
2024-01-17 13:06:51.38183,11,1000,0
2024-01-17 13:06:51.38190,11,1000,0
2024-01-17 13:06:51.38198,11,1000,0
2024-01-17 13:06:51.38206,11,1000,0
2024-01-17 13:06:51.38213,11,1000,0
2024-01-17 13:06:51.38228,11,1000,0
2024-01-17 13:06:51.38248,11,1000,0
2024-01-17 13:06:51.38257,11,1000,0
2024-01-17 13:06:51.38265,11,1000,0
2024-01-17 13:06:51.38274,11,1000,0
2024-01-17 13:06:51.38284,11,1000,0
2024-01-17 13:06:51.38292,11,1000,0
2024-01-17 13:06:51.38299,11,1000,0
2024-01-17 13:06:51.38308,11,1000,0
2024-01-17 13:06:51.38328,11,1000,0
2024-01-17 13:06:51.38349,11,1000,0
2024-01-17 13:06:51.38359,11,1000,0
2024-01-17 13:06:51.38372,11,1000,0
2024-01-17 13:06:51.38379,11,1000,0
2024-01-17 13:06:51.38389,11,1000,0
2024-01-17 13:06:51.38398,11,1000,0
2024-01-17 13:06:51.38407,11,1000,0
2024-01-17 13:06:51.38417,11,1000,0
2024-01-17 13:06:51.38434,11,1000,0
2024-01-17 13:06:51.38458,11,1000,0
2024-01-17 13:06:51.38466,11,1000,0
2024-01-17 13:06:51.38476,11,1000,0
2024-01-17 13:06:51.38490,11,1000,0
2024-01-17 13:06:51.38506,11,1000,0
2024-01-17 13:06:51.38528,11,1000,0
2024-01-17 13:06:51.38535,11,1000,0
2024-01-17 13:06:51.38542,11,1000,0
2024-01-17 13:06:51.38556,11,1000,0
2024-01-17 13:06:51.38578,11,1000,0
2024-01-17 13:06:51.38589,11,1000,0
2024-01-17 13:06:51.38597,11,1000,0
2024-01-17 13:06:51.38608,11,1000,0
2024-01-17 13:06:51.38622,11,1000,0
2024-01-17 13:06:51.38631,11,1000,0
2024-01-17 13:06:51.38648,11,1000,0
2024-01-17 13:06:51.38655,11,1000,0
2024-01-17 13:06:51.38665,11,1000,0
2024-01-17 13:06:51.38674,11,1000,0
2024-01-17 13:06:51.38680,11,1000,0
2024-01-17 13:06:51.38690,11,1000,0
2024-01-17 13:06:51.38711,11,1000,0
2024-01-17 13:06:51.38719,11,1000,0
2024-01-17 13:06:51.38743,11,1000,0
2024-01-17 13:06:51.38759,11,1000,0
2024-01-17 13:06:51.38771,11,1000,0
2024-01-17 13:06:51.38787,11,1000,0
2024-01-17 13:06:51.38799,11,1000,0
2024-01-17 13:06:51.38810,11,1000,0
2024-01-17 13:06:51.38824,11,1000,0
2024-01-17 13:06:51.38836,11,1000,0
2024-01-17 13:06:51.38847,11,1000,0
2024-01-17 13:06:51.38862,11,1000,0
2024-01-17 13:06:51.38881,11,1000,0
2024-01-17 13:06:51.38888,11,1000,0
2024-01-17 13:06:51.38899,11,1000,0
2024-01-17 13:06:51.38907,11,1000,0
2024-01-17 13:06:51.38916,11,1000,0
2024-01-17 13:06:51.38925,11,1000,0
2024-01-17 13:06:51.38934,11,1000,0
2024-01-17 13:06:51.38943,11,1000,0
2024-01-17 13:06:51.38954,11,1000,0
2024-01-17 13:06:51.38968,11,1000,0
2024-01-17 13:06:51.39013,11,1000,0
2024-01-17 13:06:51.39031,11,1000,0
2024-01-17 13:06:51.39069,11,1000,0
2024-01-17 13:06:51.39100,11,1000,0
2024-01-17 13:06:51.39125,11,1000,0
2024-01-17 13:06:51.39143,11,1000,0
2024-01-17 13:06:51.39158,11,1000,0
2024-01-17 13:06:51.39180,11,1000,0
2024-01-17 13:06:51.39198,11,1000,0
2024-01-17 13:06:51.39213,11,1000,0
2024-01-17 13:06:51.39228,11,1000,0
2024-01-17 13:06:51.39245,11,1000,0
2024-01-17 13:06:51.39261,11,1000,0
2024-01-17 13:06:51.39278,11,1000,0
2024-01-17 13:06:51.39292,11,1000,0
2024-01-17 13:06:51.39308,11,1000,0
2024-01-17 13:06:51.39323,11,1000,0
2024-01-17 13:06:51.39339,11,1000,0
2024-01-17 13:06:51.39355,11,1000,0
2024-01-17 13:06:51.39371,11,1000,0
2024-01-17 13:06:51.39388,11,1000,0
2024-01-17 13:06:51.39400,11,1000,0
2024-01-17 13:06:51.39416,11,1000,0
2024-01-17 13:06:51.39428,11,1000,0
2024-01-17 13:06:51.39440,11,1000,0
2024-01-17 13:06:51.39461,11,1000,0
2024-01-17 13:06:51.39486,11,1000,0
2024-01-17 13:06:51.39509,11,1000,0
2024-01-17 13:06:51.39525,11,1000,0
2024-01-17 13:06:51.39537,11,1000,0
2024-01-17 13:06:51.39567,11,1000,0
2024-01-17 13:06:51.39586,11,1000,0
2024-01-17 13:06:51.39605,11,1000,0
2024-01-17 13:06:51.39638,11,1000,0
2024-01-17 13:06:51.39673,11,1000,0
2024-01-17 13:06:51.39705,11,1000,0
2024-01-17 13:06:51.39738,11,1000,0
2024-01-17 13:06:51.39758,11,1000,0
2024-01-17 13:06:51.39787,11,1000,0
2024-01-17 13:06:51.39807,11,1000,0
2024-01-17 13:06:51.39829,11,1000,0
2024-01-17 13:06:51.39839,11,1000,0
2024-01-17 13:06:51.39849,11,1000,0
2024-01-17 13:06:51.39859,11,1000,0
2024-01-17 13:06:51.39869,11,1000,0
2024-01-17 13:06:51.39881,11,1000,0
2024-01-17 13:06:51.39892,11,1000,0
2024-01-17 13:06:51.39902,11,1000,0
2024-01-17 13:06:51.39910,11,1000,0
2024-01-17 13:06:51.39923,11,1000,0
2024-01-17 13:06:51.39934,11,1000,0
2024-01-17 13:06:51.39947,11,1000,0
2024-01-17 13:06:51.39956,11,1000,0
2024-01-17 13:06:51.39972,11,1000,0
2024-01-17 13:06:51.39988,11,1000,0
2024-01-17 13:06:51.39998,11,1000,0
2024-01-17 13:06:51.40009,11,1000,0
2024-01-17 13:06:51.40019,11,1000,0
2024-01-17 13:06:51.40033,11,1000,0
2024-01-17 13:06:51.40042,11,1000,0
2024-01-17 13:06:51.40054,11,1000,0
2024-01-17 13:06:51.40065,11,1000,0
2024-01-17 13:06:51.40076,11,1000,0
2024-01-17 13:06:51.40086,11,1000,0
2024-01-17 13:06:51.40112,11,1000,0
2024-01-17 13:06:51.40130,11,1000,0
2024-01-17 13:06:51.40146,11,1000,0
2024-01-17 13:06:51.40163,11,1000,0
2024-01-17 13:06:51.40177,11,1000,0
2024-01-17 13:06:51.40187,11,1000,0
2024-01-17 13:06:51.40196,11,1000,0
2024-01-17 13:06:51.40215,11,1000,0
2024-01-17 13:06:51.40234,11,1000,0
2024-01-17 13:06:51.40260,11,1000,0
2024-01-17 13:06:51.40280,11,1000,0
2024-01-17 13:06:51.40291,11,1000,0
2024-01-17 13:06:51.40305,11,1000,0
2024-01-17 13:06:51.40316,11,1000,0
2024-01-17 13:06:51.40326,11,1000,0
2024-01-17 13:06:51.40338,11,1000,0
2024-01-17 13:06:51.40348,11,1000,0
2024-01-17 13:06:51.40361,11,1000,0
2024-01-17 13:06:51.40374,11,1000,0
2024-01-17 13:06:51.40383,11,1000,0
2024-01-17 13:06:51.40392,11,1000,0
2024-01-17 13:06:51.40400,11,1000,0
2024-01-17 13:06:51.40421,11,1000,0
2024-01-17 13:06:51.40431,11,1000,0
2024-01-17 13:06:51.40448,11,1000,0
2024-01-17 13:06:51.40459,11,1000,0
2024-01-17 13:06:51.40467,11,1000,0
2024-01-17 13:06:51.40477,11,1000,0
2024-01-17 13:06:51.40487,11,1000,0
2024-01-17 13:06:51.40502,11,1000,0
2024-01-17 13:06:51.40512,11,1000,0
2024-01-17 13:06:51.40526,11,1000,0
2024-01-17 13:06:51.40543,11,1000,0
2024-01-17 13:06:51.40551,11,1000,0
2024-01-17 13:06:51.40559,11,1000,0
2024-01-17 13:06:51.40571,11,1000,0
2024-01-17 13:06:51.40589,11,1000,0
2024-01-17 13:06:51.40608,11,1000,0
2024-01-17 13:06:51.40624,11,1000,0
2024-01-17 13:06:51.40642,11,1000,0
2024-01-17 13:06:51.40659,11,1000,0
2024-01-17 13:06:51.40675,11,1000,0
2024-01-17 13:06:51.40688,11,1000,0
2024-01-17 13:06:51.40704,11,1000,0
2024-01-17 13:06:51.40721,11,1000,0
2024-01-17 13:06:51.40739,11,1000,0
2024-01-17 13:06:51.40753,11,1000,0
2024-01-17 13:06:51.40768,11,1000,0
2024-01-17 13:06:51.40785,11,1000,0
2024-01-17 13:06:51.40799,11,1000,0
2024-01-17 13:06:51.40813,11,1000,0
2024-01-17 13:06:51.40826,11,1000,0
2024-01-17 13:06:51.40840,11,1000,0
2024-01-17 13:06:51.40853,11,1000,0
2024-01-17 13:06:51.40861,11,1000,0
2024-01-17 13:06:51.40869,11,1000,0
2024-01-17 13:06:51.40882,11,1000,0
2024-01-17 13:06:51.40889,11,1000,0
2024-01-17 13:06:51.40898,11,1000,0
2024-01-17 13:06:51.40906,11,1000,0
2024-01-17 13:06:51.40916,11,1000,0
2024-01-17 13:06:51.40931,11,1000,0
2024-01-17 13:06:51.40943,11,1000,0
2024-01-17 13:06:51.40955,11,1000,0
2024-01-17 13:06:51.40964,11,1000,0
2024-01-17 13:06:51.40973,11,1000,0
2024-01-17 13:06:51.40987,11,1000,0
2024-01-17 13:06:51.40998,11,1000,0
2024-01-17 13:06:51.41005,11,1000,0
2024-01-17 13:06:51.41013,11,1000,0
2024-01-17 13:06:51.41020,11,1000,0
2024-01-17 13:06:51.41028,11,1000,0
2024-01-17 13:06:51.41037,11,1000,0
2024-01-17 13:06:51.41046,11,1000,0
2024-01-17 13:06:51.41062,11,1000,0
2024-01-17 13:06:51.41075,11,1000,0
2024-01-17 13:06:51.41089,11,1000,0
2024-01-17 13:06:51.41095,11,1000,0
2024-01-17 13:06:51.41105,11,1000,0
2024-01-17 13:06:51.41113,11,1000,0
2024-01-17 13:06:51.41122,11,1000,0
2024-01-17 13:06:51.41134,11,1000,0
2024-01-17 13:06:51.41143,11,1000,0
2024-01-17 13:06:51.41158,11,1000,0
2024-01-17 13:06:51.41171,11,1000,0
2024-01-17 13:06:51.41179,11,1000,0
2024-01-17 13:06:51.41186,11,1000,0
2024-01-17 13:06:51.41204,11,1000,0
2024-01-17 13:06:51.41218,11,1000,0
2024-01-17 13:06:51.41227,11,1000,0
2024-01-17 13:06:51.41235,11,1000,0
2024-01-17 13:06:51.41242,11,1000,0
2024-01-17 13:06:51.41252,11,1000,0
2024-01-17 13:06:51.41262,11,1000,0
2024-01-17 13:06:51.41271,11,1000,0
2024-01-17 13:06:51.41284,11,1000,0
2024-01-17 13:06:51.41297,11,1000,0
2024-01-17 13:06:51.41324,11,1000,0
2024-01-17 13:06:51.41345,11,1000,0
2024-01-17 13:06:51.41361,11,1000,0
2024-01-17 13:06:51.41378,11,1000,0
2024-01-17 13:06:51.41401,11,1000,0
2024-01-17 13:06:51.41411,11,1000,0
2024-01-17 13:06:51.41420,11,1000,0
2024-01-17 13:06:51.41430,11,1000,0
2024-01-17 13:06:51.41441,11,1000,0
2024-01-17 13:06:51.41449,11,1000,0
2024-01-17 13:06:51.41456,11,1000,0
2024-01-17 13:06:51.41463,11,1000,0
2024-01-17 13:06:51.41471,11,1000,0
2024-01-17 13:06:51.41478,11,1000,0
2024-01-17 13:06:51.41486,11,1000,0
2024-01-17 13:06:51.41495,11,1000,0
2024-01-17 13:06:51.41509,11,1000,0
2024-01-17 13:06:51.41520,11,1000,0
2024-01-17 13:06:51.41539,11,1000,0
2024-01-17 13:06:51.41557,11,1000,0
2024-01-17 13:06:51.41566,11,1000,0
2024-01-17 13:06:51.41575,11,1000,0
2024-01-17 13:06:51.41586,11,1000,0
2024-01-17 13:06:51.41619,11,1000,0
2024-01-17 13:06:51.41634,11,1000,0
2024-01-17 13:06:51.41646,11,1000,0
2024-01-17 13:06:51.41656,11,1000,0
2024-01-17 13:06:51.41666,11,1000,0
2024-01-17 13:06:51.41675,11,1000,0
2024-01-17 13:06:51.41685,11,1000,0
2024-01-17 13:06:51.41694,11,1000,0
2024-01-17 13:06:51.41701,11,1000,0
2024-01-17 13:06:51.41724,11,1000,0
2024-01-17 13:06:51.41736,11,1000,0
2024-01-17 13:06:51.41745,11,1000,0
2024-01-17 13:06:51.41790,11,1000,0
2024-01-17 13:06:51.41808,11,1000,0
2024-01-17 13:06:51.41821,11,1000,0
2024-01-17 13:06:51.41836,11,1000,0
2024-01-17 13:06:51.41847,11,1000,0
2024-01-17 13:06:51.41862,11,1000,0
2024-01-17 13:06:51.41870,11,1000,0
2024-01-17 13:06:51.41878,11,1000,0
2024-01-17 13:06:51.41886,11,1000,0
2024-01-17 13:06:51.41896,11,1000,0
2024-01-17 13:06:51.41904,11,1000,0
2024-01-17 13:06:51.41913,11,1000,0
2024-01-17 13:06:51.41928,11,1000,0
2024-01-17 13:06:51.41935,11,1000,0
2024-01-17 13:06:51.41945,11,1000,0
2024-01-17 13:06:51.41955,11,1000,0
2024-01-17 13:06:51.41965,11,1000,0
2024-01-17 13:06:51.41973,11,1000,0
2024-01-17 13:06:51.41986,11,1000,0
2024-01-17 13:06:51.41995,11,1000,0
2024-01-17 13:06:51.42004,11,1000,0
2024-01-17 13:06:51.42013,11,1000,0
2024-01-17 13:06:51.42021,11,1000,0
2024-01-17 13:06:51.42030,11,1000,0
2024-01-17 13:06:51.42040,11,1000,0
2024-01-17 13:06:51.42050,11,1000,0
2024-01-17 13:06:51.42059,11,1000,0
2024-01-17 13:06:51.42069,11,1000,0
2024-01-17 13:06:51.42077,11,1000,0
2024-01-17 13:06:51.42087,11,1000,0
2024-01-17 13:06:51.42098,11,1000,0
2024-01-17 13:06:51.42105,11,1000,0
2024-01-17 13:06:51.42117,11,1000,0
2024-01-17 13:06:51.42131,11,1000,0
2024-01-17 13:06:51.42146,11,1000,0
2024-01-17 13:06:51.42154,11,1000,0
2024-01-17 13:06:51.42163,11,1000,0
2024-01-17 13:06:51.42171,11,1000,0
2024-01-17 13:06:51.42179,11,1000,0
2024-01-17 13:06:51.42190,11,1000,0
2024-01-17 13:06:51.42197,11,1000,0
2024-01-17 13:06:51.42206,11,1000,0
2024-01-17 13:06:51.42215,11,1000,0
2024-01-17 13:06:51.42222,11,1000,0
2024-01-17 13:06:51.42241,11,1000,0
2024-01-17 13:06:51.42256,11,1000,0
2024-01-17 13:06:51.42264,11,1000,0
2024-01-17 13:06:51.42273,11,1000,0
2024-01-17 13:06:51.42282,11,1000,0
2024-01-17 13:06:51.42288,11,1000,0
2024-01-17 13:06:51.42297,11,1000,0
2024-01-17 13:06:51.42303,11,1000,0
2024-01-17 13:06:51.42315,11,1000,0
2024-01-17 13:06:51.42322,11,1000,0
2024-01-17 13:06:51.42329,11,1000,0
2024-01-17 13:06:51.42335,11,1000,0
2024-01-17 13:06:51.42342,11,1000,0
2024-01-17 13:06:51.42349,11,1000,0
2024-01-17 13:06:51.42360,11,1000,0
2024-01-17 13:06:51.42369,11,1000,0
2024-01-17 13:06:51.42376,11,1000,0
2024-01-17 13:06:51.42385,11,1000,0
2024-01-17 13:06:51.42394,11,1000,0
2024-01-17 13:06:51.42402,11,1000,0
2024-01-17 13:06:51.42410,11,1000,0
2024-01-17 13:06:51.42416,11,1000,0
2024-01-17 13:06:51.42424,11,1000,0
2024-01-17 13:06:51.42430,11,1000,0
2024-01-17 13:06:51.42438,11,1000,0
2024-01-17 13:06:51.42445,11,1000,0
2024-01-17 13:06:51.42455,11,1000,0
2024-01-17 13:06:51.42471,11,1000,0
2024-01-17 13:06:51.42486,11,1000,0
2024-01-17 13:06:51.42494,11,1000,0
2024-01-17 13:06:51.42501,11,1000,0
2024-01-17 13:06:51.42511,11,1000,0
2024-01-17 13:06:51.42518,11,1000,0
2024-01-17 13:06:51.42526,11,1000,0
2024-01-17 13:06:51.42532,11,1000,0
2024-01-17 13:06:51.42539,11,1000,0
2024-01-17 13:06:51.42547,11,1000,0
2024-01-17 13:06:51.42571,11,1000,0
2024-01-17 13:06:51.42579,11,1000,0
2024-01-17 13:06:51.42591,11,1000,0
2024-01-17 13:06:51.42613,11,1000,0
2024-01-17 13:06:51.42639,11,1000,0
2024-01-17 13:06:51.42655,11,1000,0
2024-01-17 13:06:51.42674,11,1000,0
2024-01-17 13:06:51.42706,11,1000,0
2024-01-17 13:06:51.42727,11,1000,0
2024-01-17 13:06:51.42743,11,1000,0
2024-01-17 13:06:51.42756,11,1000,0
2024-01-17 13:06:51.42767,11,1000,0
2024-01-17 13:06:51.42933,11,1000,0
2024-01-17 13:06:51.42952,11,1000,0
2024-01-17 13:06:51.42975,11,1000,0
2024-01-17 13:06:51.42990,11,1000,0
2024-01-17 13:06:51.43022,11,1000,0
2024-01-17 13:06:51.43038,11,1000,0
2024-01-17 13:06:51.43049,11,1000,0
2024-01-17 13:06:51.43057,11,1000,0
2024-01-17 13:06:51.43063,11,1000,0
2024-01-17 13:06:51.43069,11,1000,0
2024-01-17 13:06:51.43075,11,1000,0
2024-01-17 13:06:51.43088,11,1000,0
2024-01-17 13:06:51.43094,11,1000,0
2024-01-17 13:06:51.43100,11,1000,0
2024-01-17 13:06:51.43107,11,1000,0
2024-01-17 13:06:51.43112,11,1000,0
2024-01-17 13:06:51.43119,11,1000,0
2024-01-17 13:06:51.43126,11,1000,0
2024-01-17 13:06:51.43132,11,1000,0
2024-01-17 13:06:51.43138,11,1000,0
2024-01-17 13:06:51.43147,11,1000,0
2024-01-17 13:06:51.43153,11,1000,0
2024-01-17 13:06:51.43161,11,1000,0
2024-01-17 13:06:51.43167,11,1000,0
2024-01-17 13:06:51.43174,11,1000,0
2024-01-17 13:06:51.43181,11,1000,0
2024-01-17 13:06:51.43187,11,1000,0
2024-01-17 13:06:51.43193,11,1000,0
2024-01-17 13:06:51.43200,11,1000,0
2024-01-17 13:06:51.43206,11,1000,0
2024-01-17 13:06:51.43212,11,1000,0
2024-01-17 13:06:51.43220,11,1000,0
2024-01-17 13:06:51.43228,11,1000,0
2024-01-17 13:06:51.43239,11,1000,0
2024-01-17 13:06:51.43244,11,1000,0
2024-01-17 13:06:51.43251,11,1000,0
2024-01-17 13:06:51.43258,11,1000,0
2024-01-17 13:06:51.43265,11,1000,0
2024-01-17 13:06:51.43273,11,1000,0
2024-01-17 13:06:51.43280,11,1000,0
2024-01-17 13:06:51.43288,11,1000,0
2024-01-17 13:06:51.43296,11,1000,0
2024-01-17 13:06:51.43305,11,1000,0
2024-01-17 13:06:51.43312,11,1000,0
2024-01-17 13:06:51.43318,11,1000,0
2024-01-17 13:06:51.43324,11,1000,0
2024-01-17 13:06:51.43338,11,1000,0
2024-01-17 13:06:51.43348,11,1000,0
2024-01-17 13:06:51.43356,11,1000,0
2024-01-17 13:06:51.43363,11,1000,0
2024-01-17 13:06:51.43369,11,1000,0
2024-01-17 13:06:51.43376,11,1000,0
2024-01-17 13:06:51.43389,11,1000,0
2024-01-17 13:06:51.43404,11,1000,0
2024-01-17 13:06:51.43413,11,1000,0
2024-01-17 13:06:52.30503,12,1000,0
2024-01-17 13:06:52.30521,12,1000,0
2024-01-17 13:06:52.30532,12,1000,0
2024-01-17 13:06:52.30549,12,1000,0
2024-01-17 13:06:52.30556,12,1000,0
2024-01-17 13:06:52.30562,12,1000,0
2024-01-17 13:06:52.30569,12,1000,0
2024-01-17 13:06:52.30575,12,1000,0
2024-01-17 13:06:52.30584,12,1000,0
2024-01-17 13:06:52.30591,12,1000,0
2024-01-17 13:06:52.30600,12,1000,0
2024-01-17 13:06:52.30609,12,1000,0
2024-01-17 13:06:52.30617,12,1000,0
2024-01-17 13:06:52.30626,12,1000,0
2024-01-17 13:06:52.30634,12,1000,0
2024-01-17 13:06:52.30641,12,1000,0
2024-01-17 13:06:52.30648,12,1000,0
2024-01-17 13:06:52.30657,12,1000,0
2024-01-17 13:06:52.30665,12,1000,0
2024-01-17 13:06:52.30672,12,1000,0
2024-01-17 13:06:52.30678,12,1000,0
2024-01-17 13:06:52.30686,12,1000,0
2024-01-17 13:06:52.30703,12,1000,0
2024-01-17 13:06:52.30715,12,1000,0
2024-01-17 13:06:52.30726,12,1000,0
2024-01-17 13:06:52.30741,12,1000,0
2024-01-17 13:06:52.30752,12,1000,0
2024-01-17 13:06:52.30768,12,1000,0
2024-01-17 13:06:52.30779,12,1000,0
2024-01-17 13:06:52.30791,12,1000,0
2024-01-17 13:06:52.30801,12,1000,0
2024-01-17 13:06:52.30812,12,1000,0
2024-01-17 13:06:52.30828,12,1000,0
2024-01-17 13:06:52.30841,12,1000,0
2024-01-17 13:06:52.30852,12,1000,0
2024-01-17 13:06:52.30861,12,1000,0
2024-01-17 13:06:52.30870,12,1000,0
2024-01-17 13:06:52.30876,12,1000,0
2024-01-17 13:06:52.30883,12,1000,0
2024-01-17 13:06:52.30890,12,1000,0
2024-01-17 13:06:52.30897,12,1000,0
2024-01-17 13:06:52.30903,12,1000,0
2024-01-17 13:06:52.30910,12,1000,0
2024-01-17 13:06:52.30918,12,1000,0
2024-01-17 13:06:52.30927,12,1000,0
2024-01-17 13:06:52.30935,12,1000,0
2024-01-17 13:06:52.30944,12,1000,0
2024-01-17 13:06:52.30957,12,1000,0
2024-01-17 13:06:52.30972,12,1000,0
2024-01-17 13:06:52.30984,12,1000,0
2024-01-17 13:06:52.30999,12,1000,0
2024-01-17 13:06:52.31014,12,1000,0
2024-01-17 13:06:52.31027,12,1000,0
2024-01-17 13:06:52.31039,12,1000,0
2024-01-17 13:06:52.31051,12,1000,0
2024-01-17 13:06:52.31063,12,1000,0
2024-01-17 13:06:52.31075,12,1000,0
2024-01-17 13:06:52.31086,12,1000,0
2024-01-17 13:06:52.31103,12,1000,0
2024-01-17 13:06:52.31118,12,1000,0
2024-01-17 13:06:52.31135,12,1000,0
2024-01-17 13:06:52.31144,12,1000,0
2024-01-17 13:06:52.31150,12,1000,0
2024-01-17 13:06:52.31162,12,1000,0
2024-01-17 13:06:52.31169,12,1000,0
2024-01-17 13:06:52.31178,12,1000,0
2024-01-17 13:06:52.31186,12,1000,0
2024-01-17 13:06:52.31204,12,1000,0
2024-01-17 13:06:52.31216,12,1000,0
2024-01-17 13:06:52.31224,12,1000,0
2024-01-17 13:06:52.31235,12,1000,0
2024-01-17 13:06:52.31242,12,1000,0
2024-01-17 13:06:52.31253,12,1000,0
2024-01-17 13:06:52.31262,12,1000,0
2024-01-17 13:06:52.31272,12,1000,0
2024-01-17 13:06:52.31280,12,1000,0
2024-01-17 13:06:52.31295,12,1000,0
2024-01-17 13:06:52.31302,12,1000,0
2024-01-17 13:06:52.31310,12,1000,0
2024-01-17 13:06:52.31317,12,1000,0
2024-01-17 13:06:52.31333,12,1000,0
2024-01-17 13:06:52.31341,12,1000,0
2024-01-17 13:06:52.31354,12,1000,0
2024-01-17 13:06:52.31362,12,1000,0
2024-01-17 13:06:52.31371,12,1000,0
2024-01-17 13:06:52.31379,12,1000,0
2024-01-17 13:06:52.31391,12,1000,0
2024-01-17 13:06:52.31408,12,1000,0
2024-01-17 13:06:52.31419,12,1000,0
2024-01-17 13:06:52.31429,12,1000,0
2024-01-17 13:06:52.31437,12,1000,0
2024-01-17 13:06:52.31445,12,1000,0
2024-01-17 13:06:52.31478,12,1000,0
2024-01-17 13:06:52.31485,12,1000,0
2024-01-17 13:06:52.31492,12,1000,0
2024-01-17 13:06:52.31500,12,1000,0
2024-01-17 13:06:52.31509,12,1000,0
2024-01-17 13:06:52.31517,12,1000,0
2024-01-17 13:06:52.31524,12,1000,0
2024-01-17 13:06:52.31533,12,1000,0
2024-01-17 13:06:52.31543,12,1000,0
2024-01-17 13:06:52.31551,12,1000,0
2024-01-17 13:06:52.31557,12,1000,0
2024-01-17 13:06:52.31564,12,1000,0
2024-01-17 13:06:52.31573,12,1000,0
2024-01-17 13:06:52.31580,12,1000,0
2024-01-17 13:06:52.31588,12,1000,0
2024-01-17 13:06:52.31597,12,1000,0
2024-01-17 13:06:52.31609,12,1000,0
2024-01-17 13:06:52.31616,12,1000,0
2024-01-17 13:06:52.31626,12,1000,0
2024-01-17 13:06:52.31635,12,1000,0
2024-01-17 13:06:52.31642,12,1000,0
2024-01-17 13:06:52.31653,12,1000,0
2024-01-17 13:06:52.31662,12,1000,0
2024-01-17 13:06:52.31671,12,1000,0
2024-01-17 13:06:52.31681,12,1000,0
2024-01-17 13:06:52.31688,12,1000,0
2024-01-17 13:06:52.31698,12,1000,0
2024-01-17 13:06:52.31708,12,1000,0
2024-01-17 13:06:52.31715,12,1000,0
2024-01-17 13:06:52.31727,12,1000,0
2024-01-17 13:06:52.31736,12,1000,0
2024-01-17 13:06:52.31746,12,1000,0
2024-01-17 13:06:52.31755,12,1000,0
2024-01-17 13:06:52.31762,12,1000,0
2024-01-17 13:06:52.31772,12,1000,0
2024-01-17 13:06:52.31779,12,1000,0
2024-01-17 13:06:52.31786,12,1000,0
2024-01-17 13:06:52.31794,12,1000,0
2024-01-17 13:06:52.31802,12,1000,0
2024-01-17 13:06:52.31815,12,1000,0
2024-01-17 13:06:52.31824,12,1000,0
2024-01-17 13:06:52.31832,12,1000,0
2024-01-17 13:06:52.31856,12,1000,0
2024-01-17 13:06:52.31863,12,1000,0
2024-01-17 13:06:52.31871,12,1000,0
2024-01-17 13:06:52.31879,12,1000,0
2024-01-17 13:06:52.31888,12,1000,0
2024-01-17 13:06:52.31896,12,1000,0
2024-01-17 13:06:52.31929,12,1000,0
2024-01-17 13:06:52.31940,12,1000,0
2024-01-17 13:06:52.31953,12,1000,0
2024-01-17 13:06:52.31962,12,1000,0
2024-01-17 13:06:52.31971,12,1000,0
2024-01-17 13:06:52.31986,12,1000,0
2024-01-17 13:06:52.31994,12,1000,0
2024-01-17 13:06:52.32004,12,1000,0
2024-01-17 13:06:52.32013,12,1000,0
2024-01-17 13:06:52.32021,12,1000,0
2024-01-17 13:06:52.32029,12,1000,0
2024-01-17 13:06:52.32041,12,1000,0
2024-01-17 13:06:52.32057,12,1000,0
2024-01-17 13:06:52.32066,12,1000,0
2024-01-17 13:06:52.32075,12,1000,0
2024-01-17 13:06:52.32083,12,1000,0
2024-01-17 13:06:52.32092,12,1000,0
2024-01-17 13:06:52.32102,12,1000,0
2024-01-17 13:06:52.32111,12,1000,0
2024-01-17 13:06:52.32119,12,1000,0
2024-01-17 13:06:52.32126,12,1000,0
2024-01-17 13:06:52.32135,12,1000,0
2024-01-17 13:06:52.32142,12,1000,0
2024-01-17 13:06:52.32149,12,1000,0
2024-01-17 13:06:52.32156,12,1000,0
2024-01-17 13:06:52.32163,12,1000,0
2024-01-17 13:06:52.32171,12,1000,0
2024-01-17 13:06:52.32180,12,1000,0
2024-01-17 13:06:52.32189,12,1000,0
2024-01-17 13:06:52.32199,12,1000,0
2024-01-17 13:06:52.32207,12,1000,0
2024-01-17 13:06:52.32215,12,1000,0
2024-01-17 13:06:52.32222,12,1000,0
2024-01-17 13:06:52.32230,12,1000,0
2024-01-17 13:06:52.32239,12,1000,0
2024-01-17 13:06:52.32253,12,1000,0
2024-01-17 13:06:52.32262,12,1000,0
2024-01-17 13:06:52.32273,12,1000,0
2024-01-17 13:06:52.32283,12,1000,0
2024-01-17 13:06:52.32291,12,1000,0
2024-01-17 13:06:52.32303,12,1000,0
2024-01-17 13:06:52.32313,12,1000,0
2024-01-17 13:06:52.32323,12,1000,0
2024-01-17 13:06:52.32332,12,1000,0
2024-01-17 13:06:52.32340,12,1000,0
2024-01-17 13:06:52.32347,12,1000,0
2024-01-17 13:06:52.32374,12,1000,0
2024-01-17 13:06:52.32387,12,1000,0
2024-01-17 13:06:52.32397,12,1000,0
2024-01-17 13:06:52.32405,12,1000,0
2024-01-17 13:06:52.32413,12,1000,0
2024-01-17 13:06:52.32421,12,1000,0
2024-01-17 13:06:52.32430,12,1000,0
2024-01-17 13:06:52.32444,12,1000,0
2024-01-17 13:06:52.32455,12,1000,0
2024-01-17 13:06:52.32461,12,1000,0
2024-01-17 13:06:52.32471,12,1000,0
2024-01-17 13:06:52.32481,12,1000,0
2024-01-17 13:06:52.32489,12,1000,0
2024-01-17 13:06:52.32500,12,1000,0
2024-01-17 13:06:52.32509,12,1000,0
2024-01-17 13:06:52.32518,12,1000,0
2024-01-17 13:06:52.32527,12,1000,0
2024-01-17 13:06:52.32535,12,1000,0
2024-01-17 13:06:52.32543,12,1000,0
2024-01-17 13:06:52.32556,12,1000,0
2024-01-17 13:06:52.32564,12,1000,0
2024-01-17 13:06:52.32575,12,1000,0
2024-01-17 13:06:52.32585,12,1000,0
2024-01-17 13:06:52.32594,12,1000,0
2024-01-17 13:06:52.32604,12,1000,0
2024-01-17 13:06:52.32612,12,1000,0
2024-01-17 13:06:52.32621,12,1000,0
2024-01-17 13:06:52.32630,12,1000,0
2024-01-17 13:06:52.32637,12,1000,0
2024-01-17 13:06:52.32647,12,1000,0
2024-01-17 13:06:52.32655,12,1000,0
2024-01-17 13:06:52.32664,12,1000,0
2024-01-17 13:06:52.32677,12,1000,0
2024-01-17 13:06:52.32684,12,1000,0
2024-01-17 13:06:52.32691,12,1000,0
2024-01-17 13:06:52.32699,12,1000,0
2024-01-17 13:06:52.32707,12,1000,0
2024-01-17 13:06:52.32716,12,1000,0
2024-01-17 13:06:52.32724,12,1000,0
2024-01-17 13:06:52.32732,12,1000,0
2024-01-17 13:06:52.32741,12,1000,0
2024-01-17 13:06:52.32751,12,1000,0
2024-01-17 13:06:52.32760,12,1000,0
2024-01-17 13:06:52.32770,12,1000,0
2024-01-17 13:06:52.32779,12,1000,0
2024-01-17 13:06:52.32789,12,1000,0
2024-01-17 13:06:52.32807,12,1000,0
2024-01-17 13:06:52.32830,12,1000,0
2024-01-17 13:06:52.32845,12,1000,0
2024-01-17 13:06:52.32853,12,1000,0
2024-01-17 13:06:52.32861,12,1000,0
2024-01-17 13:06:52.32869,12,1000,0
2024-01-17 13:06:52.32878,12,1000,0
2024-01-17 13:06:52.32890,12,1000,0
2024-01-17 13:06:52.32900,12,1000,0
2024-01-17 13:06:52.32908,12,1000,0
2024-01-17 13:06:52.32916,12,1000,0
2024-01-17 13:06:52.32928,12,1000,0
2024-01-17 13:06:52.32936,12,1000,0
2024-01-17 13:06:52.32954,12,1000,0
2024-01-17 13:06:52.32967,12,1000,0
2024-01-17 13:06:52.32975,12,1000,0
2024-01-17 13:06:52.32983,12,1000,0
2024-01-17 13:06:52.32994,12,1000,0
2024-01-17 13:06:52.33014,12,1000,0
2024-01-17 13:06:52.33027,12,1000,0
2024-01-17 13:06:52.33038,12,1000,0
2024-01-17 13:06:52.33066,12,1000,0
2024-01-17 13:06:52.33072,12,1000,0
2024-01-17 13:06:52.33080,12,1000,0
2024-01-17 13:06:52.33086,12,1000,0
2024-01-17 13:06:52.33104,12,1000,0
2024-01-17 13:06:52.33121,12,1000,0
2024-01-17 13:06:52.33129,12,1000,0
2024-01-17 13:06:52.33148,12,1000,0
2024-01-17 13:06:52.33159,12,1000,0
2024-01-17 13:06:52.33170,12,1000,0
2024-01-17 13:06:52.33177,12,1000,0
2024-01-17 13:06:52.33183,12,1000,0
2024-01-17 13:06:52.33192,12,1000,0
2024-01-17 13:06:52.33205,12,1000,0
2024-01-17 13:06:52.33225,12,1000,0
2024-01-17 13:06:52.33233,12,1000,0
2024-01-17 13:06:52.33241,12,1000,0
2024-01-17 13:06:52.33249,12,1000,0
2024-01-17 13:06:52.33262,12,1000,0
2024-01-17 13:06:52.33271,12,1000,0
2024-01-17 13:06:52.33278,12,1000,0
2024-01-17 13:06:52.33287,12,1000,0
2024-01-17 13:06:52.33293,12,1000,0
2024-01-17 13:06:52.33306,12,1000,0
2024-01-17 13:06:52.33315,12,1000,0
2024-01-17 13:06:52.33325,12,1000,0
2024-01-17 13:06:52.33334,12,1000,0
2024-01-17 13:06:52.33343,12,1000,0
2024-01-17 13:06:52.33351,12,1000,0
2024-01-17 13:06:52.33360,12,1000,0
2024-01-17 13:06:52.33371,12,1000,0
2024-01-17 13:06:52.33382,12,1000,0
2024-01-17 13:06:52.33393,12,1000,0
2024-01-17 13:06:52.33401,12,1000,0
2024-01-17 13:06:52.33409,12,1000,0
2024-01-17 13:06:52.33418,12,1000,0
2024-01-17 13:06:52.33431,12,1000,0
2024-01-17 13:06:52.33444,12,1000,0
2024-01-17 13:06:52.33455,12,1000,0
2024-01-17 13:06:52.33465,12,1000,0
2024-01-17 13:06:52.33476,12,1000,0
2024-01-17 13:06:52.33483,12,1000,0
2024-01-17 13:06:52.33493,12,1000,0
2024-01-17 13:06:52.33504,12,1000,0
2024-01-17 13:06:52.33512,12,1000,0
2024-01-17 13:06:52.33524,12,1000,0
2024-01-17 13:06:52.33531,12,1000,0
2024-01-17 13:06:52.33541,12,1000,0
2024-01-17 13:06:52.33551,12,1000,0
2024-01-17 13:06:52.33558,12,1000,0
2024-01-17 13:06:52.33568,12,1000,0
2024-01-17 13:06:52.33578,12,1000,0
2024-01-17 13:06:52.33588,12,1000,0
2024-01-17 13:06:52.33595,12,1000,0
2024-01-17 13:06:52.33604,12,1000,0
2024-01-17 13:06:52.33611,12,1000,0
2024-01-17 13:06:52.33619,12,1000,0
2024-01-17 13:06:52.33630,12,1000,0
2024-01-17 13:06:52.33638,12,1000,0
2024-01-17 13:06:52.33650,12,1000,0
2024-01-17 13:06:52.33659,12,1000,0
2024-01-17 13:06:52.33670,12,1000,0
2024-01-17 13:06:52.33680,12,1000,0
2024-01-17 13:06:52.33690,12,1000,0
2024-01-17 13:06:52.33705,12,1000,0
2024-01-17 13:06:52.33714,12,1000,0
2024-01-17 13:06:52.33726,12,1000,0
2024-01-17 13:06:52.33739,12,1000,0
2024-01-17 13:06:52.33750,12,1000,0
2024-01-17 13:06:52.33770,12,1000,0
2024-01-17 13:06:52.33783,12,1000,0
2024-01-17 13:06:52.33802,12,1000,0
2024-01-17 13:06:52.33816,12,1000,0
2024-01-17 13:06:52.33828,12,1000,0
2024-01-17 13:06:52.33838,12,1000,0
2024-01-17 13:06:52.33847,12,1000,0
2024-01-17 13:06:52.33857,12,1000,0
2024-01-17 13:06:52.33866,12,1000,0
2024-01-17 13:06:52.33882,12,1000,0
2024-01-17 13:06:52.33890,12,1000,0
2024-01-17 13:06:52.33902,12,1000,0
2024-01-17 13:06:52.33916,12,1000,0
2024-01-17 13:06:52.33929,12,1000,0
2024-01-17 13:06:52.33947,12,1000,0
2024-01-17 13:06:52.33961,12,1000,0
2024-01-17 13:06:52.33970,12,1000,0
2024-01-17 13:06:52.33980,12,1000,0
2024-01-17 13:06:52.33989,12,1000,0
2024-01-17 13:06:52.33999,12,1000,0
2024-01-17 13:06:52.34009,12,1000,0
2024-01-17 13:06:52.34017,12,1000,0
2024-01-17 13:06:52.34025,12,1000,0
2024-01-17 13:06:52.34033,12,1000,0
2024-01-17 13:06:52.34040,12,1000,0
2024-01-17 13:06:52.34047,12,1000,0
2024-01-17 13:06:52.34056,12,1000,0
2024-01-17 13:06:52.34063,12,1000,0
2024-01-17 13:06:52.34073,12,1000,0
2024-01-17 13:06:52.34082,12,1000,0
2024-01-17 13:06:52.34090,12,1000,0
2024-01-17 13:06:52.34103,12,1000,0
2024-01-17 13:06:52.34112,12,1000,0
2024-01-17 13:06:52.34121,12,1000,0
2024-01-17 13:06:52.34130,12,1000,0
2024-01-17 13:06:52.34138,12,1000,0
2024-01-17 13:06:52.34149,12,1000,0
2024-01-17 13:06:52.34158,12,1000,0
2024-01-17 13:06:52.34169,12,1000,0
2024-01-17 13:06:52.34176,12,1000,0
2024-01-17 13:06:52.34182,12,1000,0
2024-01-17 13:06:52.34191,12,1000,0
2024-01-17 13:06:52.34199,12,1000,0
2024-01-17 13:06:52.34207,12,1000,0
2024-01-17 13:06:52.34214,12,1000,0
2024-01-17 13:06:52.34220,12,1000,0
2024-01-17 13:06:52.34228,12,1000,0
2024-01-17 13:06:52.34237,12,1000,0
2024-01-17 13:06:52.34254,12,1000,0
2024-01-17 13:06:52.34266,12,1000,0
2024-01-17 13:06:52.34277,12,1000,0
2024-01-17 13:06:52.34286,12,1000,0
2024-01-17 13:06:52.34294,12,1000,0
2024-01-17 13:06:52.34302,12,1000,0
2024-01-17 13:06:52.34310,12,1000,0
2024-01-17 13:06:52.34318,12,1000,0
2024-01-17 13:06:52.34332,12,1000,0
2024-01-17 13:06:52.34340,12,1000,0
2024-01-17 13:06:52.34349,12,1000,0
2024-01-17 13:06:52.34358,12,1000,0
2024-01-17 13:06:52.34374,12,1000,0
2024-01-17 13:06:52.34389,12,1000,0
2024-01-17 13:06:52.34397,12,1000,0
2024-01-17 13:06:52.34411,12,1000,0
2024-01-17 13:06:52.34426,12,1000,0
2024-01-17 13:06:52.34436,12,1000,0
2024-01-17 13:06:52.34444,12,1000,0
2024-01-17 13:06:52.34453,12,1000,0
2024-01-17 13:06:52.34468,12,1000,0
2024-01-17 13:06:52.34476,12,1000,0
2024-01-17 13:06:52.34484,12,1000,0
2024-01-17 13:06:52.34493,12,1000,0
2024-01-17 13:06:52.34501,12,1000,0
2024-01-17 13:06:52.34510,12,1000,0
2024-01-17 13:06:52.34520,12,1000,0
2024-01-17 13:06:52.34530,12,1000,0
2024-01-17 13:06:52.34538,12,1000,0
2024-01-17 13:06:52.34547,12,1000,0
2024-01-17 13:06:52.34559,12,1000,0
2024-01-17 13:06:52.34576,12,1000,0
2024-01-17 13:06:52.34602,12,1000,0
2024-01-17 13:06:52.34618,12,1000,0
2024-01-17 13:06:52.34634,12,1000,0
2024-01-17 13:06:52.34648,12,1000,0
2024-01-17 13:06:52.34663,12,1000,0
2024-01-17 13:06:52.34679,12,1000,0
2024-01-17 13:06:52.34695,12,1000,0
2024-01-17 13:06:52.34703,12,1000,0
2024-01-17 13:06:52.34709,12,1000,0
2024-01-17 13:06:52.34718,12,1000,0
2024-01-17 13:06:52.34727,12,1000,0
2024-01-17 13:06:52.34745,12,1000,0
2024-01-17 13:06:52.34762,12,1000,0
2024-01-17 13:06:52.34770,12,1000,0
2024-01-17 13:06:52.34779,12,1000,0
2024-01-17 13:06:52.34790,12,1000,0
2024-01-17 13:06:52.34803,12,1000,0
2024-01-17 13:06:52.34811,12,1000,0
2024-01-17 13:06:52.34818,12,1000,0
2024-01-17 13:06:52.34828,12,1000,0
2024-01-17 13:06:52.34837,12,1000,0
2024-01-17 13:06:52.34845,12,1000,0
2024-01-17 13:06:52.34852,12,1000,0
2024-01-17 13:06:52.34859,12,1000,0
2024-01-17 13:06:52.34869,12,1000,0
2024-01-17 13:06:52.34876,12,1000,0
2024-01-17 13:06:52.34887,12,1000,0
2024-01-17 13:06:52.34896,12,1000,0
2024-01-17 13:06:52.34903,12,1000,0
2024-01-17 13:06:52.34915,12,1000,0
2024-01-17 13:06:52.34925,12,1000,0
2024-01-17 13:06:52.34933,12,1000,0
2024-01-17 13:06:52.34941,12,1000,0
2024-01-17 13:06:52.34951,12,1000,0
2024-01-17 13:06:52.34959,12,1000,0
2024-01-17 13:06:52.34968,12,1000,0
2024-01-17 13:06:52.34975,12,1000,0
2024-01-17 13:06:52.34981,12,1000,0
2024-01-17 13:06:52.34989,12,1000,0
2024-01-17 13:06:52.34998,12,1000,0
2024-01-17 13:06:52.35011,12,1000,0
2024-01-17 13:06:52.35023,12,1000,0
2024-01-17 13:06:52.35031,12,1000,0
2024-01-17 13:06:52.35041,12,1000,0
2024-01-17 13:06:52.35048,12,1000,0
2024-01-17 13:06:52.35062,12,1000,0
2024-01-17 13:06:52.35072,12,1000,0
2024-01-17 13:06:52.35082,12,1000,0
2024-01-17 13:06:52.35089,12,1000,0
2024-01-17 13:06:52.35100,12,1000,0
2024-01-17 13:06:52.35109,12,1000,0
2024-01-17 13:06:52.35118,12,1000,0
2024-01-17 13:06:52.35126,12,1000,0
2024-01-17 13:06:52.35134,12,1000,0
2024-01-17 13:06:52.35143,12,1000,0
2024-01-17 13:06:52.35151,12,1000,0
2024-01-17 13:06:52.35160,12,1000,0
2024-01-17 13:06:52.35172,12,1000,0
2024-01-17 13:06:52.35181,12,1000,0
2024-01-17 13:06:52.35188,12,1000,0
2024-01-17 13:06:52.35196,12,1000,0
2024-01-17 13:06:52.35203,12,1000,0
2024-01-17 13:06:52.35214,12,1000,0
2024-01-17 13:06:52.35230,12,1000,0
2024-01-17 13:06:52.35238,12,1000,0
2024-01-17 13:06:52.35244,12,1000,0
2024-01-17 13:06:52.35253,12,1000,0
2024-01-17 13:06:52.35261,12,1000,0
2024-01-17 13:06:52.35267,12,1000,0
2024-01-17 13:06:52.35276,12,1000,0
2024-01-17 13:06:52.35283,12,1000,0
2024-01-17 13:06:52.35292,12,1000,0
2024-01-17 13:06:52.35299,12,1000,0
2024-01-17 13:06:52.35310,12,1000,0
2024-01-17 13:06:52.35318,12,1000,0
2024-01-17 13:06:52.35333,12,1000,0
2024-01-17 13:06:52.35342,12,1000,0
2024-01-17 13:06:52.35351,12,1000,0
2024-01-17 13:06:52.35359,12,1000,0
2024-01-17 13:06:52.35366,12,1000,0
2024-01-17 13:06:52.35372,12,1000,0
2024-01-17 13:06:52.35381,12,1000,0
2024-01-17 13:06:52.35406,12,1000,0
2024-01-17 13:06:52.35415,12,1000,0
2024-01-17 13:06:52.35424,12,1000,0
2024-01-17 13:06:52.35432,12,1000,0
2024-01-17 13:06:52.35445,12,1000,0
2024-01-17 13:06:52.35455,12,1000,0
2024-01-17 13:06:52.35467,12,1000,0
2024-01-17 13:06:52.35480,12,1000,0
2024-01-17 13:06:52.35492,12,1000,0
2024-01-17 13:06:52.35504,12,1000,0
2024-01-17 13:06:52.35516,12,1000,0
2024-01-17 13:06:52.35527,12,1000,0
2024-01-17 13:06:52.35550,12,1000,0
2024-01-17 13:06:52.35562,12,1000,0
2024-01-17 13:06:52.35575,12,1000,0
2024-01-17 13:06:52.35584,12,1000,0
2024-01-17 13:06:52.35606,12,1000,0
2024-01-17 13:06:52.35616,12,1000,0
2024-01-17 13:06:52.35626,12,1000,0
2024-01-17 13:06:52.35658,12,1000,0
2024-01-17 13:06:52.35674,12,1000,0
2024-01-17 13:06:52.35684,12,1000,0
2024-01-17 13:06:52.35699,12,1000,0
2024-01-17 13:06:52.35721,12,1000,0
2024-01-17 13:06:52.35732,12,1000,0
2024-01-17 13:06:52.35745,12,1000,0
2024-01-17 13:06:52.35759,12,1000,0
2024-01-17 13:06:52.35770,12,1000,0
2024-01-17 13:06:52.35782,12,1000,0
2024-01-17 13:06:52.35791,12,1000,0
2024-01-17 13:06:52.35801,12,1000,0
2024-01-17 13:06:52.35813,12,1000,0
2024-01-17 13:06:52.35824,12,1000,0
2024-01-17 13:06:52.35834,12,1000,0
2024-01-17 13:06:52.35851,12,1000,0
2024-01-17 13:06:52.35863,12,1000,0
2024-01-17 13:06:52.35874,12,1000,0
2024-01-17 13:06:52.35886,12,1000,0
2024-01-17 13:06:52.35896,12,1000,0
2024-01-17 13:06:52.35908,12,1000,0
2024-01-17 13:06:52.35921,12,1000,0
2024-01-17 13:06:52.35937,12,1000,0
2024-01-17 13:06:52.35949,12,1000,0
2024-01-17 13:06:52.35960,12,1000,0
2024-01-17 13:06:52.35971,12,1000,0
2024-01-17 13:06:52.35982,12,1000,0
2024-01-17 13:06:52.35992,12,1000,0
2024-01-17 13:06:52.36004,12,1000,0
2024-01-17 13:06:52.36019,12,1000,0
2024-01-17 13:06:52.36040,12,1000,0
2024-01-17 13:06:52.36052,12,1000,0
2024-01-17 13:06:52.36078,12,1000,0
2024-01-17 13:06:52.36088,12,1000,0
2024-01-17 13:06:52.36101,12,1000,0
2024-01-17 13:06:52.36113,12,1000,0
2024-01-17 13:06:52.36129,12,1000,0
2024-01-17 13:06:52.36138,12,1000,0
2024-01-17 13:06:52.36149,12,1000,0
2024-01-17 13:06:52.36167,12,1000,0
2024-01-17 13:06:52.36185,12,1000,0
2024-01-17 13:06:52.36203,12,1000,0
2024-01-17 13:06:52.36215,12,1000,0
2024-01-17 13:06:52.36229,12,1000,0
2024-01-17 13:06:52.36248,12,1000,0
2024-01-17 13:06:52.36257,12,1000,0
2024-01-17 13:06:52.36271,12,1000,0
2024-01-17 13:06:52.36282,12,1000,0
2024-01-17 13:06:52.36297,12,1000,0
2024-01-17 13:06:52.36308,12,1000,0
2024-01-17 13:06:52.36321,12,1000,0
2024-01-17 13:06:52.36332,12,1000,0
2024-01-17 13:06:52.36345,12,1000,0
2024-01-17 13:06:52.36358,12,1000,0
2024-01-17 13:06:52.36376,12,1000,0
2024-01-17 13:06:52.36406,12,1000,0
2024-01-17 13:06:52.36419,12,1000,0
2024-01-17 13:06:52.36432,12,1000,0
2024-01-17 13:06:52.36443,12,1000,0
2024-01-17 13:06:52.36454,12,1000,0
2024-01-17 13:06:52.36464,12,1000,0
2024-01-17 13:06:52.36476,12,1000,0
2024-01-17 13:06:52.36486,12,1000,0
2024-01-17 13:06:52.36500,12,1000,0
2024-01-17 13:06:52.36512,12,1000,0
2024-01-17 13:06:52.36525,12,1000,0
2024-01-17 13:06:52.36535,12,1000,0
2024-01-17 13:06:52.36552,12,1000,0
2024-01-17 13:06:52.36565,12,1000,0
2024-01-17 13:06:52.36589,12,1000,0
2024-01-17 13:06:52.36601,12,1000,0
2024-01-17 13:06:52.36616,12,1000,0
2024-01-17 13:06:52.36630,12,1000,0
2024-01-17 13:06:52.36661,12,1000,0
2024-01-17 13:06:52.36681,12,1000,0
2024-01-17 13:06:52.36694,12,1000,0
2024-01-17 13:06:52.36708,12,1000,0
2024-01-17 13:06:52.36726,12,1000,0
2024-01-17 13:06:52.36735,12,1000,0
2024-01-17 13:06:52.36746,12,1000,0
2024-01-17 13:06:52.36757,12,1000,0
2024-01-17 13:06:52.36767,12,1000,0
2024-01-17 13:06:52.36781,12,1000,0
2024-01-17 13:06:52.36793,12,1000,0
2024-01-17 13:06:52.36805,12,1000,0
2024-01-17 13:06:52.36813,12,1000,0
2024-01-17 13:06:52.36825,12,1000,0
2024-01-17 13:06:52.36836,12,1000,0
2024-01-17 13:06:52.36844,12,1000,0
2024-01-17 13:06:52.36852,12,1000,0
2024-01-17 13:06:52.36866,12,1000,0
2024-01-17 13:06:52.36875,12,1000,0
2024-01-17 13:06:52.36886,12,1000,0
2024-01-17 13:06:52.36894,12,1000,0
2024-01-17 13:06:52.36901,12,1000,0
2024-01-17 13:06:52.36910,12,1000,0
2024-01-17 13:06:52.36921,12,1000,0
2024-01-17 13:06:52.36938,12,1000,0
2024-01-17 13:06:52.36951,12,1000,0
2024-01-17 13:06:52.36966,12,1000,0
2024-01-17 13:06:52.36976,12,1000,0
2024-01-17 13:06:52.36992,12,1000,0
2024-01-17 13:06:52.37002,12,1000,0
2024-01-17 13:06:52.37022,12,1000,0
2024-01-17 13:06:52.37030,12,1000,0
2024-01-17 13:06:52.37039,12,1000,0
2024-01-17 13:06:52.37048,12,1000,0
2024-01-17 13:06:52.37057,12,1000,0
2024-01-17 13:06:52.37066,12,1000,0
2024-01-17 13:06:52.37077,12,1000,0
2024-01-17 13:06:52.37085,12,1000,0
2024-01-17 13:06:52.37092,12,1000,0
2024-01-17 13:06:52.37117,12,1000,0
2024-01-17 13:06:52.37125,12,1000,0
2024-01-17 13:06:52.37135,12,1000,0
2024-01-17 13:06:52.37145,12,1000,0
2024-01-17 13:06:52.37154,12,1000,0
2024-01-17 13:06:52.37165,12,1000,0
2024-01-17 13:06:52.37175,12,1000,0
2024-01-17 13:06:52.37191,12,1000,0
2024-01-17 13:06:52.37205,12,1000,0
2024-01-17 13:06:52.37215,12,1000,0
2024-01-17 13:06:52.37228,12,1000,0
2024-01-17 13:06:52.37240,12,1000,0
2024-01-17 13:06:52.37249,12,1000,0
2024-01-17 13:06:52.37258,12,1000,0
2024-01-17 13:06:52.37267,12,1000,0
2024-01-17 13:06:52.37276,12,1000,0
2024-01-17 13:06:52.37286,12,1000,0
2024-01-17 13:06:52.37298,12,1000,0
2024-01-17 13:06:52.37307,12,1000,0
2024-01-17 13:06:52.37317,12,1000,0
2024-01-17 13:06:52.37325,12,1000,0
2024-01-17 13:06:52.37334,12,1000,0
2024-01-17 13:06:52.37350,12,1000,0
2024-01-17 13:06:52.37359,12,1000,0
2024-01-17 13:06:52.37368,12,1000,0
2024-01-17 13:06:52.37378,12,1000,0
2024-01-17 13:06:52.37387,12,1000,0
2024-01-17 13:06:52.37394,12,1000,0
2024-01-17 13:06:52.37421,12,1000,0
2024-01-17 13:06:52.37431,12,1000,0
2024-01-17 13:06:52.37438,12,1000,0
2024-01-17 13:06:52.37448,12,1000,0
2024-01-17 13:06:52.37456,12,1000,0
2024-01-17 13:06:52.37464,12,1000,0
2024-01-17 13:06:52.37478,12,1000,0
2024-01-17 13:06:52.37488,12,1000,0
2024-01-17 13:06:52.37498,12,1000,0
2024-01-17 13:06:52.37509,12,1000,0
2024-01-17 13:06:52.37520,12,1000,0
2024-01-17 13:06:52.37529,12,1000,0
2024-01-17 13:06:52.37542,12,1000,0
2024-01-17 13:06:52.37557,12,1000,0
2024-01-17 13:06:52.37569,12,1000,0
2024-01-17 13:06:52.37579,12,1000,0
2024-01-17 13:06:52.37589,12,1000,0
2024-01-17 13:06:52.37598,12,1000,0
2024-01-17 13:06:52.37610,12,1000,0
2024-01-17 13:06:52.37618,12,1000,0
2024-01-17 13:06:52.37631,12,1000,0
2024-01-17 13:06:52.37640,12,1000,0
2024-01-17 13:06:52.37648,12,1000,0
2024-01-17 13:06:52.37658,12,1000,0
2024-01-17 13:06:52.37667,12,1000,0
2024-01-17 13:06:52.37675,12,1000,0
2024-01-17 13:06:52.37709,12,1000,0
2024-01-17 13:06:52.37717,12,1000,0
2024-01-17 13:06:52.37726,12,1000,0
2024-01-17 13:06:52.37734,12,1000,0
2024-01-17 13:06:52.37742,12,1000,0
2024-01-17 13:06:52.37752,12,1000,0
2024-01-17 13:06:52.37762,12,1000,0
2024-01-17 13:06:52.37771,12,1000,0
2024-01-17 13:06:52.37781,12,1000,0
2024-01-17 13:06:52.37788,12,1000,0
2024-01-17 13:06:52.37796,12,1000,0
2024-01-17 13:06:52.37805,12,1000,0
2024-01-17 13:06:52.37815,12,1000,0
2024-01-17 13:06:52.37823,12,1000,0
2024-01-17 13:06:52.37833,12,1000,0
2024-01-17 13:06:52.37842,12,1000,0
2024-01-17 13:06:52.37850,12,1000,0
2024-01-17 13:06:52.37860,12,1000,0
2024-01-17 13:06:52.37880,12,1000,0
2024-01-17 13:06:52.37889,12,1000,0
2024-01-17 13:06:52.37898,12,1000,0
2024-01-17 13:06:52.37908,12,1000,0
2024-01-17 13:06:52.37917,12,1000,0
2024-01-17 13:06:52.37924,12,1000,0
2024-01-17 13:06:52.37933,12,1000,0
2024-01-17 13:06:52.37943,12,1000,0
2024-01-17 13:06:52.37951,12,1000,0
2024-01-17 13:06:52.37962,12,1000,0
2024-01-17 13:06:52.37983,12,1000,0
2024-01-17 13:06:52.37998,12,1000,0
2024-01-17 13:06:52.38009,12,1000,0
2024-01-17 13:06:52.38020,12,1000,0
2024-01-17 13:06:52.38029,12,1000,0
2024-01-17 13:06:52.38040,12,1000,0
2024-01-17 13:06:52.38048,12,1000,0
2024-01-17 13:06:52.38057,12,1000,0
2024-01-17 13:06:52.38066,12,1000,0
2024-01-17 13:06:52.38086,12,1000,0
2024-01-17 13:06:52.38109,12,1000,0
2024-01-17 13:06:52.38122,12,1000,0
2024-01-17 13:06:52.38132,12,1000,0
2024-01-17 13:06:52.38142,12,1000,0
2024-01-17 13:06:52.38151,12,1000,0
2024-01-17 13:06:52.38162,12,1000,0
2024-01-17 13:06:52.38172,12,1000,0
2024-01-17 13:06:52.38181,12,1000,0
2024-01-17 13:06:52.38190,12,1000,0
2024-01-17 13:06:52.38201,12,1000,0
2024-01-17 13:06:52.38211,12,1000,0
2024-01-17 13:06:52.38221,12,1000,0
2024-01-17 13:06:52.38228,12,1000,0
2024-01-17 13:06:52.38236,12,1000,0
2024-01-17 13:06:52.38245,12,1000,0
2024-01-17 13:06:52.38256,12,1000,0
2024-01-17 13:06:52.38265,12,1000,0
2024-01-17 13:06:52.38287,12,1000,0
2024-01-17 13:06:52.38300,12,1000,0
2024-01-17 13:06:52.38319,12,1000,0
2024-01-17 13:06:52.38332,12,1000,0
2024-01-17 13:06:52.38342,12,1000,0
2024-01-17 13:06:52.38352,12,1000,0
2024-01-17 13:06:52.38368,12,1000,0
2024-01-17 13:06:52.38377,12,1000,0
2024-01-17 13:06:52.38385,12,1000,0
2024-01-17 13:06:52.38406,12,1000,0
2024-01-17 13:06:52.38421,12,1000,0
2024-01-17 13:06:52.38430,12,1000,0
2024-01-17 13:06:52.38443,12,1000,0
2024-01-17 13:06:52.38466,12,1000,0
2024-01-17 13:06:52.38475,12,1000,0
2024-01-17 13:06:52.38482,12,1000,0
2024-01-17 13:06:52.38493,12,1000,0
2024-01-17 13:06:52.38506,12,1000,0
2024-01-17 13:06:52.38525,12,1000,0
2024-01-17 13:06:52.38536,12,1000,0
2024-01-17 13:06:52.38546,12,1000,0
2024-01-17 13:06:52.38564,12,1000,0
2024-01-17 13:06:52.38584,12,1000,0
2024-01-17 13:06:52.38594,12,1000,0
2024-01-17 13:06:52.38606,12,1000,0
2024-01-17 13:06:52.38615,12,1000,0
2024-01-17 13:06:52.38627,12,1000,0
2024-01-17 13:06:52.38636,12,1000,0
2024-01-17 13:06:52.38648,12,1000,0
2024-01-17 13:06:52.38668,12,1000,0
2024-01-17 13:06:52.38678,12,1000,0
2024-01-17 13:06:52.38688,12,1000,0
2024-01-17 13:06:52.38699,12,1000,0
2024-01-17 13:06:52.38707,12,1000,0
2024-01-17 13:06:52.38715,12,1000,0
2024-01-17 13:06:52.38736,12,1000,0
2024-01-17 13:06:52.38750,12,1000,0
2024-01-17 13:06:52.38769,12,1000,0
2024-01-17 13:06:52.38782,12,1000,0
2024-01-17 13:06:52.38801,12,1000,0
2024-01-17 13:06:52.38809,12,1000,0
2024-01-17 13:06:52.38818,12,1000,0
2024-01-17 13:06:52.38828,12,1000,0
2024-01-17 13:06:52.38836,12,1000,0
2024-01-17 13:06:52.38844,12,1000,0
2024-01-17 13:06:52.38852,12,1000,0
2024-01-17 13:06:52.38864,12,1000,0
2024-01-17 13:06:52.38873,12,1000,0
2024-01-17 13:06:52.38885,12,1000,0
2024-01-17 13:06:52.38894,12,1000,0
2024-01-17 13:06:52.38904,12,1000,0
2024-01-17 13:06:52.38916,12,1000,0
2024-01-17 13:06:52.38924,12,1000,0
2024-01-17 13:06:52.38937,12,1000,0
2024-01-17 13:06:52.38956,12,1000,0
2024-01-17 13:06:52.38974,12,1000,0
2024-01-17 13:06:52.38988,12,1000,0
2024-01-17 13:06:52.39001,12,1000,0
2024-01-17 13:06:52.39014,12,1000,0
2024-01-17 13:06:52.39024,12,1000,0
2024-01-17 13:06:52.39039,12,1000,0
2024-01-17 13:06:52.39058,12,1000,0
2024-01-17 13:06:52.39075,12,1000,0
2024-01-17 13:06:52.39083,12,1000,0
2024-01-17 13:06:52.39093,12,1000,0
2024-01-17 13:06:52.39103,12,1000,0
2024-01-17 13:06:52.39113,12,1000,0
2024-01-17 13:06:52.39130,12,1000,0
2024-01-17 13:06:52.39149,12,1000,0
2024-01-17 13:06:52.39163,12,1000,0
2024-01-17 13:06:52.39180,12,1000,0
2024-01-17 13:06:52.39196,12,1000,0
2024-01-17 13:06:52.39210,12,1000,0
2024-01-17 13:06:52.39224,12,1000,0
2024-01-17 13:06:52.39234,12,1000,0
2024-01-17 13:06:52.39250,12,1000,0
2024-01-17 13:06:52.39265,12,1000,0
2024-01-17 13:06:52.39274,12,1000,0
2024-01-17 13:06:52.39294,12,1000,0
2024-01-17 13:06:52.39311,12,1000,0
2024-01-17 13:06:52.39325,12,1000,0
2024-01-17 13:06:52.39335,12,1000,0
2024-01-17 13:06:52.39349,12,1000,0
2024-01-17 13:06:52.39361,12,1000,0
2024-01-17 13:06:52.39371,12,1000,0
2024-01-17 13:06:52.39379,12,1000,0
2024-01-17 13:06:52.39389,12,1000,0
2024-01-17 13:06:52.39401,12,1000,0
2024-01-17 13:06:52.39415,12,1000,0
2024-01-17 13:06:52.39423,12,1000,0
2024-01-17 13:06:52.39431,12,1000,0
2024-01-17 13:06:52.39443,12,1000,0
2024-01-17 13:06:52.39454,12,1000,0
2024-01-17 13:06:52.39466,12,1000,0
2024-01-17 13:06:52.39474,12,1000,0
2024-01-17 13:06:52.39484,12,1000,0
2024-01-17 13:06:52.39494,12,1000,0
2024-01-17 13:06:52.39504,12,1000,0
2024-01-17 13:06:52.39511,12,1000,0
2024-01-17 13:06:52.39521,12,1000,0
2024-01-17 13:06:52.39530,12,1000,0
2024-01-17 13:06:52.39542,12,1000,0
2024-01-17 13:06:52.39559,12,1000,0
2024-01-17 13:06:52.39577,12,1000,0
2024-01-17 13:06:52.39590,12,1000,0
2024-01-17 13:06:52.39598,12,1000,0
2024-01-17 13:06:52.39605,12,1000,0
2024-01-17 13:06:52.39612,12,1000,0
2024-01-17 13:06:52.39623,12,1000,0
2024-01-17 13:06:52.39631,12,1000,0
2024-01-17 13:06:52.39643,12,1000,0
2024-01-17 13:06:52.39655,12,1000,0
2024-01-17 13:06:52.39661,12,1000,0
2024-01-17 13:06:52.39671,12,1000,0
2024-01-17 13:06:52.39683,12,1000,0
2024-01-17 13:06:52.39694,12,1000,0
2024-01-17 13:06:52.39702,12,1000,0
2024-01-17 13:06:52.39710,12,1000,0
2024-01-17 13:06:52.39718,12,1000,0
2024-01-17 13:06:52.39732,12,1000,0
2024-01-17 13:06:52.39744,12,1000,0
2024-01-17 13:06:52.39757,12,1000,0
2024-01-17 13:06:52.39768,12,1000,0
2024-01-17 13:06:52.39776,12,1000,0
2024-01-17 13:06:52.39783,12,1000,0
2024-01-17 13:06:52.39792,12,1000,0
2024-01-17 13:06:52.39810,12,1000,0
2024-01-17 13:06:52.39816,12,1000,0
2024-01-17 13:06:52.39827,12,1000,0
2024-01-17 13:06:52.39847,12,1000,0
2024-01-17 13:06:52.39856,12,1000,0
2024-01-17 13:06:52.39870,12,1000,0
2024-01-17 13:06:52.39884,12,1000,0
2024-01-17 13:06:52.39899,12,1000,0
2024-01-17 13:06:52.39908,12,1000,0
2024-01-17 13:06:52.39923,12,1000,0
2024-01-17 13:06:52.39932,12,1000,0
2024-01-17 13:06:52.39940,12,1000,0
2024-01-17 13:06:52.39948,12,1000,0
2024-01-17 13:06:52.39969,12,1000,0
2024-01-17 13:06:52.39987,12,1000,0
2024-01-17 13:06:52.39997,12,1000,0
2024-01-17 13:06:52.40005,12,1000,0
2024-01-17 13:06:52.40014,12,1000,0
2024-01-17 13:06:52.40020,12,1000,0
2024-01-17 13:06:52.40030,12,1000,0
2024-01-17 13:06:52.40037,12,1000,0
2024-01-17 13:06:52.40044,12,1000,0
2024-01-17 13:06:52.40053,12,1000,0
2024-01-17 13:06:52.40060,12,1000,0
2024-01-17 13:06:52.40069,12,1000,0
2024-01-17 13:06:52.40078,12,1000,0
2024-01-17 13:06:52.40084,12,1000,0
2024-01-17 13:06:52.40096,12,1000,0
2024-01-17 13:06:52.40103,12,1000,0
2024-01-17 13:06:52.40111,12,1000,0
2024-01-17 13:06:52.40128,12,1000,0
2024-01-17 13:06:52.40152,12,1000,0
2024-01-17 13:06:52.40160,12,1000,0
2024-01-17 13:06:52.40168,12,1000,0
2024-01-17 13:06:52.40177,12,1000,0
2024-01-17 13:06:52.40188,12,1000,0
2024-01-17 13:06:52.40196,12,1000,0
2024-01-17 13:06:52.40207,12,1000,0
2024-01-17 13:06:52.40230,12,1000,0
2024-01-17 13:06:52.40247,12,1000,0
2024-01-17 13:06:52.40257,12,1000,0
2024-01-17 13:06:52.40264,12,1000,0
2024-01-17 13:06:52.40277,12,1000,0
2024-01-17 13:06:52.40284,12,1000,0
2024-01-17 13:06:52.40297,12,1000,0
2024-01-17 13:06:52.40305,12,1000,0
2024-01-17 13:06:52.40314,12,1000,0
2024-01-17 13:06:52.40324,12,1000,0
2024-01-17 13:06:52.40333,12,1000,0
2024-01-17 13:06:52.40342,12,1000,0
2024-01-17 13:06:52.40352,12,1000,0
2024-01-17 13:06:52.40361,12,1000,0
2024-01-17 13:06:52.40373,12,1000,0
2024-01-17 13:06:52.40380,12,1000,0
2024-01-17 13:06:52.40387,12,1000,0
2024-01-17 13:06:52.40404,12,1000,0
2024-01-17 13:06:52.40410,12,1000,0
2024-01-17 13:06:52.40419,12,1000,0
2024-01-17 13:06:52.40427,12,1000,0
2024-01-17 13:06:52.40445,12,1000,0
2024-01-17 13:06:52.40456,12,1000,0
2024-01-17 13:06:52.40470,12,1000,0
2024-01-17 13:06:52.40485,12,1000,0
2024-01-17 13:06:52.40498,12,1000,0
2024-01-17 13:06:52.40517,12,1000,0
2024-01-17 13:06:52.40530,12,1000,0
2024-01-17 13:06:52.40539,12,1000,0
2024-01-17 13:06:52.40547,12,1000,0
2024-01-17 13:06:52.40553,12,1000,0
2024-01-17 13:06:52.40568,12,1000,0
2024-01-17 13:06:52.40582,12,1000,0
2024-01-17 13:06:52.40591,12,1000,0
2024-01-17 13:06:52.40600,12,1000,0
2024-01-17 13:06:52.40613,12,1000,0
2024-01-17 13:06:52.40622,12,1000,0
2024-01-17 13:06:52.40632,12,1000,0
2024-01-17 13:06:52.40640,12,1000,0
2024-01-17 13:06:52.40648,12,1000,0
2024-01-17 13:06:52.40658,12,1000,0
2024-01-17 13:06:52.40670,12,1000,0
2024-01-17 13:06:52.40682,12,1000,0
2024-01-17 13:06:52.40691,12,1000,0
2024-01-17 13:06:52.40700,12,1000,0
2024-01-17 13:06:52.40721,12,1000,0
2024-01-17 13:06:52.40739,12,1000,0
2024-01-17 13:06:52.40762,12,1000,0
2024-01-17 13:06:52.40781,12,1000,0
2024-01-17 13:06:52.40794,12,1000,0
2024-01-17 13:06:52.40803,12,1000,0
2024-01-17 13:06:52.40810,12,1000,0
2024-01-17 13:06:52.40816,12,1000,0
2024-01-17 13:06:52.40826,12,1000,0
2024-01-17 13:06:52.40842,12,1000,0
2024-01-17 13:06:52.40859,12,1000,0
2024-01-17 13:06:52.40868,12,1000,0
2024-01-17 13:06:52.40884,12,1000,0
2024-01-17 13:06:52.40897,12,1000,0
2024-01-17 13:06:52.40906,12,1000,0
2024-01-17 13:06:52.40920,12,1000,0
2024-01-17 13:06:52.40933,12,1000,0
2024-01-17 13:06:52.40944,12,1000,0
2024-01-17 13:06:52.40956,12,1000,0
2024-01-17 13:06:52.40966,12,1000,0
2024-01-17 13:06:52.40975,12,1000,0
2024-01-17 13:06:52.40982,12,1000,0
2024-01-17 13:06:52.40998,12,1000,0
2024-01-17 13:06:52.41006,12,1000,0
2024-01-17 13:06:52.41016,12,1000,0
2024-01-17 13:06:52.41025,12,1000,0
2024-01-17 13:06:52.41033,12,1000,0
2024-01-17 13:06:52.41057,12,1000,0
2024-01-17 13:06:52.41077,12,1000,0
2024-01-17 13:06:52.41092,12,1000,0
2024-01-17 13:06:52.41098,12,1000,0
2024-01-17 13:06:52.41109,12,1000,0
2024-01-17 13:06:52.41118,12,1000,0
2024-01-17 13:06:52.41127,12,1000,0
2024-01-17 13:06:52.41134,12,1000,0
2024-01-17 13:06:52.41142,12,1000,0
2024-01-17 13:06:52.41152,12,1000,0
2024-01-17 13:06:52.41159,12,1000,0
2024-01-17 13:06:52.41171,12,1000,0
2024-01-17 13:06:52.41185,12,1000,0
2024-01-17 13:06:52.41204,12,1000,0
2024-01-17 13:06:52.41214,12,1000,0
2024-01-17 13:06:52.41242,12,1000,0
2024-01-17 13:06:52.41251,12,1000,0
2024-01-17 13:06:52.41260,12,1000,0
2024-01-17 13:06:52.41268,12,1000,0
2024-01-17 13:06:52.41281,12,1000,0
2024-01-17 13:06:52.41293,12,1000,0
2024-01-17 13:06:52.41302,12,1000,0
2024-01-17 13:06:52.41320,12,1000,0
2024-01-17 13:06:52.41333,12,1000,0
2024-01-17 13:06:52.41346,12,1000,0
2024-01-17 13:06:52.41355,12,1000,0
2024-01-17 13:06:52.41376,12,1000,0
2024-01-17 13:06:52.41392,12,1000,0
2024-01-17 13:06:52.41411,12,1000,0
2024-01-17 13:06:52.41424,12,1000,0
2024-01-17 13:06:52.41433,12,1000,0
2024-01-17 13:06:52.41440,12,1000,0
2024-01-17 13:06:52.41448,12,1000,0
2024-01-17 13:06:52.41476,12,1000,0
2024-01-17 13:06:52.41491,12,1000,0
2024-01-17 13:06:52.41504,12,1000,0
2024-01-17 13:06:52.41524,12,1000,0
2024-01-17 13:06:52.41531,12,1000,0
2024-01-17 13:06:52.41541,12,1000,0
2024-01-17 13:06:52.41570,12,1000,0
2024-01-17 13:06:54.19874,13,51,0
2024-01-17 13:06:54.19880,13,51,0
2024-01-17 13:06:54.19889,13,51,0
2024-01-17 13:06:54.19894,13,51,0
2024-01-17 13:06:54.19900,13,51,0
2024-01-17 13:06:54.19906,13,51,0
2024-01-17 13:06:54.19911,13,51,0
2024-01-17 13:06:54.19939,13,51,0
2024-01-17 13:06:54.19953,13,51,0
2024-01-17 13:06:54.19961,13,51,0
2024-01-17 13:06:54.19970,13,51,0
2024-01-17 13:06:54.19976,13,51,0
2024-01-17 13:06:54.19980,13,51,0
2024-01-17 13:06:54.19993,13,51,0
2024-01-17 13:06:54.19999,13,51,0
2024-01-17 13:06:54.20008,13,51,0
2024-01-17 13:06:54.20013,13,51,0
2024-01-17 13:06:54.20017,13,51,0
2024-01-17 13:06:54.20024,13,51,0
2024-01-17 13:06:54.20028,13,51,0
2024-01-17 13:06:54.20033,13,51,0
2024-01-17 13:06:54.20038,13,51,0
2024-01-17 13:06:54.20044,13,51,0
2024-01-17 13:06:54.20048,13,51,0
2024-01-17 13:06:54.20061,13,51,0
2024-01-17 13:06:54.20068,13,51,0
2024-01-17 13:06:54.20073,13,51,0
2024-01-17 13:06:54.20079,13,51,0
2024-01-17 13:06:54.20089,13,51,0
2024-01-17 13:06:54.20094,13,51,0
2024-01-17 13:06:54.20098,13,51,0
2024-01-17 13:06:54.20102,13,51,0
2024-01-17 13:06:54.20105,13,51,0
2024-01-17 13:06:54.20121,13,51,0
2024-01-17 13:06:54.20136,13,51,0
2024-01-17 13:06:54.20148,13,51,0
2024-01-17 13:06:54.20155,13,51,0
2024-01-17 13:06:54.20159,13,51,0
2024-01-17 13:06:54.20168,13,51,0
2024-01-17 13:06:54.20174,13,51,0
2024-01-17 13:06:54.20190,13,51,0
2024-01-17 13:06:54.20206,13,51,0
2024-01-17 13:06:54.20219,13,51,0
2024-01-17 13:06:54.20230,13,51,0
2024-01-17 13:06:54.20240,13,51,0
2024-01-17 13:06:54.20251,13,51,0
2024-01-17 13:06:54.20262,13,51,0
2024-01-17 13:06:54.20271,13,51,0
2024-01-17 13:06:54.20281,13,51,0
2024-01-17 13:06:54.20294,13,51,0
2024-01-17 13:06:54.20363,13,51,0
2024-01-17 13:07:13.12952,14,1,0
2024-01-17 13:07:13.65205,15,1,0
2024-01-17 13:07:14.16462,16,413,0
2024-01-17 13:07:14.16473,16,413,0
2024-01-17 13:07:14.16482,16,413,0
2024-01-17 13:07:14.16492,16,413,0
2024-01-17 13:07:14.16503,16,413,0
2024-01-17 13:07:14.16519,16,413,0
2024-01-17 13:07:14.16533,16,413,0
2024-01-17 13:07:14.16628,16,413,0
2024-01-17 13:07:14.16638,16,413,0
2024-01-17 13:07:14.16646,16,413,0
2024-01-17 13:07:14.16781,16,413,0
2024-01-17 13:07:14.16786,16,413,0
2024-01-17 13:07:14.16930,16,413,0
2024-01-17 13:07:14.16934,16,413,0
2024-01-17 13:07:14.16938,16,413,0
2024-01-17 13:07:14.16942,16,413,0
2024-01-17 13:07:14.16947,16,413,0
2024-01-17 13:07:14.16951,16,413,0
2024-01-17 13:07:14.16955,16,413,0
2024-01-17 13:07:14.16961,16,413,0
2024-01-17 13:07:14.16966,16,413,0
2024-01-17 13:07:14.16970,16,413,0
2024-01-17 13:07:14.16979,16,413,0
2024-01-17 13:07:14.17000,16,413,0
2024-01-17 13:07:14.17009,16,413,0
2024-01-17 13:07:14.17019,16,413,0
2024-01-17 13:07:14.17024,16,413,0
2024-01-17 13:07:14.17029,16,413,0
2024-01-17 13:07:14.17040,16,413,0
2024-01-17 13:07:14.17050,16,413,0
2024-01-17 13:07:14.17155,16,413,0
2024-01-17 13:07:14.17171,16,413,0
2024-01-17 13:07:14.17176,16,413,0
2024-01-17 13:07:14.17180,16,413,0
2024-01-17 13:07:14.17184,16,413,0
2024-01-17 13:07:14.17189,16,413,0
2024-01-17 13:07:14.17204,16,413,0
2024-01-17 13:07:14.17209,16,413,0
2024-01-17 13:07:14.17228,16,413,0
2024-01-17 13:07:14.17397,16,413,0
2024-01-17 13:07:14.19166,16,413,0
2024-01-17 13:07:14.19338,16,413,0
2024-01-17 13:07:14.19544,16,413,0
2024-01-17 13:07:14.19647,16,413,0
2024-01-17 13:07:14.20268,16,413,0
2024-01-17 13:07:14.20699,16,413,0
2024-01-17 13:07:14.20955,16,413,0
2024-01-17 13:07:14.21179,16,413,0
2024-01-17 13:07:14.21387,16,413,0
2024-01-17 13:07:14.21525,16,413,0
2024-01-17 13:07:14.21631,16,413,0
2024-01-17 13:07:14.21804,16,413,0
2024-01-17 13:07:14.22026,16,413,0
2024-01-17 13:07:14.22175,16,413,0
2024-01-17 13:07:14.22263,16,413,0
2024-01-17 13:07:14.22426,16,413,0
2024-01-17 13:07:14.22539,16,413,0
2024-01-17 13:07:14.22578,16,413,0
2024-01-17 13:07:14.22670,16,413,0
2024-01-17 13:07:14.22772,16,413,0
2024-01-17 13:07:14.22837,16,413,0
2024-01-17 13:07:14.22885,16,413,0
2024-01-17 13:07:14.22977,16,413,0
2024-01-17 13:07:14.23043,16,413,0
2024-01-17 13:07:14.23121,16,413,0
2024-01-17 13:07:14.23194,16,413,0
2024-01-17 13:07:14.23242,16,413,0
2024-01-17 13:07:14.23289,16,413,0
2024-01-17 13:07:14.23391,16,413,0
2024-01-17 13:07:14.23485,16,413,0
2024-01-17 13:07:14.23529,16,413,0
2024-01-17 13:07:14.23605,16,413,0
2024-01-17 13:07:14.23697,16,413,0
2024-01-17 13:07:14.23773,16,413,0
2024-01-17 13:07:14.23817,16,413,0
2024-01-17 13:07:14.23866,16,413,0
2024-01-17 13:07:14.24055,16,413,0
2024-01-17 13:07:14.24064,16,413,0
2024-01-17 13:07:14.24076,16,413,0
2024-01-17 13:07:14.24089,16,413,0
2024-01-17 13:07:14.24143,16,413,0
2024-01-17 13:07:14.24148,16,413,0
2024-01-17 13:07:14.24152,16,413,0
2024-01-17 13:07:14.24158,16,413,0
2024-01-17 13:07:14.24165,16,413,0
2024-01-17 13:07:14.24170,16,413,0
2024-01-17 13:07:14.24183,16,413,0
2024-01-17 13:07:14.24199,16,413,0
2024-01-17 13:07:14.24209,16,413,0
2024-01-17 13:07:14.24222,16,413,0
2024-01-17 13:07:14.24335,16,413,0
2024-01-17 13:07:14.24392,16,413,0
2024-01-17 13:07:14.24430,16,413,0
2024-01-17 13:07:14.24514,16,413,0
2024-01-17 13:07:14.24539,16,413,0
2024-01-17 13:07:14.24584,16,413,0
2024-01-17 13:07:14.24671,16,413,0
2024-01-17 13:07:14.24679,16,413,0
2024-01-17 13:07:14.24878,16,413,0
2024-01-17 13:07:14.24887,16,413,0
2024-01-17 13:07:14.24892,16,413,0
2024-01-17 13:07:14.24899,16,413,0
2024-01-17 13:07:14.24906,16,413,0
2024-01-17 13:07:14.24912,16,413,0
2024-01-17 13:07:14.24918,16,413,0
2024-01-17 13:07:14.24932,16,413,0
2024-01-17 13:07:14.24945,16,413,0
2024-01-17 13:07:14.25135,16,413,0
2024-01-17 13:07:14.25141,16,413,0
2024-01-17 13:07:14.25146,16,413,0
2024-01-17 13:07:14.25153,16,413,0
2024-01-17 13:07:14.25159,16,413,0
2024-01-17 13:07:14.25171,16,413,0
2024-01-17 13:07:14.25178,16,413,0
2024-01-17 13:07:14.25184,16,413,0
2024-01-17 13:07:14.25189,16,413,0
2024-01-17 13:07:14.25194,16,413,0
2024-01-17 13:07:14.25205,16,413,0
2024-01-17 13:07:14.25210,16,413,0
2024-01-17 13:07:14.25218,16,413,0
2024-01-17 13:07:14.25225,16,413,0
2024-01-17 13:07:14.25231,16,413,0
2024-01-17 13:07:14.25240,16,413,0
2024-01-17 13:07:14.25247,16,413,0
2024-01-17 13:07:14.25261,16,413,0
2024-01-17 13:07:14.25267,16,413,0
2024-01-17 13:07:14.25271,16,413,0
2024-01-17 13:07:14.25276,16,413,0
2024-01-17 13:07:14.25283,16,413,0
2024-01-17 13:07:14.25288,16,413,0
2024-01-17 13:07:14.25293,16,413,0
2024-01-17 13:07:14.25310,16,413,0
2024-01-17 13:07:14.25323,16,413,0
2024-01-17 13:07:14.25330,16,413,0
2024-01-17 13:07:14.25339,16,413,0
2024-01-17 13:07:14.25355,16,413,0
2024-01-17 13:07:14.25366,16,413,0
2024-01-17 13:07:14.25371,16,413,0
2024-01-17 13:07:14.25386,16,413,0
2024-01-17 13:07:14.25400,16,413,0
2024-01-17 13:07:14.25405,16,413,0
2024-01-17 13:07:14.25414,16,413,0
2024-01-17 13:07:14.25429,16,413,0
2024-01-17 13:07:14.25440,16,413,0
2024-01-17 13:07:14.25450,16,413,0
2024-01-17 13:07:14.25456,16,413,0
2024-01-17 13:07:14.25462,16,413,0
2024-01-17 13:07:14.25467,16,413,0
2024-01-17 13:07:14.25477,16,413,0
2024-01-17 13:07:14.25484,16,413,0
2024-01-17 13:07:14.25491,16,413,0
2024-01-17 13:07:14.25495,16,413,0
2024-01-17 13:07:14.25502,16,413,0
2024-01-17 13:07:14.25508,16,413,0
2024-01-17 13:07:14.25514,16,413,0
2024-01-17 13:07:14.25602,16,413,0
2024-01-17 13:07:14.25617,16,413,0
2024-01-17 13:07:14.25623,16,413,0
2024-01-17 13:07:14.25629,16,413,0
2024-01-17 13:07:14.25634,16,413,0
2024-01-17 13:07:14.25641,16,413,0
2024-01-17 13:07:14.25646,16,413,0
2024-01-17 13:07:14.25652,16,413,0
2024-01-17 13:07:14.25658,16,413,0
2024-01-17 13:07:14.25664,16,413,0
2024-01-17 13:07:14.25669,16,413,0
2024-01-17 13:07:14.25675,16,413,0
2024-01-17 13:07:14.25679,16,413,0
2024-01-17 13:07:14.25687,16,413,0
2024-01-17 13:07:14.25694,16,413,0
2024-01-17 13:07:14.25720,16,413,0
2024-01-17 13:07:14.25725,16,413,0
2024-01-17 13:07:14.25750,16,413,0
2024-01-17 13:07:14.25767,16,413,0
2024-01-17 13:07:14.25809,16,413,0
2024-01-17 13:07:14.25843,16,413,0
2024-01-17 13:07:14.25897,16,413,0
2024-01-17 13:07:14.25906,16,413,0
2024-01-17 13:07:14.25939,16,413,0
2024-01-17 13:07:14.25993,16,413,0
2024-01-17 13:07:14.26018,16,413,0
2024-01-17 13:07:14.26058,16,413,0
2024-01-17 13:07:14.26090,16,413,0
2024-01-17 13:07:14.26113,16,413,0
2024-01-17 13:07:14.26169,16,413,0
2024-01-17 13:07:14.26188,16,413,0
2024-01-17 13:07:14.26204,16,413,0
2024-01-17 13:07:14.26214,16,413,0
2024-01-17 13:07:14.26224,16,413,0
2024-01-17 13:07:14.26231,16,413,0
2024-01-17 13:07:14.26280,16,413,0
2024-01-17 13:07:14.26287,16,413,0
2024-01-17 13:07:14.26295,16,413,0
2024-01-17 13:07:14.26300,16,413,0
2024-01-17 13:07:14.26306,16,413,0
2024-01-17 13:07:14.26311,16,413,0
2024-01-17 13:07:14.26319,16,413,0
2024-01-17 13:07:14.26325,16,413,0
2024-01-17 13:07:14.26330,16,413,0
2024-01-17 13:07:14.26335,16,413,0
2024-01-17 13:07:14.26342,16,413,0
2024-01-17 13:07:14.26349,16,413,0
2024-01-17 13:07:14.26355,16,413,0
2024-01-17 13:07:14.26362,16,413,0
2024-01-17 13:07:14.26367,16,413,0
2024-01-17 13:07:14.26371,16,413,0
2024-01-17 13:07:14.26403,16,413,0
2024-01-17 13:07:14.26416,16,413,0
2024-01-17 13:07:14.26425,16,413,0
2024-01-17 13:07:14.26436,16,413,0
2024-01-17 13:07:14.26445,16,413,0
2024-01-17 13:07:14.26451,16,413,0
2024-01-17 13:07:14.26456,16,413,0
2024-01-17 13:07:14.26480,16,413,0
2024-01-17 13:07:14.26492,16,413,0
2024-01-17 13:07:14.26502,16,413,0
2024-01-17 13:07:14.26510,16,413,0
2024-01-17 13:07:14.26522,16,413,0
2024-01-17 13:07:14.26528,16,413,0
2024-01-17 13:07:14.26534,16,413,0
2024-01-17 13:07:14.26540,16,413,0
2024-01-17 13:07:14.26544,16,413,0
2024-01-17 13:07:14.26551,16,413,0
2024-01-17 13:07:14.26557,16,413,0
2024-01-17 13:07:14.26562,16,413,0
2024-01-17 13:07:14.26567,16,413,0
2024-01-17 13:07:14.26573,16,413,0
2024-01-17 13:07:14.26579,16,413,0
2024-01-17 13:07:14.26583,16,413,0
2024-01-17 13:07:14.26587,16,413,0
2024-01-17 13:07:14.26592,16,413,0
2024-01-17 13:07:14.26616,16,413,0
2024-01-17 13:07:14.26622,16,413,0
2024-01-17 13:07:14.26627,16,413,0
2024-01-17 13:07:14.26631,16,413,0
2024-01-17 13:07:14.26638,16,413,0
2024-01-17 13:07:14.26645,16,413,0
2024-01-17 13:07:14.26650,16,413,0
2024-01-17 13:07:14.26659,16,413,0
2024-01-17 13:07:14.26666,16,413,0
2024-01-17 13:07:14.26717,16,413,0
2024-01-17 13:07:14.26722,16,413,0
2024-01-17 13:07:14.26728,16,413,0
2024-01-17 13:07:14.26733,16,413,0
2024-01-17 13:07:14.26739,16,413,0
2024-01-17 13:07:14.26777,16,413,0
2024-01-17 13:07:14.26790,16,413,0
2024-01-17 13:07:14.26802,16,413,0
2024-01-17 13:07:14.26807,16,413,0
2024-01-17 13:07:14.26813,16,413,0
2024-01-17 13:07:14.26845,16,413,0
2024-01-17 13:07:14.26946,16,413,0
2024-01-17 13:07:14.27009,16,413,0
2024-01-17 13:07:14.27017,16,413,0
2024-01-17 13:07:14.27024,16,413,0
2024-01-17 13:07:14.27037,16,413,0
2024-01-17 13:07:14.27048,16,413,0
2024-01-17 13:07:14.27076,16,413,0
2024-01-17 13:07:14.27092,16,413,0
2024-01-17 13:07:14.27100,16,413,0
2024-01-17 13:07:14.27108,16,413,0
2024-01-17 13:07:14.27129,16,413,0
2024-01-17 13:07:14.27146,16,413,0
2024-01-17 13:07:14.27154,16,413,0
2024-01-17 13:07:14.27164,16,413,0
2024-01-17 13:07:14.27174,16,413,0
2024-01-17 13:07:14.27182,16,413,0
2024-01-17 13:07:14.27188,16,413,0
2024-01-17 13:07:14.27199,16,413,0
2024-01-17 13:07:14.27208,16,413,0
2024-01-17 13:07:14.27257,16,413,0
2024-01-17 13:07:14.27270,16,413,0
2024-01-17 13:07:14.27287,16,413,0
2024-01-17 13:07:14.27292,16,413,0
2024-01-17 13:07:14.27297,16,413,0
2024-01-17 13:07:14.27307,16,413,0
2024-01-17 13:07:14.27312,16,413,0
2024-01-17 13:07:14.27319,16,413,0
2024-01-17 13:07:14.27324,16,413,0
2024-01-17 13:07:14.27331,16,413,0
2024-01-17 13:07:14.27341,16,413,0
2024-01-17 13:07:14.27346,16,413,0
2024-01-17 13:07:14.27351,16,413,0
2024-01-17 13:07:14.27358,16,413,0
2024-01-17 13:07:14.27364,16,413,0
2024-01-17 13:07:14.27370,16,413,0
2024-01-17 13:07:14.27377,16,413,0
2024-01-17 13:07:14.27382,16,413,0
2024-01-17 13:07:14.27387,16,413,0
2024-01-17 13:07:14.27394,16,413,0
2024-01-17 13:07:14.27431,16,413,0
2024-01-17 13:07:14.27443,16,413,0
2024-01-17 13:07:14.27453,16,413,0
2024-01-17 13:07:14.27477,16,413,0
2024-01-17 13:07:14.27487,16,413,0
2024-01-17 13:07:14.27493,16,413,0
2024-01-17 13:07:14.27499,16,413,0
2024-01-17 13:07:14.27519,16,413,0
2024-01-17 13:07:14.27531,16,413,0
2024-01-17 13:07:14.27543,16,413,0
2024-01-17 13:07:14.27560,16,413,0
2024-01-17 13:07:14.27564,16,413,0
2024-01-17 13:07:14.27571,16,413,0
2024-01-17 13:07:14.27577,16,413,0
2024-01-17 13:07:14.27591,16,413,0
2024-01-17 13:07:14.27601,16,413,0
2024-01-17 13:07:14.27619,16,413,0
2024-01-17 13:07:14.27630,16,413,0
2024-01-17 13:07:14.27634,16,413,0
2024-01-17 13:07:14.27639,16,413,0
2024-01-17 13:07:14.27643,16,413,0
2024-01-17 13:07:14.27648,16,413,0
2024-01-17 13:07:14.27653,16,413,0
2024-01-17 13:07:14.27659,16,413,0
2024-01-17 13:07:14.27664,16,413,0
2024-01-17 13:07:14.27670,16,413,0
2024-01-17 13:07:14.27674,16,413,0
2024-01-17 13:07:14.27681,16,413,0
2024-01-17 13:07:14.27686,16,413,0
2024-01-17 13:07:14.27691,16,413,0
2024-01-17 13:07:14.27697,16,413,0
2024-01-17 13:07:14.27702,16,413,0
2024-01-17 13:07:14.27707,16,413,0
2024-01-17 13:07:14.27712,16,413,0
2024-01-17 13:07:14.27724,16,413,0
2024-01-17 13:07:14.27730,16,413,0
2024-01-17 13:07:14.27736,16,413,0
2024-01-17 13:07:14.27743,16,413,0
2024-01-17 13:07:14.27748,16,413,0
2024-01-17 13:07:14.27755,16,413,0
2024-01-17 13:07:14.27761,16,413,0
2024-01-17 13:07:14.27766,16,413,0
2024-01-17 13:07:14.27772,16,413,0
2024-01-17 13:07:14.27777,16,413,0
2024-01-17 13:07:14.27783,16,413,0
2024-01-17 13:07:14.27788,16,413,0
2024-01-17 13:07:14.27795,16,413,0
2024-01-17 13:07:14.27805,16,413,0
2024-01-17 13:07:14.27811,16,413,0
2024-01-17 13:07:14.27816,16,413,0
2024-01-17 13:07:14.27821,16,413,0
2024-01-17 13:07:14.27826,16,413,0
2024-01-17 13:07:14.27832,16,413,0
2024-01-17 13:07:14.27840,16,413,0
2024-01-17 13:07:14.27845,16,413,0
2024-01-17 13:07:14.27851,16,413,0
2024-01-17 13:07:14.27856,16,413,0
2024-01-17 13:07:14.27871,16,413,0
2024-01-17 13:07:14.27885,16,413,0
2024-01-17 13:07:14.27896,16,413,0
2024-01-17 13:07:14.27905,16,413,0
2024-01-17 13:07:14.27913,16,413,0
2024-01-17 13:07:14.27918,16,413,0
2024-01-17 13:07:14.27922,16,413,0
2024-01-17 13:07:14.27928,16,413,0
2024-01-17 13:07:14.27935,16,413,0
2024-01-17 13:07:14.27941,16,413,0
2024-01-17 13:07:14.27945,16,413,0
2024-01-17 13:07:14.27950,16,413,0
2024-01-17 13:07:14.27956,16,413,0
2024-01-17 13:07:14.27961,16,413,0
2024-01-17 13:07:14.27967,16,413,0
2024-01-17 13:07:14.27972,16,413,0
2024-01-17 13:07:14.27978,16,413,0
2024-01-17 13:07:14.27984,16,413,0
2024-01-17 13:07:14.27988,16,413,0
2024-01-17 13:07:14.27994,16,413,0
2024-01-17 13:07:14.27999,16,413,0
2024-01-17 13:07:14.28003,16,413,0
2024-01-17 13:07:14.28030,16,413,0
2024-01-17 13:07:14.28035,16,413,0
2024-01-17 13:07:14.28041,16,413,0
2024-01-17 13:07:14.28048,16,413,0
2024-01-17 13:07:14.28053,16,413,0
2024-01-17 13:07:14.28058,16,413,0
2024-01-17 13:07:14.28067,16,413,0
2024-01-17 13:07:14.28073,16,413,0
2024-01-17 13:07:14.28079,16,413,0
2024-01-17 13:07:14.28085,16,413,0
2024-01-17 13:07:14.28093,16,413,0
2024-01-17 13:07:14.28105,16,413,0
2024-01-17 13:07:14.28117,16,413,0
2024-01-17 13:07:14.28128,16,413,0
2024-01-17 13:07:14.28139,16,413,0
2024-01-17 13:07:14.28152,16,413,0
2024-01-17 13:07:14.28157,16,413,0
2024-01-17 13:07:14.28162,16,413,0
2024-01-17 13:07:14.28168,16,413,0
2024-01-17 13:07:14.28175,16,413,0
2024-01-17 13:07:14.28180,16,413,0
2024-01-17 13:07:14.28185,16,413,0
2024-01-17 13:07:14.28190,16,413,0
2024-01-17 13:07:14.28196,16,413,0
2024-01-17 13:07:14.28203,16,413,0
2024-01-17 13:07:14.28207,16,413,0
2024-01-17 13:07:14.28213,16,413,0
2024-01-17 13:07:14.28218,16,413,0
2024-01-17 13:07:14.28224,16,413,0
2024-01-17 13:07:14.28230,16,413,0
2024-01-17 13:07:14.28234,16,413,0
2024-01-17 13:07:14.28240,16,413,0
2024-01-17 13:07:14.28245,16,413,0
2024-01-17 13:07:14.28249,16,413,0
2024-01-17 13:07:14.28255,16,413,0
2024-01-17 13:07:14.28260,16,413,0
2024-01-17 13:07:14.28264,16,413,0
2024-01-17 13:07:14.28270,16,413,0
2024-01-17 13:07:14.28285,16,413,0
2024-01-17 13:07:14.28300,16,413,0
2024-01-17 13:07:14.28317,16,413,0
2024-01-17 13:07:14.28322,16,413,0
2024-01-17 13:07:14.28327,16,413,0
2024-01-17 13:07:14.28331,16,413,0
2024-01-17 13:07:15.16851,17,587,0
2024-01-17 13:07:15.16870,17,587,0
2024-01-17 13:07:15.16877,17,587,0
2024-01-17 13:07:15.16884,17,587,0
2024-01-17 13:07:15.16889,17,587,0
2024-01-17 13:07:15.16895,17,587,0
2024-01-17 13:07:15.16900,17,587,0
2024-01-17 13:07:15.16905,17,587,0
2024-01-17 13:07:15.16911,17,587,0
2024-01-17 13:07:15.16918,17,587,0
2024-01-17 13:07:15.16924,17,587,0
2024-01-17 13:07:15.16929,17,587,0
2024-01-17 13:07:15.16936,17,587,0
2024-01-17 13:07:15.16945,17,587,0
2024-01-17 13:07:15.16959,17,587,0
2024-01-17 13:07:15.16973,17,587,0
2024-01-17 13:07:15.16978,17,587,0
2024-01-17 13:07:15.16986,17,587,0
2024-01-17 13:07:15.16991,17,587,0
2024-01-17 13:07:15.16997,17,587,0
2024-01-17 13:07:15.17003,17,587,0
2024-01-17 13:07:15.17024,17,587,0
2024-01-17 13:07:15.17030,17,587,0
2024-01-17 13:07:15.17036,17,587,0
2024-01-17 13:07:15.17041,17,587,0
2024-01-17 13:07:15.17047,17,587,0
2024-01-17 13:07:15.17056,17,587,0
2024-01-17 13:07:15.17062,17,587,0
2024-01-17 13:07:15.17066,17,587,0
2024-01-17 13:07:15.17073,17,587,0
2024-01-17 13:07:15.17078,17,587,0
2024-01-17 13:07:15.17083,17,587,0
2024-01-17 13:07:15.17090,17,587,0
2024-01-17 13:07:15.17098,17,587,0
2024-01-17 13:07:15.17102,17,587,0
2024-01-17 13:07:15.17107,17,587,0
2024-01-17 13:07:15.17111,17,587,0
2024-01-17 13:07:15.17116,17,587,0
2024-01-17 13:07:15.17120,17,587,0
2024-01-17 13:07:15.17131,17,587,0
2024-01-17 13:07:15.17135,17,587,0
2024-01-17 13:07:15.17141,17,587,0
2024-01-17 13:07:15.17152,17,587,0
2024-01-17 13:07:15.17157,17,587,0
2024-01-17 13:07:15.17163,17,587,0
2024-01-17 13:07:15.17168,17,587,0
2024-01-17 13:07:15.17172,17,587,0
2024-01-17 13:07:15.17177,17,587,0
2024-01-17 13:07:15.17181,17,587,0
2024-01-17 13:07:15.17186,17,587,0
2024-01-17 13:07:15.17207,17,587,0
2024-01-17 13:07:15.17226,17,587,0
2024-01-17 13:07:15.17232,17,587,0
2024-01-17 13:07:15.17236,17,587,0
2024-01-17 13:07:15.17241,17,587,0
2024-01-17 13:07:15.17246,17,587,0
2024-01-17 13:07:15.17252,17,587,0
2024-01-17 13:07:15.17256,17,587,0
2024-01-17 13:07:15.17261,17,587,0
2024-01-17 13:07:15.17285,17,587,0
2024-01-17 13:07:15.17304,17,587,0
2024-01-17 13:07:15.17311,17,587,0
2024-01-17 13:07:15.17317,17,587,0
2024-01-17 13:07:15.17323,17,587,0
2024-01-17 13:07:15.17338,17,587,0
2024-01-17 13:07:15.17345,17,587,0
2024-01-17 13:07:15.17350,17,587,0
2024-01-17 13:07:15.17357,17,587,0
2024-01-17 13:07:15.17362,17,587,0
2024-01-17 13:07:15.17367,17,587,0
2024-01-17 13:07:15.17374,17,587,0
2024-01-17 13:07:15.17379,17,587,0
2024-01-17 13:07:15.17385,17,587,0
2024-01-17 13:07:15.17390,17,587,0
2024-01-17 13:07:15.17395,17,587,0
2024-01-17 13:07:15.17401,17,587,0
2024-01-17 13:07:15.17406,17,587,0
2024-01-17 13:07:15.17412,17,587,0
2024-01-17 13:07:15.17417,17,587,0
2024-01-17 13:07:15.17423,17,587,0
2024-01-17 13:07:15.17428,17,587,0
2024-01-17 13:07:15.17432,17,587,0
2024-01-17 13:07:15.17438,17,587,0
2024-01-17 13:07:15.17442,17,587,0
2024-01-17 13:07:15.17449,17,587,0
2024-01-17 13:07:15.17453,17,587,0
2024-01-17 13:07:15.17459,17,587,0
2024-01-17 13:07:15.17470,17,587,0
2024-01-17 13:07:15.17475,17,587,0
2024-01-17 13:07:15.17480,17,587,0
2024-01-17 13:07:15.17484,17,587,0
2024-01-17 13:07:15.17489,17,587,0
2024-01-17 13:07:15.17493,17,587,0
2024-01-17 13:07:15.17501,17,587,0
2024-01-17 13:07:15.17506,17,587,0
2024-01-17 13:07:15.17519,17,587,0
2024-01-17 13:07:15.17524,17,587,0
2024-01-17 13:07:15.17528,17,587,0
2024-01-17 13:07:15.17542,17,587,0
2024-01-17 13:07:15.17548,17,587,0
2024-01-17 13:07:15.17553,17,587,0
2024-01-17 13:07:15.17558,17,587,0
2024-01-17 13:07:15.17563,17,587,0
2024-01-17 13:07:15.17567,17,587,0
2024-01-17 13:07:15.17573,17,587,0
2024-01-17 13:07:15.17580,17,587,0
2024-01-17 13:07:15.17584,17,587,0
2024-01-17 13:07:15.17589,17,587,0
2024-01-17 13:07:15.17596,17,587,0
2024-01-17 13:07:15.17602,17,587,0
2024-01-17 13:07:15.17610,17,587,0
2024-01-17 13:07:15.17615,17,587,0
2024-01-17 13:07:15.17623,17,587,0
2024-01-17 13:07:15.17628,17,587,0
2024-01-17 13:07:15.17633,17,587,0
2024-01-17 13:07:15.17637,17,587,0
2024-01-17 13:07:15.17646,17,587,0
2024-01-17 13:07:15.17652,17,587,0
2024-01-17 13:07:15.17659,17,587,0
2024-01-17 13:07:15.17663,17,587,0
2024-01-17 13:07:15.17668,17,587,0
2024-01-17 13:07:15.17673,17,587,0
2024-01-17 13:07:15.17678,17,587,0
2024-01-17 13:07:15.17687,17,587,0
2024-01-17 13:07:15.17692,17,587,0
2024-01-17 13:07:15.17696,17,587,0
2024-01-17 13:07:15.17706,17,587,0
2024-01-17 13:07:15.17711,17,587,0
2024-01-17 13:07:15.17716,17,587,0
2024-01-17 13:07:15.17720,17,587,0
2024-01-17 13:07:15.17725,17,587,0
2024-01-17 13:07:15.17731,17,587,0
2024-01-17 13:07:15.17738,17,587,0
2024-01-17 13:07:15.17743,17,587,0
2024-01-17 13:07:15.17749,17,587,0
2024-01-17 13:07:15.17755,17,587,0
2024-01-17 13:07:15.17760,17,587,0
2024-01-17 13:07:15.17765,17,587,0
2024-01-17 13:07:15.17775,17,587,0
2024-01-17 13:07:15.17783,17,587,0
2024-01-17 13:07:15.17787,17,587,0
2024-01-17 13:07:15.17792,17,587,0
2024-01-17 13:07:15.17808,17,587,0
2024-01-17 13:07:15.17822,17,587,0
2024-01-17 13:07:15.17827,17,587,0
2024-01-17 13:07:15.17832,17,587,0
2024-01-17 13:07:15.17839,17,587,0
2024-01-17 13:07:15.17846,17,587,0
2024-01-17 13:07:15.17851,17,587,0
2024-01-17 13:07:15.17855,17,587,0
2024-01-17 13:07:15.17862,17,587,0
2024-01-17 13:07:15.17882,17,587,0
2024-01-17 13:07:15.17887,17,587,0
2024-01-17 13:07:15.17894,17,587,0
2024-01-17 13:07:15.17902,17,587,0
2024-01-17 13:07:15.17913,17,587,0
2024-01-17 13:07:15.17927,17,587,0
2024-01-17 13:07:15.17934,17,587,0
2024-01-17 13:07:15.17941,17,587,0
2024-01-17 13:07:15.17949,17,587,0
2024-01-17 13:07:15.17958,17,587,0
2024-01-17 13:07:15.17969,17,587,0
2024-01-17 13:07:15.17980,17,587,0
2024-01-17 13:07:15.17986,17,587,0
2024-01-17 13:07:15.17991,17,587,0
2024-01-17 13:07:15.17999,17,587,0
2024-01-17 13:07:15.18006,17,587,0
2024-01-17 13:07:15.18014,17,587,0
2024-01-17 13:07:15.18020,17,587,0
2024-01-17 13:07:15.18025,17,587,0
2024-01-17 13:07:15.18030,17,587,0
2024-01-17 13:07:15.18035,17,587,0
2024-01-17 13:07:15.18039,17,587,0
2024-01-17 13:07:15.18046,17,587,0
2024-01-17 13:07:15.18051,17,587,0
2024-01-17 13:07:15.18057,17,587,0
2024-01-17 13:07:15.18065,17,587,0
2024-01-17 13:07:15.18074,17,587,0
2024-01-17 13:07:15.18080,17,587,0
2024-01-17 13:07:15.18087,17,587,0
2024-01-17 13:07:15.18092,17,587,0
2024-01-17 13:07:15.18099,17,587,0
2024-01-17 13:07:15.18104,17,587,0
2024-01-17 13:07:15.18110,17,587,0
2024-01-17 13:07:15.18115,17,587,0
2024-01-17 13:07:15.18121,17,587,0
2024-01-17 13:07:15.18127,17,587,0
2024-01-17 13:07:15.18133,17,587,0
2024-01-17 13:07:15.18139,17,587,0
2024-01-17 13:07:15.18152,17,587,0
2024-01-17 13:07:15.18163,17,587,0
2024-01-17 13:07:15.18168,17,587,0
2024-01-17 13:07:15.18174,17,587,0
2024-01-17 13:07:15.18181,17,587,0
2024-01-17 13:07:15.18186,17,587,0
2024-01-17 13:07:15.18192,17,587,0
2024-01-17 13:07:15.18197,17,587,0
2024-01-17 13:07:15.18203,17,587,0
2024-01-17 13:07:15.18214,17,587,0
2024-01-17 13:07:15.18219,17,587,0
2024-01-17 13:07:15.18227,17,587,0
2024-01-17 13:07:15.18232,17,587,0
2024-01-17 13:07:15.18238,17,587,0
2024-01-17 13:07:15.18253,17,587,0
2024-01-17 13:07:15.18265,17,587,0
2024-01-17 13:07:15.18270,17,587,0
2024-01-17 13:07:15.18276,17,587,0
2024-01-17 13:07:15.18280,17,587,0
2024-01-17 13:07:15.18286,17,587,0
2024-01-17 13:07:15.18291,17,587,0
2024-01-17 13:07:15.18296,17,587,0
2024-01-17 13:07:15.18306,17,587,0
2024-01-17 13:07:15.18322,17,587,0
2024-01-17 13:07:15.18333,17,587,0
2024-01-17 13:07:15.18338,17,587,0
2024-01-17 13:07:15.18344,17,587,0
2024-01-17 13:07:15.18351,17,587,0
2024-01-17 13:07:15.18356,17,587,0
2024-01-17 13:07:15.18373,17,587,0
2024-01-17 13:07:15.18379,17,587,0
2024-01-17 13:07:15.18384,17,587,0
2024-01-17 13:07:15.18391,17,587,0
2024-01-17 13:07:15.18396,17,587,0
2024-01-17 13:07:15.18401,17,587,0
2024-01-17 13:07:15.18407,17,587,0
2024-01-17 13:07:15.18414,17,587,0
2024-01-17 13:07:15.18420,17,587,0
2024-01-17 13:07:15.18425,17,587,0
2024-01-17 13:07:15.18432,17,587,0
2024-01-17 13:07:15.18438,17,587,0
2024-01-17 13:07:15.18446,17,587,0
2024-01-17 13:07:15.18455,17,587,0
2024-01-17 13:07:15.18480,17,587,0
2024-01-17 13:07:15.18486,17,587,0
2024-01-17 13:07:15.18493,17,587,0
2024-01-17 13:07:15.18498,17,587,0
2024-01-17 13:07:15.18507,17,587,0
2024-01-17 13:07:15.18513,17,587,0
2024-01-17 13:07:15.18518,17,587,0
2024-01-17 13:07:15.18524,17,587,0
2024-01-17 13:07:15.18528,17,587,0
2024-01-17 13:07:15.18548,17,587,0
2024-01-17 13:07:15.18561,17,587,0
2024-01-17 13:07:15.18567,17,587,0
2024-01-17 13:07:15.18573,17,587,0
2024-01-17 13:07:15.18578,17,587,0
2024-01-17 13:07:15.18583,17,587,0
2024-01-17 13:07:15.18589,17,587,0
2024-01-17 13:07:15.18597,17,587,0
2024-01-17 13:07:15.18602,17,587,0
2024-01-17 13:07:15.18608,17,587,0
2024-01-17 13:07:15.18616,17,587,0
2024-01-17 13:07:15.18622,17,587,0
2024-01-17 13:07:15.18626,17,587,0
2024-01-17 13:07:15.18632,17,587,0
2024-01-17 13:07:15.18636,17,587,0
2024-01-17 13:07:15.18643,17,587,0
2024-01-17 13:07:15.18657,17,587,0
2024-01-17 13:07:15.18662,17,587,0
2024-01-17 13:07:15.18667,17,587,0
2024-01-17 13:07:15.18673,17,587,0
2024-01-17 13:07:15.18679,17,587,0
2024-01-17 13:07:15.18693,17,587,0
2024-01-17 13:07:15.18698,17,587,0
2024-01-17 13:07:15.18705,17,587,0
2024-01-17 13:07:15.18711,17,587,0
2024-01-17 13:07:15.18717,17,587,0
2024-01-17 13:07:15.18723,17,587,0
2024-01-17 13:07:15.18729,17,587,0
2024-01-17 13:07:15.18734,17,587,0
2024-01-17 13:07:15.18741,17,587,0
2024-01-17 13:07:15.18748,17,587,0
2024-01-17 13:07:15.18758,17,587,0
2024-01-17 13:07:15.18776,17,587,0
2024-01-17 13:07:15.18784,17,587,0
2024-01-17 13:07:15.18792,17,587,0
2024-01-17 13:07:15.18798,17,587,0
2024-01-17 13:07:15.18805,17,587,0
2024-01-17 13:07:15.18812,17,587,0
2024-01-17 13:07:15.18818,17,587,0
2024-01-17 13:07:15.18826,17,587,0
2024-01-17 13:07:15.18832,17,587,0
2024-01-17 13:07:15.18846,17,587,0
2024-01-17 13:07:15.18853,17,587,0
2024-01-17 13:07:15.18859,17,587,0
2024-01-17 13:07:15.18864,17,587,0
2024-01-17 13:07:15.18870,17,587,0
2024-01-17 13:07:15.18875,17,587,0
2024-01-17 13:07:15.18881,17,587,0
2024-01-17 13:07:15.18890,17,587,0
2024-01-17 13:07:15.18899,17,587,0
2024-01-17 13:07:15.18904,17,587,0
2024-01-17 13:07:15.18916,17,587,0
2024-01-17 13:07:15.18925,17,587,0
2024-01-17 13:07:15.18930,17,587,0
2024-01-17 13:07:15.18936,17,587,0
2024-01-17 13:07:15.18941,17,587,0
2024-01-17 13:07:15.18959,17,587,0
2024-01-17 13:07:15.18976,17,587,0
2024-01-17 13:07:15.18981,17,587,0
2024-01-17 13:07:15.18989,17,587,0
2024-01-17 13:07:15.19003,17,587,0
2024-01-17 13:07:15.19014,17,587,0
2024-01-17 13:07:15.19021,17,587,0
2024-01-17 13:07:15.19027,17,587,0
2024-01-17 13:07:15.19044,17,587,0
2024-01-17 13:07:15.19050,17,587,0
2024-01-17 13:07:15.19056,17,587,0
2024-01-17 13:07:15.19063,17,587,0
2024-01-17 13:07:15.19069,17,587,0
2024-01-17 13:07:15.19075,17,587,0
2024-01-17 13:07:15.19085,17,587,0
2024-01-17 13:07:15.19092,17,587,0
2024-01-17 13:07:15.19098,17,587,0
2024-01-17 13:07:15.19104,17,587,0
2024-01-17 13:07:15.19109,17,587,0
2024-01-17 13:07:15.19117,17,587,0
2024-01-17 13:07:15.19122,17,587,0
2024-01-17 13:07:15.19128,17,587,0
2024-01-17 13:07:15.19142,17,587,0
2024-01-17 13:07:15.19156,17,587,0
2024-01-17 13:07:15.19162,17,587,0
2024-01-17 13:07:15.19168,17,587,0
2024-01-17 13:07:15.19174,17,587,0
2024-01-17 13:07:15.19181,17,587,0
2024-01-17 13:07:15.19187,17,587,0
2024-01-17 13:07:15.19194,17,587,0
2024-01-17 13:07:15.19205,17,587,0
2024-01-17 13:07:15.19211,17,587,0
2024-01-17 13:07:15.19216,17,587,0
2024-01-17 13:07:15.19221,17,587,0
2024-01-17 13:07:15.19232,17,587,0
2024-01-17 13:07:15.19238,17,587,0
2024-01-17 13:07:15.19244,17,587,0
2024-01-17 13:07:15.19249,17,587,0
2024-01-17 13:07:15.19254,17,587,0
2024-01-17 13:07:15.19259,17,587,0
2024-01-17 13:07:15.19265,17,587,0
2024-01-17 13:07:15.19270,17,587,0
2024-01-17 13:07:15.19279,17,587,0
2024-01-17 13:07:15.19286,17,587,0
2024-01-17 13:07:15.19292,17,587,0
2024-01-17 13:07:15.19298,17,587,0
2024-01-17 13:07:15.19303,17,587,0
2024-01-17 13:07:15.19309,17,587,0
2024-01-17 13:07:15.19314,17,587,0
2024-01-17 13:07:15.19319,17,587,0
2024-01-17 13:07:15.19326,17,587,0
2024-01-17 13:07:15.19333,17,587,0
2024-01-17 13:07:15.19338,17,587,0
2024-01-17 13:07:15.19345,17,587,0
2024-01-17 13:07:15.19349,17,587,0
2024-01-17 13:07:15.19359,17,587,0
2024-01-17 13:07:15.19374,17,587,0
2024-01-17 13:07:15.19385,17,587,0
2024-01-17 13:07:15.19390,17,587,0
2024-01-17 13:07:15.19395,17,587,0
2024-01-17 13:07:15.19402,17,587,0
2024-01-17 13:07:15.19410,17,587,0
2024-01-17 13:07:15.19428,17,587,0
2024-01-17 13:07:15.19434,17,587,0
2024-01-17 13:07:15.19440,17,587,0
2024-01-17 13:07:15.19446,17,587,0
2024-01-17 13:07:15.19458,17,587,0
2024-01-17 13:07:15.19464,17,587,0
2024-01-17 13:07:15.19470,17,587,0
2024-01-17 13:07:15.19476,17,587,0
2024-01-17 13:07:15.19483,17,587,0
2024-01-17 13:07:15.19489,17,587,0
2024-01-17 13:07:15.19495,17,587,0
2024-01-17 13:07:15.19500,17,587,0
2024-01-17 13:07:15.19515,17,587,0
2024-01-17 13:07:15.19521,17,587,0
2024-01-17 13:07:15.19527,17,587,0
2024-01-17 13:07:15.19532,17,587,0
2024-01-17 13:07:15.19538,17,587,0
2024-01-17 13:07:15.19547,17,587,0
2024-01-17 13:07:15.19552,17,587,0
2024-01-17 13:07:15.19559,17,587,0
2024-01-17 13:07:15.19567,17,587,0
2024-01-17 13:07:15.19573,17,587,0
2024-01-17 13:07:15.19579,17,587,0
2024-01-17 13:07:15.19586,17,587,0
2024-01-17 13:07:15.19592,17,587,0
2024-01-17 13:07:15.19599,17,587,0
2024-01-17 13:07:15.19605,17,587,0
2024-01-17 13:07:15.19612,17,587,0
2024-01-17 13:07:15.19617,17,587,0
2024-01-17 13:07:15.19621,17,587,0
2024-01-17 13:07:15.19632,17,587,0
2024-01-17 13:07:15.19637,17,587,0
2024-01-17 13:07:15.19643,17,587,0
2024-01-17 13:07:15.19648,17,587,0
2024-01-17 13:07:15.19653,17,587,0
2024-01-17 13:07:15.19657,17,587,0
2024-01-17 13:07:15.19661,17,587,0
2024-01-17 13:07:15.19666,17,587,0
2024-01-17 13:07:15.19672,17,587,0
2024-01-17 13:07:15.19677,17,587,0
2024-01-17 13:07:15.19685,17,587,0
2024-01-17 13:07:15.19691,17,587,0
2024-01-17 13:07:15.19707,17,587,0
2024-01-17 13:07:15.19721,17,587,0
2024-01-17 13:07:15.19726,17,587,0
2024-01-17 13:07:15.19730,17,587,0
2024-01-17 13:07:15.19734,17,587,0
2024-01-17 13:07:15.19742,17,587,0
2024-01-17 13:07:15.19747,17,587,0
2024-01-17 13:07:15.19754,17,587,0
2024-01-17 13:07:15.19761,17,587,0
2024-01-17 13:07:15.19770,17,587,0
2024-01-17 13:07:15.19775,17,587,0
2024-01-17 13:07:15.19781,17,587,0
2024-01-17 13:07:15.19786,17,587,0
2024-01-17 13:07:15.19791,17,587,0
2024-01-17 13:07:15.19797,17,587,0
2024-01-17 13:07:15.19804,17,587,0
2024-01-17 13:07:15.19811,17,587,0
2024-01-17 13:07:15.19828,17,587,0
2024-01-17 13:07:15.19844,17,587,0
2024-01-17 13:07:15.19860,17,587,0
2024-01-17 13:07:15.19866,17,587,0
2024-01-17 13:07:15.19871,17,587,0
2024-01-17 13:07:15.19876,17,587,0
2024-01-17 13:07:15.19880,17,587,0
2024-01-17 13:07:15.19886,17,587,0
2024-01-17 13:07:15.19897,17,587,0
2024-01-17 13:07:15.19902,17,587,0
2024-01-17 13:07:15.19907,17,587,0
2024-01-17 13:07:15.19912,17,587,0
2024-01-17 13:07:15.19917,17,587,0
2024-01-17 13:07:15.19922,17,587,0
2024-01-17 13:07:15.19930,17,587,0
2024-01-17 13:07:15.19934,17,587,0
2024-01-17 13:07:15.19942,17,587,0
2024-01-17 13:07:15.19950,17,587,0
2024-01-17 13:07:15.19956,17,587,0
2024-01-17 13:07:15.19960,17,587,0
2024-01-17 13:07:15.19964,17,587,0
2024-01-17 13:07:15.19973,17,587,0
2024-01-17 13:07:15.19980,17,587,0
2024-01-17 13:07:15.19985,17,587,0
2024-01-17 13:07:15.19990,17,587,0
2024-01-17 13:07:15.19998,17,587,0
2024-01-17 13:07:15.20004,17,587,0
2024-01-17 13:07:15.20009,17,587,0
2024-01-17 13:07:15.20017,17,587,0
2024-01-17 13:07:15.20022,17,587,0
2024-01-17 13:07:15.20036,17,587,0
2024-01-17 13:07:15.20041,17,587,0
2024-01-17 13:07:15.20046,17,587,0
2024-01-17 13:07:15.20051,17,587,0
2024-01-17 13:07:15.20057,17,587,0
2024-01-17 13:07:15.20063,17,587,0
2024-01-17 13:07:15.20071,17,587,0
2024-01-17 13:07:15.20088,17,587,0
2024-01-17 13:07:15.20101,17,587,0
2024-01-17 13:07:15.20120,17,587,0
2024-01-17 13:07:15.20125,17,587,0
2024-01-17 13:07:15.20129,17,587,0
2024-01-17 13:07:15.20134,17,587,0
2024-01-17 13:07:15.20139,17,587,0
2024-01-17 13:07:15.20146,17,587,0
2024-01-17 13:07:15.20151,17,587,0
2024-01-17 13:07:15.20156,17,587,0
2024-01-17 13:07:15.20161,17,587,0
2024-01-17 13:07:15.20166,17,587,0
2024-01-17 13:07:15.20171,17,587,0
2024-01-17 13:07:15.20176,17,587,0
2024-01-17 13:07:15.20183,17,587,0
2024-01-17 13:07:15.20196,17,587,0
2024-01-17 13:07:15.20200,17,587,0
2024-01-17 13:07:15.20211,17,587,0
2024-01-17 13:07:15.20216,17,587,0
2024-01-17 13:07:15.20221,17,587,0
2024-01-17 13:07:15.20227,17,587,0
2024-01-17 13:07:15.20232,17,587,0
2024-01-17 13:07:15.20238,17,587,0
2024-01-17 13:07:15.20242,17,587,0
2024-01-17 13:07:15.20246,17,587,0
2024-01-17 13:07:15.20252,17,587,0
2024-01-17 13:07:15.20257,17,587,0
2024-01-17 13:07:15.20261,17,587,0
2024-01-17 13:07:15.20266,17,587,0
2024-01-17 13:07:15.20271,17,587,0
2024-01-17 13:07:15.20278,17,587,0
2024-01-17 13:07:15.20283,17,587,0
2024-01-17 13:07:15.20288,17,587,0
2024-01-17 13:07:15.20303,17,587,0
2024-01-17 13:07:15.20309,17,587,0
2024-01-17 13:07:15.20319,17,587,0
2024-01-17 13:07:15.20325,17,587,0
2024-01-17 13:07:15.20329,17,587,0
2024-01-17 13:07:15.20335,17,587,0
2024-01-17 13:07:15.20341,17,587,0
2024-01-17 13:07:15.20346,17,587,0
2024-01-17 13:07:15.20357,17,587,0
2024-01-17 13:07:15.20362,17,587,0
2024-01-17 13:07:15.20369,17,587,0
2024-01-17 13:07:15.20375,17,587,0
2024-01-17 13:07:15.20380,17,587,0
2024-01-17 13:07:15.20385,17,587,0
2024-01-17 13:07:15.20390,17,587,0
2024-01-17 13:07:15.20397,17,587,0
2024-01-17 13:07:15.20403,17,587,0
2024-01-17 13:07:15.20407,17,587,0
2024-01-17 13:07:15.20413,17,587,0
2024-01-17 13:07:15.20419,17,587,0
2024-01-17 13:07:15.20424,17,587,0
2024-01-17 13:07:15.20431,17,587,0
2024-01-17 13:07:15.20437,17,587,0
2024-01-17 13:07:15.20442,17,587,0
2024-01-17 13:07:15.20446,17,587,0
2024-01-17 13:07:15.20463,17,587,0
2024-01-17 13:07:15.20475,17,587,0
2024-01-17 13:07:15.20479,17,587,0
2024-01-17 13:07:15.20484,17,587,0
2024-01-17 13:07:15.20489,17,587,0
2024-01-17 13:07:15.20496,17,587,0
2024-01-17 13:07:15.20501,17,587,0
2024-01-17 13:07:15.20516,17,587,0
2024-01-17 13:07:15.20520,17,587,0
2024-01-17 13:07:15.20527,17,587,0
2024-01-17 13:07:15.20535,17,587,0
2024-01-17 13:07:15.20540,17,587,0
2024-01-17 13:07:15.20546,17,587,0
2024-01-17 13:07:15.20551,17,587,0
2024-01-17 13:07:15.20557,17,587,0
2024-01-17 13:07:15.20562,17,587,0
2024-01-17 13:07:15.20567,17,587,0
2024-01-17 13:07:15.20572,17,587,0
2024-01-17 13:07:15.20577,17,587,0
2024-01-17 13:07:15.20585,17,587,0
2024-01-17 13:07:15.20590,17,587,0
2024-01-17 13:07:15.20594,17,587,0
2024-01-17 13:07:15.20601,17,587,0
2024-01-17 13:07:15.20608,17,587,0
2024-01-17 13:07:15.20614,17,587,0
2024-01-17 13:07:15.20618,17,587,0
2024-01-17 13:07:15.20623,17,587,0
2024-01-17 13:07:15.20628,17,587,0
2024-01-17 13:07:15.20633,17,587,0
2024-01-17 13:07:15.20641,17,587,0
2024-01-17 13:07:15.20652,17,587,0
2024-01-17 13:07:15.20659,17,587,0
2024-01-17 13:07:15.20664,17,587,0
2024-01-17 13:07:15.20670,17,587,0
2024-01-17 13:07:15.20675,17,587,0
2024-01-17 13:07:15.20680,17,587,0
2024-01-17 13:07:15.20685,17,587,0
2024-01-17 13:07:15.20692,17,587,0
2024-01-17 13:07:15.20702,17,587,0
2024-01-17 13:07:15.20706,17,587,0
2024-01-17 13:07:15.20712,17,587,0
2024-01-17 13:07:15.20716,17,587,0
2024-01-17 13:07:15.20721,17,587,0
2024-01-17 13:07:15.20725,17,587,0
2024-01-17 13:07:15.20734,17,587,0
2024-01-17 13:07:15.20770,17,587,0
2024-01-17 13:07:15.20775,17,587,0
2024-01-17 13:07:15.20781,17,587,0
2024-01-17 13:07:15.20789,17,587,0
2024-01-17 13:07:15.20794,17,587,0
2024-01-17 13:07:15.20799,17,587,0
2024-01-17 13:07:15.20807,17,587,0
2024-01-17 13:07:15.20813,17,587,0
2024-01-17 13:07:15.20817,17,587,0
2024-01-17 13:07:15.20854,17,587,0
2024-01-17 13:07:15.20858,17,587,0
2024-01-17 13:07:15.20863,17,587,0
2024-01-17 13:07:15.20868,17,587,0
2024-01-17 13:07:15.20874,17,587,0
2024-01-17 13:07:15.20880,17,587,0
2024-01-17 13:07:15.20887,17,587,0
2024-01-17 13:07:15.20893,17,587,0
2024-01-17 13:07:15.20897,17,587,0
2024-01-17 13:07:15.20903,17,587,0
2024-01-17 13:07:15.20908,17,587,0
2024-01-17 13:07:15.20918,17,587,0
2024-01-17 13:07:15.20962,17,587,0
2024-01-17 13:07:15.20967,17,587,0
2024-01-17 13:07:15.20983,17,587,0
2024-01-17 13:07:15.20996,17,587,0
2024-01-17 13:07:15.21010,17,587,0
2024-01-17 13:07:15.21021,17,587,0
2024-01-17 13:07:15.21032,17,587,0
2024-01-17 13:07:15.21044,17,587,0
2024-01-17 13:07:27.99836,18,20,0
2024-01-17 13:07:27.99857,18,20,0
2024-01-17 13:07:27.99861,18,20,0
2024-01-17 13:07:27.99973,18,20,0
2024-01-17 13:07:27.99979,18,20,0
2024-01-17 13:07:27.99985,18,20,0
2024-01-17 13:07:28.00036,18,20,0
2024-01-17 13:07:28.00095,18,20,0
2024-01-17 13:07:28.00138,18,20,0
2024-01-17 13:07:28.00155,18,20,0
2024-01-17 13:07:28.00164,18,20,0
2024-01-17 13:07:28.00174,18,20,0
2024-01-17 13:07:28.00184,18,20,0
2024-01-17 13:07:28.00194,18,20,0
2024-01-17 13:07:28.00206,18,20,0
2024-01-17 13:07:28.00215,18,20,0
2024-01-17 13:07:28.00239,18,20,0
2024-01-17 13:07:28.00246,18,20,0
2024-01-17 13:07:28.00253,18,20,0
2024-01-17 13:07:28.00260,18,20,0
2024-01-17 13:07:28.55655,19,490,0
2024-01-17 13:07:28.55667,19,490,0
2024-01-17 13:07:28.55684,19,490,0
2024-01-17 13:07:28.55702,19,490,0
2024-01-17 13:07:28.55715,19,490,0
2024-01-17 13:07:28.55733,19,490,0
2024-01-17 13:07:28.55775,19,490,0
2024-01-17 13:07:28.55789,19,490,0
2024-01-17 13:07:28.55807,19,490,0
2024-01-17 13:07:28.55815,19,490,0
2024-01-17 13:07:28.55824,19,490,0
2024-01-17 13:07:28.55833,19,490,0
2024-01-17 13:07:28.55843,19,490,0
2024-01-17 13:07:28.55855,19,490,0
2024-01-17 13:07:28.55863,19,490,0
2024-01-17 13:07:28.55875,19,490,0
2024-01-17 13:07:28.55884,19,490,0
2024-01-17 13:07:28.55898,19,490,0
2024-01-17 13:07:28.55910,19,490,0
2024-01-17 13:07:28.55932,19,490,0
2024-01-17 13:07:28.55943,19,490,0
2024-01-17 13:07:28.55952,19,490,0
2024-01-17 13:07:28.55966,19,490,0
2024-01-17 13:07:28.55987,19,490,0
2024-01-17 13:07:28.55999,19,490,0
2024-01-17 13:07:28.56010,19,490,0
2024-01-17 13:07:28.56030,19,490,0
2024-01-17 13:07:28.56039,19,490,0
2024-01-17 13:07:28.56050,19,490,0
2024-01-17 13:07:28.56060,19,490,0
2024-01-17 13:07:28.56069,19,490,0
2024-01-17 13:07:28.56080,19,490,0
2024-01-17 13:07:28.56089,19,490,0
2024-01-17 13:07:28.56098,19,490,0
2024-01-17 13:07:28.56107,19,490,0
2024-01-17 13:07:28.56116,19,490,0
2024-01-17 13:07:28.56125,19,490,0
2024-01-17 13:07:28.56135,19,490,0
2024-01-17 13:07:28.56144,19,490,0
2024-01-17 13:07:28.56153,19,490,0
2024-01-17 13:07:28.56162,19,490,0
2024-01-17 13:07:28.56169,19,490,0
2024-01-17 13:07:28.56192,19,490,0
2024-01-17 13:07:28.56205,19,490,0
2024-01-17 13:07:28.56216,19,490,0
2024-01-17 13:07:28.56228,19,490,0
2024-01-17 13:07:28.56241,19,490,0
2024-01-17 13:07:28.56254,19,490,0
2024-01-17 13:07:28.56268,19,490,0
2024-01-17 13:07:28.56281,19,490,0
2024-01-17 13:07:28.56294,19,490,0
2024-01-17 13:07:28.56577,19,490,0
2024-01-17 13:07:28.56585,19,490,0
2024-01-17 13:07:28.56596,19,490,0
2024-01-17 13:07:28.56604,19,490,0
2024-01-17 13:07:28.56616,19,490,0
2024-01-17 13:07:28.56635,19,490,0
2024-01-17 13:07:28.56643,19,490,0
2024-01-17 13:07:28.56665,19,490,0
2024-01-17 13:07:28.56677,19,490,0
2024-01-17 13:07:28.56694,19,490,0
2024-01-17 13:07:28.56705,19,490,0
2024-01-17 13:07:28.56714,19,490,0
2024-01-17 13:07:28.56724,19,490,0
2024-01-17 13:07:28.56754,19,490,0
2024-01-17 13:07:28.56763,19,490,0
2024-01-17 13:07:28.56786,19,490,0
2024-01-17 13:07:28.56800,19,490,0
2024-01-17 13:07:28.56814,19,490,0
2024-01-17 13:07:28.56827,19,490,0
2024-01-17 13:07:28.56863,19,490,0
2024-01-17 13:07:28.56873,19,490,0
2024-01-17 13:07:28.56884,19,490,0
2024-01-17 13:07:28.56894,19,490,0
2024-01-17 13:07:28.56906,19,490,0
2024-01-17 13:07:28.56917,19,490,0
2024-01-17 13:07:28.56924,19,490,0
2024-01-17 13:07:28.56935,19,490,0
2024-01-17 13:07:28.56944,19,490,0
2024-01-17 13:07:28.56952,19,490,0
2024-01-17 13:07:28.56963,19,490,0
2024-01-17 13:07:28.56976,19,490,0
2024-01-17 13:07:28.56988,19,490,0
2024-01-17 13:07:28.57007,19,490,0
2024-01-17 13:07:28.57017,19,490,0
2024-01-17 13:07:28.57026,19,490,0
2024-01-17 13:07:28.57038,19,490,0
2024-01-17 13:07:28.57047,19,490,0
2024-01-17 13:07:28.57059,19,490,0
2024-01-17 13:07:28.57069,19,490,0
2024-01-17 13:07:28.57078,19,490,0
2024-01-17 13:07:28.57086,19,490,0
2024-01-17 13:07:28.57094,19,490,0
2024-01-17 13:07:28.57107,19,490,0
2024-01-17 13:07:28.57118,19,490,0
2024-01-17 13:07:28.57135,19,490,0
2024-01-17 13:07:28.57144,19,490,0
2024-01-17 13:07:28.57154,19,490,0
2024-01-17 13:07:28.57162,19,490,0
2024-01-17 13:07:28.57171,19,490,0
2024-01-17 13:07:28.57181,19,490,0
2024-01-17 13:07:28.57192,19,490,0
2024-01-17 13:07:28.57202,19,490,0
2024-01-17 13:07:28.57213,19,490,0
2024-01-17 13:07:28.57223,19,490,0
2024-01-17 13:07:28.57236,19,490,0
2024-01-17 13:07:28.57245,19,490,0
2024-01-17 13:07:28.57253,19,490,0
2024-01-17 13:07:28.57263,19,490,0
2024-01-17 13:07:28.57274,19,490,0
2024-01-17 13:07:28.57283,19,490,0
2024-01-17 13:07:28.57292,19,490,0
2024-01-17 13:07:28.57301,19,490,0
2024-01-17 13:07:28.57331,19,490,0
2024-01-17 13:07:28.57359,19,490,0
2024-01-17 13:07:28.57372,19,490,0
2024-01-17 13:07:28.57382,19,490,0
2024-01-17 13:07:28.57392,19,490,0
2024-01-17 13:07:28.57403,19,490,0
2024-01-17 13:07:28.57414,19,490,0
2024-01-17 13:07:28.57425,19,490,0
2024-01-17 13:07:28.57437,19,490,0
2024-01-17 13:07:28.57446,19,490,0
2024-01-17 13:07:28.57458,19,490,0
2024-01-17 13:07:28.57468,19,490,0
2024-01-17 13:07:28.57477,19,490,0
2024-01-17 13:07:28.57486,19,490,0
2024-01-17 13:07:28.57497,19,490,0
2024-01-17 13:07:28.57505,19,490,0
2024-01-17 13:07:28.57516,19,490,0
2024-01-17 13:07:28.57526,19,490,0
2024-01-17 13:07:28.57537,19,490,0
2024-01-17 13:07:28.57546,19,490,0
2024-01-17 13:07:28.57555,19,490,0
2024-01-17 13:07:28.57564,19,490,0
2024-01-17 13:07:28.57578,19,490,0
2024-01-17 13:07:28.57599,19,490,0
2024-01-17 13:07:28.57614,19,490,0
2024-01-17 13:07:28.57630,19,490,0
2024-01-17 13:07:28.57648,19,490,0
2024-01-17 13:07:28.57657,19,490,0
2024-01-17 13:07:28.57665,19,490,0
2024-01-17 13:07:28.57683,19,490,0
2024-01-17 13:07:28.57701,19,490,0
2024-01-17 13:07:28.57717,19,490,0
2024-01-17 13:07:28.57734,19,490,0
2024-01-17 13:07:28.57748,19,490,0
2024-01-17 13:07:28.57764,19,490,0
2024-01-17 13:07:28.57777,19,490,0
2024-01-17 13:07:28.57791,19,490,0
2024-01-17 13:07:28.57801,19,490,0
2024-01-17 13:07:28.57813,19,490,0
2024-01-17 13:07:28.57822,19,490,0
2024-01-17 13:07:28.57832,19,490,0
2024-01-17 13:07:28.57867,19,490,0
2024-01-17 13:07:28.57887,19,490,0
2024-01-17 13:07:28.57906,19,490,0
2024-01-17 13:07:28.57917,19,490,0
2024-01-17 13:07:28.57926,19,490,0
2024-01-17 13:07:28.57938,19,490,0
2024-01-17 13:07:28.57946,19,490,0
2024-01-17 13:07:28.57961,19,490,0
2024-01-17 13:07:28.57995,19,490,0
2024-01-17 13:07:28.58020,19,490,0
2024-01-17 13:07:28.58085,19,490,0
2024-01-17 13:07:28.58093,19,490,0
2024-01-17 13:07:28.58101,19,490,0
2024-01-17 13:07:28.58109,19,490,0
2024-01-17 13:07:28.58118,19,490,0
2024-01-17 13:07:28.58129,19,490,0
2024-01-17 13:07:28.58144,19,490,0
2024-01-17 13:07:28.58158,19,490,0
2024-01-17 13:07:28.58167,19,490,0
2024-01-17 13:07:28.58181,19,490,0
2024-01-17 13:07:28.58222,19,490,0
2024-01-17 13:07:28.58287,19,490,0
2024-01-17 13:07:28.58335,19,490,0
2024-01-17 13:07:28.58345,19,490,0
2024-01-17 13:07:28.58354,19,490,0
2024-01-17 13:07:28.58364,19,490,0
2024-01-17 13:07:28.58375,19,490,0
2024-01-17 13:07:28.58384,19,490,0
2024-01-17 13:07:28.58393,19,490,0
2024-01-17 13:07:28.58462,19,490,0
2024-01-17 13:07:28.58481,19,490,0
2024-01-17 13:07:28.58498,19,490,0
2024-01-17 13:07:28.58508,19,490,0
2024-01-17 13:07:28.58515,19,490,0
2024-01-17 13:07:28.58523,19,490,0
2024-01-17 13:07:28.58532,19,490,0
2024-01-17 13:07:28.58541,19,490,0
2024-01-17 13:07:28.58550,19,490,0
2024-01-17 13:07:28.58557,19,490,0
2024-01-17 13:07:28.58565,19,490,0
2024-01-17 13:07:28.58574,19,490,0
2024-01-17 13:07:28.58584,19,490,0
2024-01-17 13:07:28.58594,19,490,0
2024-01-17 13:07:28.58603,19,490,0
2024-01-17 13:07:28.58611,19,490,0
2024-01-17 13:07:28.58622,19,490,0
2024-01-17 13:07:28.58630,19,490,0
2024-01-17 13:07:28.58638,19,490,0
2024-01-17 13:07:28.58646,19,490,0
2024-01-17 13:07:28.58655,19,490,0
2024-01-17 13:07:28.58678,19,490,0
2024-01-17 13:07:28.58694,19,490,0
2024-01-17 13:07:28.58702,19,490,0
2024-01-17 13:07:28.58713,19,490,0
2024-01-17 13:07:28.58737,19,490,0
2024-01-17 13:07:28.58746,19,490,0
2024-01-17 13:07:28.58754,19,490,0
2024-01-17 13:07:28.58762,19,490,0
2024-01-17 13:07:28.58769,19,490,0
2024-01-17 13:07:28.58776,19,490,0
2024-01-17 13:07:28.58787,19,490,0
2024-01-17 13:07:28.58804,19,490,0
2024-01-17 13:07:28.58819,19,490,0
2024-01-17 13:07:28.58843,19,490,0
2024-01-17 13:07:28.58855,19,490,0
2024-01-17 13:07:28.58862,19,490,0
2024-01-17 13:07:28.58871,19,490,0
2024-01-17 13:07:28.58878,19,490,0
2024-01-17 13:07:28.58886,19,490,0
2024-01-17 13:07:28.58898,19,490,0
2024-01-17 13:07:28.58917,19,490,0
2024-01-17 13:07:28.58933,19,490,0
2024-01-17 13:07:28.58949,19,490,0
2024-01-17 13:07:28.58959,19,490,0
2024-01-17 13:07:28.58966,19,490,0
2024-01-17 13:07:28.58974,19,490,0
2024-01-17 13:07:28.58982,19,490,0
2024-01-17 13:07:28.58990,19,490,0
2024-01-17 13:07:28.58997,19,490,0
2024-01-17 13:07:28.59008,19,490,0
2024-01-17 13:07:28.59016,19,490,0
2024-01-17 13:07:28.59036,19,490,0
2024-01-17 13:07:28.59047,19,490,0
2024-01-17 13:07:28.59060,19,490,0
2024-01-17 13:07:28.59103,19,490,0
2024-01-17 13:07:28.59113,19,490,0
2024-01-17 13:07:28.59157,19,490,0
2024-01-17 13:07:28.59623,19,490,0
2024-01-17 13:07:28.59663,19,490,0
2024-01-17 13:07:28.59738,19,490,0
2024-01-17 13:07:28.59755,19,490,0
2024-01-17 13:07:28.59771,19,490,0
2024-01-17 13:07:28.59781,19,490,0
2024-01-17 13:07:28.59794,19,490,0
2024-01-17 13:07:28.59802,19,490,0
2024-01-17 13:07:28.59810,19,490,0
2024-01-17 13:07:28.59821,19,490,0
2024-01-17 13:07:28.59830,19,490,0
2024-01-17 13:07:28.59848,19,490,0
2024-01-17 13:07:28.59857,19,490,0
2024-01-17 13:07:28.59865,19,490,0
2024-01-17 13:07:28.59873,19,490,0
2024-01-17 13:07:28.59886,19,490,0
2024-01-17 13:07:28.59915,19,490,0
2024-01-17 13:07:28.59928,19,490,0
2024-01-17 13:07:28.59943,19,490,0
2024-01-17 13:07:28.59956,19,490,0
2024-01-17 13:07:28.60071,19,490,0
2024-01-17 13:07:28.60080,19,490,0
2024-01-17 13:07:28.60089,19,490,0
2024-01-17 13:07:28.60099,19,490,0
2024-01-17 13:07:28.60108,19,490,0
2024-01-17 13:07:28.60163,19,490,0
2024-01-17 13:07:28.60190,19,490,0
2024-01-17 13:07:28.60208,19,490,0
2024-01-17 13:07:28.60221,19,490,0
2024-01-17 13:07:28.60244,19,490,0
2024-01-17 13:07:28.60813,19,490,0
2024-01-17 13:07:28.60825,19,490,0
2024-01-17 13:07:28.60835,19,490,0
2024-01-17 13:07:28.60844,19,490,0
2024-01-17 13:07:28.60854,19,490,0
2024-01-17 13:07:28.60870,19,490,0
2024-01-17 13:07:28.60896,19,490,0
2024-01-17 13:07:28.60907,19,490,0
2024-01-17 13:07:28.60924,19,490,0
2024-01-17 13:07:28.60940,19,490,0
2024-01-17 13:07:28.60957,19,490,0
2024-01-17 13:07:28.60976,19,490,0
2024-01-17 13:07:28.60986,19,490,0
2024-01-17 13:07:28.60996,19,490,0
2024-01-17 13:07:28.61008,19,490,0
2024-01-17 13:07:28.61019,19,490,0
2024-01-17 13:07:28.61029,19,490,0
2024-01-17 13:07:28.61039,19,490,0
2024-01-17 13:07:28.61047,19,490,0
2024-01-17 13:07:28.61057,19,490,0
2024-01-17 13:07:28.61072,19,490,0
2024-01-17 13:07:28.61086,19,490,0
2024-01-17 13:07:28.61102,19,490,0
2024-01-17 13:07:28.61117,19,490,0
2024-01-17 13:07:28.61132,19,490,0
2024-01-17 13:07:28.61141,19,490,0
2024-01-17 13:07:28.61152,19,490,0
2024-01-17 13:07:28.61162,19,490,0
2024-01-17 13:07:28.61178,19,490,0
2024-01-17 13:07:28.61193,19,490,0
2024-01-17 13:07:28.61209,19,490,0
2024-01-17 13:07:28.61225,19,490,0
2024-01-17 13:07:28.61239,19,490,0
2024-01-17 13:07:28.61252,19,490,0
2024-01-17 13:07:28.61266,19,490,0
2024-01-17 13:07:28.61283,19,490,0
2024-01-17 13:07:28.61295,19,490,0
2024-01-17 13:07:28.61308,19,490,0
2024-01-17 13:07:28.61317,19,490,0
2024-01-17 13:07:28.61329,19,490,0
2024-01-17 13:07:28.61355,19,490,0
2024-01-17 13:07:28.61367,19,490,0
2024-01-17 13:07:28.61385,19,490,0
2024-01-17 13:07:28.61407,19,490,0
2024-01-17 13:07:28.61423,19,490,0
2024-01-17 13:07:28.61437,19,490,0
2024-01-17 13:07:28.61448,19,490,0
2024-01-17 13:07:28.61471,19,490,0
2024-01-17 13:07:28.61486,19,490,0
2024-01-17 13:07:28.61503,19,490,0
2024-01-17 13:07:28.61514,19,490,0
2024-01-17 13:07:28.61522,19,490,0
2024-01-17 13:07:28.61531,19,490,0
2024-01-17 13:07:28.61539,19,490,0
2024-01-17 13:07:28.61551,19,490,0
2024-01-17 13:07:28.61560,19,490,0
2024-01-17 13:07:28.61568,19,490,0
2024-01-17 13:07:28.61577,19,490,0
2024-01-17 13:07:28.61591,19,490,0
2024-01-17 13:07:28.61601,19,490,0
2024-01-17 13:07:28.61611,19,490,0
2024-01-17 13:07:28.61621,19,490,0
2024-01-17 13:07:28.61631,19,490,0
2024-01-17 13:07:28.61755,19,490,0
2024-01-17 13:07:28.61774,19,490,0
2024-01-17 13:07:28.61783,19,490,0
2024-01-17 13:07:28.61795,19,490,0
2024-01-17 13:07:28.61814,19,490,0
2024-01-17 13:07:28.61828,19,490,0
2024-01-17 13:07:28.61842,19,490,0
2024-01-17 13:07:28.61863,19,490,0
2024-01-17 13:07:28.61927,19,490,0
2024-01-17 13:07:28.61945,19,490,0
2024-01-17 13:07:28.61961,19,490,0
2024-01-17 13:07:28.61976,19,490,0
2024-01-17 13:07:28.61997,19,490,0
2024-01-17 13:07:28.62010,19,490,0
2024-01-17 13:07:28.62033,19,490,0
2024-01-17 13:07:28.62058,19,490,0
2024-01-17 13:07:28.62069,19,490,0
2024-01-17 13:07:28.62086,19,490,0
2024-01-17 13:07:28.62102,19,490,0
2024-01-17 13:07:28.62114,19,490,0
2024-01-17 13:07:28.62125,19,490,0
2024-01-17 13:07:28.62138,19,490,0
2024-01-17 13:07:28.62152,19,490,0
2024-01-17 13:07:28.62179,19,490,0
2024-01-17 13:07:28.62194,19,490,0
2024-01-17 13:07:28.62216,19,490,0
2024-01-17 13:07:28.62249,19,490,0
2024-01-17 13:07:28.62264,19,490,0
2024-01-17 13:07:28.62278,19,490,0
2024-01-17 13:07:28.62293,19,490,0
2024-01-17 13:07:28.62306,19,490,0
2024-01-17 13:07:28.62317,19,490,0
2024-01-17 13:07:28.62328,19,490,0
2024-01-17 13:07:28.62343,19,490,0
2024-01-17 13:07:28.62352,19,490,0
2024-01-17 13:07:28.62361,19,490,0
2024-01-17 13:07:28.62390,19,490,0
2024-01-17 13:07:28.62403,19,490,0
2024-01-17 13:07:28.62414,19,490,0
2024-01-17 13:07:28.62422,19,490,0
2024-01-17 13:07:28.62431,19,490,0
2024-01-17 13:07:28.62451,19,490,0
2024-01-17 13:07:28.62477,19,490,0
2024-01-17 13:07:28.62531,19,490,0
2024-01-17 13:07:28.62547,19,490,0
2024-01-17 13:07:28.62556,19,490,0
2024-01-17 13:07:28.62573,19,490,0
2024-01-17 13:07:28.62587,19,490,0
2024-01-17 13:07:28.62599,19,490,0
2024-01-17 13:07:28.62627,19,490,0
2024-01-17 13:07:28.62640,19,490,0
2024-01-17 13:07:28.62663,19,490,0
2024-01-17 13:07:28.62673,19,490,0
2024-01-17 13:07:28.62682,19,490,0
2024-01-17 13:07:28.62694,19,490,0
2024-01-17 13:07:28.62702,19,490,0
2024-01-17 13:07:28.62712,19,490,0
2024-01-17 13:07:28.62725,19,490,0
2024-01-17 13:07:28.62743,19,490,0
2024-01-17 13:07:28.62753,19,490,0
2024-01-17 13:07:28.62761,19,490,0
2024-01-17 13:07:28.62772,19,490,0
2024-01-17 13:07:28.62786,19,490,0
2024-01-17 13:07:28.62809,19,490,0
2024-01-17 13:07:28.62822,19,490,0
2024-01-17 13:07:28.62840,19,490,0
2024-01-17 13:07:28.62856,19,490,0
2024-01-17 13:07:28.62880,19,490,0
2024-01-17 13:07:28.62892,19,490,0
2024-01-17 13:07:28.62901,19,490,0
2024-01-17 13:07:28.62910,19,490,0
2024-01-17 13:07:28.62921,19,490,0
2024-01-17 13:07:28.62936,19,490,0
2024-01-17 13:07:28.62946,19,490,0
2024-01-17 13:07:28.62956,19,490,0
2024-01-17 13:07:28.62968,19,490,0
2024-01-17 13:07:28.62979,19,490,0
2024-01-17 13:07:28.62998,19,490,0
2024-01-17 13:07:28.63020,19,490,0
2024-01-17 13:07:28.63041,19,490,0
2024-01-17 13:07:28.63051,19,490,0
2024-01-17 13:07:28.63064,19,490,0
2024-01-17 13:07:28.63075,19,490,0
2024-01-17 13:07:28.63087,19,490,0
2024-01-17 13:07:28.63098,19,490,0
2024-01-17 13:07:28.63108,19,490,0
2024-01-17 13:07:28.63117,19,490,0
2024-01-17 13:07:28.63126,19,490,0
2024-01-17 13:07:28.63135,19,490,0
2024-01-17 13:07:28.63148,19,490,0
2024-01-17 13:07:28.63165,19,490,0
2024-01-17 13:07:28.63175,19,490,0
2024-01-17 13:07:28.63186,19,490,0
2024-01-17 13:07:28.63198,19,490,0
2024-01-17 13:07:28.63210,19,490,0
2024-01-17 13:07:28.63223,19,490,0
2024-01-17 13:07:28.63240,19,490,0
2024-01-17 13:07:28.63254,19,490,0
2024-01-17 13:07:28.63263,19,490,0
2024-01-17 13:07:28.63275,19,490,0
2024-01-17 13:07:28.63287,19,490,0
2024-01-17 13:07:28.63297,19,490,0
2024-01-17 13:07:28.63307,19,490,0
2024-01-17 13:07:28.63318,19,490,0
2024-01-17 13:07:28.63328,19,490,0
2024-01-17 13:07:28.63339,19,490,0
2024-01-17 13:07:28.63352,19,490,0
2024-01-17 13:07:28.63368,19,490,0
2024-01-17 13:07:28.63377,19,490,0
2024-01-17 13:07:28.63384,19,490,0
2024-01-17 13:07:28.63395,19,490,0
2024-01-17 13:07:28.63411,19,490,0
2024-01-17 13:07:28.63431,19,490,0
2024-01-17 13:07:28.63444,19,490,0
2024-01-17 13:07:28.63470,19,490,0
2024-01-17 13:07:28.63478,19,490,0
2024-01-17 13:07:28.63488,19,490,0
2024-01-17 13:07:28.63504,19,490,0
2024-01-17 13:07:28.63516,19,490,0
2024-01-17 13:07:28.63534,19,490,0
2024-01-17 13:07:28.63588,19,490,0
2024-01-17 13:07:28.63600,19,490,0
2024-01-17 13:07:28.63616,19,490,0
2024-01-17 13:07:28.63631,19,490,0
2024-01-17 13:07:28.63644,19,490,0
2024-01-17 13:07:28.63658,19,490,0
2024-01-17 13:07:28.63669,19,490,0
2024-01-17 13:07:28.63683,19,490,0
2024-01-17 13:07:28.63697,19,490,0
2024-01-17 13:07:28.63709,19,490,0
2024-01-17 13:07:28.63722,19,490,0
2024-01-17 13:07:28.63736,19,490,0
2024-01-17 13:07:28.63750,19,490,0
2024-01-17 13:07:28.63766,19,490,0
2024-01-17 13:07:28.63779,19,490,0
2024-01-17 13:07:28.63791,19,490,0
2024-01-17 13:07:28.63806,19,490,0
2024-01-17 13:07:28.64076,19,490,0
2024-01-17 13:07:28.64086,19,490,0
2024-01-17 13:07:28.64095,19,490,0
2024-01-17 13:07:28.64106,19,490,0
2024-01-17 13:07:28.64115,19,490,0
2024-01-17 13:07:28.64124,19,490,0
2024-01-17 13:07:28.64138,19,490,0
2024-01-17 13:07:28.64147,19,490,0
2024-01-17 13:07:28.64155,19,490,0
2024-01-17 13:07:28.64169,19,490,0
2024-01-17 13:07:28.64193,19,490,2
2024-01-17 13:07:28.64207,19,490,2
2024-01-17 13:07:28.64220,19,490,2
2024-01-17 13:07:28.64235,19,490,2
2024-01-17 13:07:28.64262,19,490,2
2024-01-17 13:07:28.64274,19,490,2
2024-01-17 13:07:28.64284,19,490,2
2024-01-17 13:07:28.64313,19,490,2
2024-01-17 13:07:28.64325,19,490,4
2024-01-17 13:07:29.65967,20,978,0
2024-01-17 13:07:29.65978,20,978,0
2024-01-17 13:07:29.65987,20,978,0
2024-01-17 13:07:29.66002,20,978,0
2024-01-17 13:07:29.66024,20,978,0
2024-01-17 13:07:29.66035,20,978,0
2024-01-17 13:07:29.66044,20,978,0
2024-01-17 13:07:29.66054,20,978,0
2024-01-17 13:07:29.66067,20,978,0
2024-01-17 13:07:29.66077,20,978,0
2024-01-17 13:07:29.66086,20,978,0
2024-01-17 13:07:29.66095,20,978,0
2024-01-17 13:07:29.66106,20,978,0
2024-01-17 13:07:29.66115,20,978,0
2024-01-17 13:07:29.66126,20,978,0
2024-01-17 13:07:29.66138,20,978,0
2024-01-17 13:07:29.66147,20,978,0
2024-01-17 13:07:29.66155,20,978,0
2024-01-17 13:07:29.66169,20,978,0
2024-01-17 13:07:29.66178,20,978,0
2024-01-17 13:07:29.66189,20,978,0
2024-01-17 13:07:29.66202,20,978,0
2024-01-17 13:07:29.66213,20,978,0
2024-01-17 13:07:29.66222,20,978,0
2024-01-17 13:07:29.66233,20,978,0
2024-01-17 13:07:29.66244,20,978,0
2024-01-17 13:07:29.66255,20,978,0
2024-01-17 13:07:29.66266,20,978,0
2024-01-17 13:07:29.66275,20,978,0
2024-01-17 13:07:29.66285,20,978,0
2024-01-17 13:07:29.66297,20,978,0
2024-01-17 13:07:29.66305,20,978,0
2024-01-17 13:07:29.66312,20,978,0
2024-01-17 13:07:29.66319,20,978,0
2024-01-17 13:07:29.66327,20,978,0
2024-01-17 13:07:29.66334,20,978,0
2024-01-17 13:07:29.66341,20,978,0
2024-01-17 13:07:29.66348,20,978,0
2024-01-17 13:07:29.66354,20,978,0
2024-01-17 13:07:29.66361,20,978,0
2024-01-17 13:07:29.66368,20,978,0
2024-01-17 13:07:29.66375,20,978,0
2024-01-17 13:07:29.66383,20,978,0
2024-01-17 13:07:29.66390,20,978,0
2024-01-17 13:07:29.66397,20,978,0
2024-01-17 13:07:29.66403,20,978,0
2024-01-17 13:07:29.66410,20,978,0
2024-01-17 13:07:29.66417,20,978,0
2024-01-17 13:07:29.66424,20,978,0
2024-01-17 13:07:29.66624,20,978,0
2024-01-17 13:07:29.66641,20,978,0
2024-01-17 13:07:29.66654,20,978,0
2024-01-17 13:07:29.66663,20,978,0
2024-01-17 13:07:29.66673,20,978,0
2024-01-17 13:07:29.66683,20,978,0
2024-01-17 13:07:29.66692,20,978,0
2024-01-17 13:07:29.66698,20,978,0
2024-01-17 13:07:29.66706,20,978,0
2024-01-17 13:07:29.66714,20,978,0
2024-01-17 13:07:29.66735,20,978,0
2024-01-17 13:07:29.66745,20,978,0
2024-01-17 13:07:29.66755,20,978,0
2024-01-17 13:07:29.66765,20,978,0
2024-01-17 13:07:29.66774,20,978,0
2024-01-17 13:07:29.66784,20,978,0
2024-01-17 13:07:29.66793,20,978,0
2024-01-17 13:07:29.66803,20,978,0
2024-01-17 13:07:29.66813,20,978,0
2024-01-17 13:07:29.66822,20,978,0
2024-01-17 13:07:29.66831,20,978,0
2024-01-17 13:07:29.66841,20,978,0
2024-01-17 13:07:29.66857,20,978,0
2024-01-17 13:07:29.66868,20,978,0
2024-01-17 13:07:29.66878,20,978,0
2024-01-17 13:07:29.66887,20,978,0
2024-01-17 13:07:29.66896,20,978,0
2024-01-17 13:07:29.66904,20,978,0
2024-01-17 13:07:29.66912,20,978,0
2024-01-17 13:07:29.66921,20,978,0
2024-01-17 13:07:29.66929,20,978,0
2024-01-17 13:07:29.66937,20,978,0
2024-01-17 13:07:29.66946,20,978,0
2024-01-17 13:07:29.66954,20,978,0
2024-01-17 13:07:29.66962,20,978,0
2024-01-17 13:07:29.66971,20,978,0
2024-01-17 13:07:29.66979,20,978,0
2024-01-17 13:07:29.66987,20,978,0
2024-01-17 13:07:29.66995,20,978,0
2024-01-17 13:07:29.67004,20,978,0
2024-01-17 13:07:29.67012,20,978,0
2024-01-17 13:07:29.67020,20,978,0
2024-01-17 13:07:29.67028,20,978,0
2024-01-17 13:07:29.67036,20,978,0
2024-01-17 13:07:29.67044,20,978,0
2024-01-17 13:07:29.67052,20,978,0
2024-01-17 13:07:29.67061,20,978,0
2024-01-17 13:07:29.67069,20,978,0
2024-01-17 13:07:29.67078,20,978,0
2024-01-17 13:07:29.67088,20,978,0
2024-01-17 13:07:29.67106,20,978,0
2024-01-17 13:07:29.67115,20,978,0
2024-01-17 13:07:29.67124,20,978,0
2024-01-17 13:07:29.67134,20,978,0
2024-01-17 13:07:29.67145,20,978,0
2024-01-17 13:07:29.67153,20,978,0
2024-01-17 13:07:29.67161,20,978,0
2024-01-17 13:07:29.67170,20,978,0
2024-01-17 13:07:29.67180,20,978,0
2024-01-17 13:07:29.67192,20,978,0
2024-01-17 13:07:29.67201,20,978,0
2024-01-17 13:07:29.67207,20,978,0
2024-01-17 13:07:29.67213,20,978,0
2024-01-17 13:07:29.67219,20,978,0
2024-01-17 13:07:29.67225,20,978,0
2024-01-17 13:07:29.67231,20,978,0
2024-01-17 13:07:29.67238,20,978,0
2024-01-17 13:07:29.67244,20,978,0
2024-01-17 13:07:29.67250,20,978,0
2024-01-17 13:07:29.67257,20,978,0
2024-01-17 13:07:29.67263,20,978,0
2024-01-17 13:07:29.67270,20,978,0
2024-01-17 13:07:29.67276,20,978,0
2024-01-17 13:07:29.67285,20,978,0
2024-01-17 13:07:29.67291,20,978,0
2024-01-17 13:07:29.67300,20,978,0
2024-01-17 13:07:29.67308,20,978,0
2024-01-17 13:07:29.67316,20,978,0
2024-01-17 13:07:29.67323,20,978,0
2024-01-17 13:07:29.67332,20,978,0
2024-01-17 13:07:29.67341,20,978,0
2024-01-17 13:07:29.67348,20,978,0
2024-01-17 13:07:29.67356,20,978,0
2024-01-17 13:07:29.67364,20,978,0
2024-01-17 13:07:29.67369,20,978,0
2024-01-17 13:07:29.67374,20,978,0
2024-01-17 13:07:29.67381,20,978,0
2024-01-17 13:07:29.67389,20,978,0
2024-01-17 13:07:29.67397,20,978,0
2024-01-17 13:07:29.67402,20,978,0
2024-01-17 13:07:29.67409,20,978,0
2024-01-17 13:07:29.67415,20,978,0
2024-01-17 13:07:29.67421,20,978,0
2024-01-17 13:07:29.67426,20,978,0
2024-01-17 13:07:29.67431,20,978,0
2024-01-17 13:07:29.67437,20,978,0
2024-01-17 13:07:29.67442,20,978,0
2024-01-17 13:07:29.67449,20,978,0
2024-01-17 13:07:29.67455,20,978,0
2024-01-17 13:07:29.67460,20,978,0
2024-01-17 13:07:29.67465,20,978,0
2024-01-17 13:07:29.67470,20,978,0
2024-01-17 13:07:29.67475,20,978,0
2024-01-17 13:07:29.67481,20,978,0
2024-01-17 13:07:29.67486,20,978,0
2024-01-17 13:07:29.67491,20,978,0
2024-01-17 13:07:29.67496,20,978,0
2024-01-17 13:07:29.67501,20,978,0
2024-01-17 13:07:29.67507,20,978,0
2024-01-17 13:07:29.67512,20,978,0
2024-01-17 13:07:29.67517,20,978,0
2024-01-17 13:07:29.67523,20,978,0
2024-01-17 13:07:29.67528,20,978,0
2024-01-17 13:07:29.67533,20,978,0
2024-01-17 13:07:29.67538,20,978,0
2024-01-17 13:07:29.67544,20,978,0
2024-01-17 13:07:29.67549,20,978,0
2024-01-17 13:07:29.67554,20,978,0
2024-01-17 13:07:29.67559,20,978,0
2024-01-17 13:07:29.67565,20,978,0
2024-01-17 13:07:29.67571,20,978,0
2024-01-17 13:07:29.67576,20,978,0
2024-01-17 13:07:29.67581,20,978,0
2024-01-17 13:07:29.67592,20,978,0
2024-01-17 13:07:29.67598,20,978,0
2024-01-17 13:07:29.67604,20,978,0
2024-01-17 13:07:29.67610,20,978,0
2024-01-17 13:07:29.67635,20,978,0
2024-01-17 13:07:29.67647,20,978,0
2024-01-17 13:07:29.67659,20,978,0
2024-01-17 13:07:29.67671,20,978,0
2024-01-17 13:07:29.67682,20,978,0
2024-01-17 13:07:29.67877,20,978,0
2024-01-17 13:07:29.67964,20,978,0
2024-01-17 13:07:29.67986,20,978,0
2024-01-17 13:07:29.67999,20,978,0
2024-01-17 13:07:29.68052,20,978,0
2024-01-17 13:07:29.68065,20,978,0
2024-01-17 13:07:29.68074,20,978,0
2024-01-17 13:07:29.68089,20,978,0
2024-01-17 13:07:29.68132,20,978,0
2024-01-17 13:07:29.68689,20,978,0
2024-01-17 13:07:29.68711,20,978,0
2024-01-17 13:07:29.68725,20,978,0
2024-01-17 13:07:29.68736,20,978,0
2024-01-17 13:07:29.68748,20,978,0
2024-01-17 13:07:29.68759,20,978,0
2024-01-17 13:07:29.68778,20,978,0
2024-01-17 13:07:29.68793,20,978,0
2024-01-17 13:07:29.68812,20,978,0
2024-01-17 13:07:29.68830,20,978,0
2024-01-17 13:07:29.68840,20,978,0
2024-01-17 13:07:29.68850,20,978,0
2024-01-17 13:07:29.68859,20,978,0
2024-01-17 13:07:29.68869,20,978,0
2024-01-17 13:07:29.68877,20,978,0
2024-01-17 13:07:29.68896,20,978,0
2024-01-17 13:07:29.68911,20,978,0
2024-01-17 13:07:29.68925,20,978,0
2024-01-17 13:07:29.68944,20,978,0
2024-01-17 13:07:29.68954,20,978,0
2024-01-17 13:07:29.68964,20,978,0
2024-01-17 13:07:29.68976,20,978,0
2024-01-17 13:07:29.68986,20,978,0
2024-01-17 13:07:29.68996,20,978,0
2024-01-17 13:07:29.69011,20,978,0
2024-01-17 13:07:29.69020,20,978,0
2024-01-17 13:07:29.69040,20,978,0
2024-01-17 13:07:29.69054,20,978,0
2024-01-17 13:07:29.69077,20,978,0
2024-01-17 13:07:29.69093,20,978,0
2024-01-17 13:07:29.69113,20,978,0
2024-01-17 13:07:29.69147,20,978,0
2024-01-17 13:07:29.69164,20,978,0
2024-01-17 13:07:29.69201,20,978,0
2024-01-17 13:07:29.69218,20,978,0
2024-01-17 13:07:29.69232,20,978,0
2024-01-17 13:07:29.69247,20,978,0
2024-01-17 13:07:29.69265,20,978,0
2024-01-17 13:07:29.69284,20,978,0
2024-01-17 13:07:29.69300,20,978,0
2024-01-17 13:07:29.69333,20,978,0
2024-01-17 13:07:29.69353,20,978,0
2024-01-17 13:07:29.69373,20,978,0
2024-01-17 13:07:29.69386,20,978,0
2024-01-17 13:07:29.69404,20,978,0
2024-01-17 13:07:29.69420,20,978,0
2024-01-17 13:07:29.69430,20,978,0
2024-01-17 13:07:29.69447,20,978,0
2024-01-17 13:07:29.69458,20,978,0
2024-01-17 13:07:29.69471,20,978,0
2024-01-17 13:07:29.69497,20,978,0
2024-01-17 13:07:29.69512,20,978,0
2024-01-17 13:07:29.69531,20,978,0
2024-01-17 13:07:29.69552,20,978,0
2024-01-17 13:07:29.69570,20,978,0
2024-01-17 13:07:29.69582,20,978,0
2024-01-17 13:07:29.69596,20,978,0
2024-01-17 13:07:29.69608,20,978,0
2024-01-17 13:07:29.69617,20,978,0
2024-01-17 13:07:29.69627,20,978,0
2024-01-17 13:07:29.69642,20,978,0
2024-01-17 13:07:29.69651,20,978,0
2024-01-17 13:07:29.69660,20,978,0
2024-01-17 13:07:29.69678,20,978,0
2024-01-17 13:07:29.69691,20,978,0
2024-01-17 13:07:29.69704,20,978,0
2024-01-17 13:07:29.69713,20,978,0
2024-01-17 13:07:29.69722,20,978,0
2024-01-17 13:07:29.69738,20,978,0
2024-01-17 13:07:29.69746,20,978,0
2024-01-17 13:07:29.69756,20,978,0
2024-01-17 13:07:29.69767,20,978,0
2024-01-17 13:07:29.69789,20,978,0
2024-01-17 13:07:29.69805,20,978,0
2024-01-17 13:07:29.69819,20,978,0
2024-01-17 13:07:29.69835,20,978,0
2024-01-17 13:07:29.69848,20,978,0
2024-01-17 13:07:29.69859,20,978,0
2024-01-17 13:07:29.69876,20,978,0
2024-01-17 13:07:29.69899,20,978,0
2024-01-17 13:07:29.70013,20,978,0
2024-01-17 13:07:29.70031,20,978,0
2024-01-17 13:07:29.70044,20,978,0
2024-01-17 13:07:29.70090,20,978,0
2024-01-17 13:07:29.70105,20,978,0
2024-01-17 13:07:29.70123,20,978,0
2024-01-17 13:07:29.70155,20,978,0
2024-01-17 13:07:29.70171,20,978,0
2024-01-17 13:07:29.70187,20,978,0
2024-01-17 13:07:29.70196,20,978,0
2024-01-17 13:07:29.70206,20,978,0
2024-01-17 13:07:29.70217,20,978,0
2024-01-17 13:07:29.70232,20,978,0
2024-01-17 13:07:29.70245,20,978,0
2024-01-17 13:07:29.70253,20,978,0
2024-01-17 13:07:29.70261,20,978,0
2024-01-17 13:07:29.70277,20,978,0
2024-01-17 13:07:29.70286,20,978,0
2024-01-17 13:07:29.70302,20,978,0
2024-01-17 13:07:29.70315,20,978,0
2024-01-17 13:07:29.70331,20,978,0
2024-01-17 13:07:29.70349,20,978,0
2024-01-17 13:07:29.70361,20,978,0
2024-01-17 13:07:29.70372,20,978,0
2024-01-17 13:07:29.70387,20,978,0
2024-01-17 13:07:29.70399,20,978,0
2024-01-17 13:07:29.70415,20,978,0
2024-01-17 13:07:29.70430,20,978,0
2024-01-17 13:07:29.70444,20,978,0
2024-01-17 13:07:29.70458,20,978,0
2024-01-17 13:07:29.70467,20,978,0
2024-01-17 13:07:29.70479,20,978,0
2024-01-17 13:07:29.70488,20,978,0
2024-01-17 13:07:29.70497,20,978,0
2024-01-17 13:07:29.70506,20,978,0
2024-01-17 13:07:29.70515,20,978,0
2024-01-17 13:07:29.70524,20,978,0
2024-01-17 13:07:29.70533,20,978,0
2024-01-17 13:07:29.70541,20,978,0
2024-01-17 13:07:29.70550,20,978,0
2024-01-17 13:07:29.70558,20,978,0
2024-01-17 13:07:29.70565,20,978,0
2024-01-17 13:07:29.70573,20,978,0
2024-01-17 13:07:29.70581,20,978,0
2024-01-17 13:07:29.70592,20,978,0
2024-01-17 13:07:29.70599,20,978,0
2024-01-17 13:07:29.70609,20,978,0
2024-01-17 13:07:29.70620,20,978,0
2024-01-17 13:07:29.70628,20,978,0
2024-01-17 13:07:29.70636,20,978,0
2024-01-17 13:07:29.70650,20,978,0
2024-01-17 13:07:29.70657,20,978,0
2024-01-17 13:07:29.70667,20,978,0
2024-01-17 13:07:29.70681,20,978,0
2024-01-17 13:07:29.70697,20,978,0
2024-01-17 13:07:29.70709,20,978,0
2024-01-17 13:07:29.70725,20,978,0
2024-01-17 13:07:29.70739,20,978,0
2024-01-17 13:07:29.70755,20,978,0
2024-01-17 13:07:29.70876,20,978,0
2024-01-17 13:07:29.70897,20,978,0
2024-01-17 13:07:29.70917,20,978,0
2024-01-17 13:07:29.70933,20,978,0
2024-01-17 13:07:29.71015,20,978,0
2024-01-17 13:07:29.71033,20,978,0
2024-01-17 13:07:29.71047,20,978,0
2024-01-17 13:07:29.71063,20,978,0
2024-01-17 13:07:29.71075,20,978,0
2024-01-17 13:07:29.71084,20,978,0
2024-01-17 13:07:29.71093,20,978,0
2024-01-17 13:07:29.71099,20,978,0
2024-01-17 13:07:29.71111,20,978,0
2024-01-17 13:07:29.71119,20,978,0
2024-01-17 13:07:29.71128,20,978,0
2024-01-17 13:07:29.71135,20,978,0
2024-01-17 13:07:29.71146,20,978,0
2024-01-17 13:07:29.71155,20,978,0
2024-01-17 13:07:29.71179,20,978,0
2024-01-17 13:07:29.71188,20,978,0
2024-01-17 13:07:29.71196,20,978,0
2024-01-17 13:07:29.71214,20,978,0
2024-01-17 13:07:29.71221,20,978,0
2024-01-17 13:07:29.71238,20,978,0
2024-01-17 13:07:29.71253,20,978,0
2024-01-17 13:07:29.71264,20,978,0
2024-01-17 13:07:29.71280,20,978,0
2024-01-17 13:07:29.71301,20,978,0
2024-01-17 13:07:29.71313,20,978,0
2024-01-17 13:07:29.71327,20,978,0
2024-01-17 13:07:29.71428,20,978,0
2024-01-17 13:07:29.71452,20,978,0
2024-01-17 13:07:29.71460,20,978,0
2024-01-17 13:07:29.71481,20,978,0
2024-01-17 13:07:29.71491,20,978,0
2024-01-17 13:07:29.71499,20,978,0
2024-01-17 13:07:29.71508,20,978,0
2024-01-17 13:07:29.71517,20,978,0
2024-01-17 13:07:29.71526,20,978,0
2024-01-17 13:07:29.71537,20,978,0
2024-01-17 13:07:29.71554,20,978,0
2024-01-17 13:07:29.71562,20,978,0
2024-01-17 13:07:29.71573,20,978,0
2024-01-17 13:07:29.71588,20,978,0
2024-01-17 13:07:29.71598,20,978,0
2024-01-17 13:07:29.71606,20,978,0
2024-01-17 13:07:29.71613,20,978,0
2024-01-17 13:07:29.71621,20,978,0
2024-01-17 13:07:29.71629,20,978,0
2024-01-17 13:07:29.71637,20,978,0
2024-01-17 13:07:29.71782,20,978,0
2024-01-17 13:07:29.72025,20,978,0
2024-01-17 13:07:29.72035,20,978,0
2024-01-17 13:07:29.72044,20,978,0
2024-01-17 13:07:29.72055,20,978,0
2024-01-17 13:07:29.72062,20,978,0
2024-01-17 13:07:29.72069,20,978,0
2024-01-17 13:07:29.72075,20,978,0
2024-01-17 13:07:29.72083,20,978,0
2024-01-17 13:07:29.72094,20,978,0
2024-01-17 13:07:29.72106,20,978,0
2024-01-17 13:07:29.72116,20,978,0
2024-01-17 13:07:29.72143,20,978,0
2024-01-17 13:07:29.72159,20,978,0
2024-01-17 13:07:29.72211,20,978,0
2024-01-17 13:07:29.72243,20,978,0
2024-01-17 13:07:29.72403,20,978,0
2024-01-17 13:07:29.72412,20,978,0
2024-01-17 13:07:29.72425,20,978,0
2024-01-17 13:07:29.72439,20,978,0
2024-01-17 13:07:29.72447,20,978,0
2024-01-17 13:07:29.72457,20,978,0
2024-01-17 13:07:29.72467,20,978,0
2024-01-17 13:07:29.72476,20,978,0
2024-01-17 13:07:29.72485,20,978,0
2024-01-17 13:07:29.72498,20,978,0
2024-01-17 13:07:29.72504,20,978,0
2024-01-17 13:07:29.72514,20,978,0
2024-01-17 13:07:29.72598,20,978,0
2024-01-17 13:07:29.72613,20,978,0
2024-01-17 13:07:29.72633,20,978,0
2024-01-17 13:07:29.72655,20,978,0
2024-01-17 13:07:29.72673,20,978,0
2024-01-17 13:07:29.72730,20,978,0
2024-01-17 13:07:29.72768,20,978,0
2024-01-17 13:07:29.72805,20,978,0
2024-01-17 13:07:29.72824,20,978,0
2024-01-17 13:07:29.72841,20,978,0
2024-01-17 13:07:29.72853,20,978,0
2024-01-17 13:07:29.72875,20,978,0
2024-01-17 13:07:29.72889,20,978,0
2024-01-17 13:07:29.72901,20,978,0
2024-01-17 13:07:29.72939,20,978,0
2024-01-17 13:07:29.72973,20,978,0
2024-01-17 13:07:29.72995,20,978,0
2024-01-17 13:07:29.73028,20,978,0
2024-01-17 13:07:29.73078,20,978,0
2024-01-17 13:07:29.73091,20,978,0
2024-01-17 13:07:29.73113,20,978,0
2024-01-17 13:07:29.73143,20,978,0
2024-01-17 13:07:29.73156,20,978,0
2024-01-17 13:07:29.73177,20,978,0
2024-01-17 13:07:29.73194,20,978,0
2024-01-17 13:07:29.73210,20,978,0
2024-01-17 13:07:29.73219,20,978,0
2024-01-17 13:07:29.73253,20,978,0
2024-01-17 13:07:29.73261,20,978,0
2024-01-17 13:07:29.73275,20,978,0
2024-01-17 13:07:29.73297,20,978,0
2024-01-17 13:07:29.73331,20,978,0
2024-01-17 13:07:29.73343,20,978,0
2024-01-17 13:07:29.73356,20,978,0
2024-01-17 13:07:29.73369,20,978,0
2024-01-17 13:07:29.73384,20,978,0
2024-01-17 13:07:29.73397,20,978,0
2024-01-17 13:07:29.73410,20,978,0
2024-01-17 13:07:29.73422,20,978,0
2024-01-17 13:07:29.73439,20,978,2
2024-01-17 13:07:29.73448,20,978,2
2024-01-17 13:07:29.73458,20,978,4
2024-01-17 13:07:29.73471,20,978,6
2024-01-17 13:07:29.73483,20,978,8
2024-01-17 13:07:29.73496,20,978,10
2024-01-17 13:07:29.73516,20,978,10
2024-01-17 13:07:29.73527,20,978,10
2024-01-17 13:07:29.73535,20,978,12
2024-01-17 13:07:29.73544,20,978,14
2024-01-17 13:07:29.73555,20,978,16
2024-01-17 13:07:29.73566,20,978,18
2024-01-17 13:07:29.73574,20,978,20
2024-01-17 13:07:29.73585,20,978,22
2024-01-17 13:07:29.73603,20,978,24
2024-01-17 13:07:29.73614,20,978,26
2024-01-17 13:07:29.73624,20,978,28
2024-01-17 13:07:29.73639,20,978,30
2024-01-17 13:07:29.73650,20,978,32
2024-01-17 13:07:29.73662,20,978,34
2024-01-17 13:07:29.73671,20,978,36
2024-01-17 13:07:29.73680,20,978,38
2024-01-17 13:07:29.73692,20,978,40
2024-01-17 13:07:29.73712,20,978,42
2024-01-17 13:07:29.73729,20,978,44
2024-01-17 13:07:29.73754,20,978,46
2024-01-17 13:07:29.73768,20,978,48
2024-01-17 13:07:29.73779,20,978,50
2024-01-17 13:07:29.73908,20,978,52
2024-01-17 13:07:29.73926,20,978,54
2024-01-17 13:07:29.73944,20,978,56
2024-01-17 13:07:29.73978,20,978,58
2024-01-17 13:07:29.73998,20,978,60
2024-01-17 13:07:29.74007,20,978,62
2024-01-17 13:07:29.74014,20,978,64
2024-01-17 13:07:29.74022,20,978,66
2024-01-17 13:07:29.74036,20,978,68
2024-01-17 13:07:29.74055,20,978,70
2024-01-17 13:07:29.74068,20,978,72
2024-01-17 13:07:29.74083,20,978,74
2024-01-17 13:07:29.74097,20,978,76
2024-01-17 13:07:29.74112,20,978,78
2024-01-17 13:07:29.74138,20,978,80
2024-01-17 13:07:29.74158,20,978,82
2024-01-17 13:07:29.74186,20,978,84
2024-01-17 13:07:29.74207,20,978,86
2024-01-17 13:07:29.74245,20,978,88
2024-01-17 13:07:29.74253,20,978,90
2024-01-17 13:07:29.74261,20,978,92
2024-01-17 13:07:29.74267,20,978,94
2024-01-17 13:07:29.74274,20,978,96
2024-01-17 13:07:29.74281,20,978,98
2024-01-17 13:07:29.74288,20,978,100
2024-01-17 13:07:29.74295,20,978,102
2024-01-17 13:07:29.74302,20,978,104
2024-01-17 13:07:29.74310,20,978,106
2024-01-17 13:07:29.74317,20,978,108
2024-01-17 13:07:29.74326,20,978,110
2024-01-17 13:07:29.74334,20,978,112
2024-01-17 13:07:29.74342,20,978,114
2024-01-17 13:07:29.74351,20,978,116
2024-01-17 13:07:29.74358,20,978,118
2024-01-17 13:07:29.74366,20,978,120
2024-01-17 13:07:29.74372,20,978,122
2024-01-17 13:07:29.74383,20,978,124
2024-01-17 13:07:29.74401,20,978,126
2024-01-17 13:07:29.74408,20,978,128
2024-01-17 13:07:29.74416,20,978,130
2024-01-17 13:07:29.74424,20,978,132
2024-01-17 13:07:29.74431,20,978,134
2024-01-17 13:07:29.74443,20,978,136
2024-01-17 13:07:29.74464,20,978,138
2024-01-17 13:07:29.74472,20,978,140
2024-01-17 13:07:29.74481,20,978,142
2024-01-17 13:07:29.74495,20,978,144
2024-01-17 13:07:29.74502,20,978,146
2024-01-17 13:07:29.74515,20,978,148
2024-01-17 13:07:29.74526,20,978,150
2024-01-17 13:07:29.74535,20,978,152
2024-01-17 13:07:29.74547,20,978,154
2024-01-17 13:07:29.74558,20,978,156
2024-01-17 13:07:29.74573,20,978,158
2024-01-17 13:07:29.74587,20,978,160
2024-01-17 13:07:29.74599,20,978,162
2024-01-17 13:07:29.74606,20,978,164
2024-01-17 13:07:29.74630,20,978,166
2024-01-17 13:07:29.74643,20,978,168
2024-01-17 13:07:29.74657,20,978,170
2024-01-17 13:07:29.74674,20,978,172
2024-01-17 13:07:29.74682,20,978,174
2024-01-17 13:07:29.74691,20,978,176
2024-01-17 13:07:29.74712,20,978,178
2024-01-17 13:07:29.74747,20,978,180
2024-01-17 13:07:29.74784,20,978,182
2024-01-17 13:07:29.74803,20,978,184
2024-01-17 13:07:29.74816,20,978,186
2024-01-17 13:07:29.74827,20,978,188
2024-01-17 13:07:29.74852,20,978,190
2024-01-17 13:07:29.74871,20,978,192
2024-01-17 13:07:29.74878,20,978,194
2024-01-17 13:07:29.74889,20,978,196
2024-01-17 13:07:29.74897,20,978,198
2024-01-17 13:07:29.74904,20,978,200
2024-01-17 13:07:29.74915,20,978,202
2024-01-17 13:07:29.74929,20,978,204
2024-01-17 13:07:29.74943,20,978,206
2024-01-17 13:07:29.74966,20,978,208
2024-01-17 13:07:29.74975,20,978,210
2024-01-17 13:07:29.74982,20,978,212
2024-01-17 13:07:29.74990,20,978,214
2024-01-17 13:07:29.74998,20,978,216
2024-01-17 13:07:29.75007,20,978,218
2024-01-17 13:07:29.75014,20,978,220
2024-01-17 13:07:29.75022,20,978,222
2024-01-17 13:07:29.75028,20,978,224
2024-01-17 13:07:29.75036,20,978,226
2024-01-17 13:07:29.75042,20,978,228
2024-01-17 13:07:29.75049,20,978,230
2024-01-17 13:07:29.75058,20,978,232
2024-01-17 13:07:29.75073,20,978,234
2024-01-17 13:07:29.75081,20,978,236
2024-01-17 13:07:29.75089,20,978,238
2024-01-17 13:07:29.75096,20,978,240
2024-01-17 13:07:29.75103,20,978,242
2024-01-17 13:07:29.75114,20,978,244
2024-01-17 13:07:29.75124,20,978,246
2024-01-17 13:07:29.75131,20,978,248
2024-01-17 13:07:29.75140,20,978,250
2024-01-17 13:07:29.75152,20,978,252
2024-01-17 13:07:29.75161,20,978,254
2024-01-17 13:07:29.75173,20,978,256
2024-01-17 13:07:29.75181,20,978,258
2024-01-17 13:07:29.75190,20,978,260
2024-01-17 13:07:29.75197,20,978,262
2024-01-17 13:07:29.75207,20,978,264
2024-01-17 13:07:29.75216,20,978,266
2024-01-17 13:07:29.75224,20,978,268
2024-01-17 13:07:29.75230,20,978,270
2024-01-17 13:07:29.75237,20,978,272
2024-01-17 13:07:29.75248,20,978,274
2024-01-17 13:07:29.75261,20,978,276
2024-01-17 13:07:29.75267,20,978,278
2024-01-17 13:07:29.75273,20,978,280
2024-01-17 13:07:29.75282,20,978,282
2024-01-17 13:07:29.75289,20,978,284
2024-01-17 13:07:29.75299,20,978,286
2024-01-17 13:07:29.75309,20,978,288
2024-01-17 13:07:29.75319,20,978,290
2024-01-17 13:07:29.75373,20,978,292
2024-01-17 13:07:29.75383,20,978,294
2024-01-17 13:07:29.75392,20,978,296
2024-01-17 13:07:29.75403,20,978,298
2024-01-17 13:07:29.75413,20,978,300
2024-01-17 13:07:29.75424,20,978,302
2024-01-17 13:07:29.75434,20,978,304
2024-01-17 13:07:29.75443,20,978,306
2024-01-17 13:07:29.75453,20,978,308
2024-01-17 13:07:29.75462,20,978,310
2024-01-17 13:07:29.75472,20,978,312
2024-01-17 13:07:29.75481,20,978,314
2024-01-17 13:07:29.75491,20,978,316
2024-01-17 13:07:29.75507,20,978,318
2024-01-17 13:07:29.75524,20,978,320
2024-01-17 13:07:29.75540,20,978,322
2024-01-17 13:07:29.75555,20,978,324
2024-01-17 13:07:29.75596,20,978,326
2024-01-17 13:07:29.75611,20,978,328
2024-01-17 13:07:29.75620,20,978,330
2024-01-17 13:07:29.75629,20,978,332
2024-01-17 13:07:29.75660,20,978,334
2024-01-17 13:07:29.75695,20,978,336
2024-01-17 13:07:29.75708,20,978,338
2024-01-17 13:07:29.75719,20,978,340
2024-01-17 13:07:29.75732,20,978,342
2024-01-17 13:07:29.75743,20,978,344
2024-01-17 13:07:29.75757,20,978,346
2024-01-17 13:07:29.75770,20,978,348
2024-01-17 13:07:29.75782,20,978,350
2024-01-17 13:07:29.75794,20,978,352
2024-01-17 13:07:29.75807,20,978,354
2024-01-17 13:07:29.75821,20,978,356
2024-01-17 13:07:29.75837,20,978,358
2024-01-17 13:07:29.75851,20,978,360
2024-01-17 13:07:29.75864,20,978,362
2024-01-17 13:07:29.75880,20,978,364
2024-01-17 13:07:29.75903,20,978,366
2024-01-17 13:07:29.75922,20,978,368
2024-01-17 13:07:29.75939,20,978,370
2024-01-17 13:07:29.75952,20,978,372
2024-01-17 13:07:29.75965,20,978,374
2024-01-17 13:07:29.76010,20,978,376
2024-01-17 13:07:29.76020,20,978,378
2024-01-17 13:07:29.76043,20,978,380
2024-01-17 13:07:29.76058,20,978,382
2024-01-17 13:07:29.76081,20,978,384
2024-01-17 13:07:29.76095,20,978,386
2024-01-17 13:07:29.76109,20,978,388
2024-01-17 13:07:29.76124,20,978,390
2024-01-17 13:07:29.76137,20,978,392
2024-01-17 13:07:29.76147,20,978,394
2024-01-17 13:07:29.76158,20,978,396
2024-01-17 13:07:29.76171,20,978,398
2024-01-17 13:07:29.76181,20,978,400
2024-01-17 13:07:29.76191,20,978,402
2024-01-17 13:07:29.76202,20,978,404
2024-01-17 13:07:29.76213,20,978,406
2024-01-17 13:07:29.76222,20,978,408
2024-01-17 13:07:29.76236,20,978,410
2024-01-17 13:07:29.76251,20,978,412
2024-01-17 13:07:29.76260,20,978,414
2024-01-17 13:07:29.76270,20,978,416
2024-01-17 13:07:29.76280,20,978,418
2024-01-17 13:07:29.76293,20,978,420
2024-01-17 13:07:29.76311,20,978,422
2024-01-17 13:07:29.76327,20,978,424
2024-01-17 13:07:29.76345,20,978,426
2024-01-17 13:07:29.76361,20,978,428
2024-01-17 13:07:29.76373,20,978,430
2024-01-17 13:07:29.76392,20,978,432
2024-01-17 13:07:29.76409,20,978,434
2024-01-17 13:07:29.76428,20,978,434
2024-01-17 13:07:29.76436,20,978,436
2024-01-17 13:07:29.76445,20,978,436
2024-01-17 13:07:29.76454,20,978,438
2024-01-17 13:07:29.76463,20,978,438
2024-01-17 13:07:29.76473,20,978,438
2024-01-17 13:07:29.76480,20,978,440
2024-01-17 13:07:29.76501,20,978,442
2024-01-17 13:07:29.76527,20,978,442
2024-01-17 13:07:29.76535,20,978,444
2024-01-17 13:07:29.76542,20,978,446
2024-01-17 13:07:29.76549,20,978,446
2024-01-17 13:07:29.76556,20,978,448
2024-01-17 13:07:29.76562,20,978,450
2024-01-17 13:07:29.76570,20,978,452
2024-01-17 13:07:29.76576,20,978,452
2024-01-17 13:07:29.76600,20,978,452
2024-01-17 13:07:29.76610,20,978,454
2024-01-17 13:07:29.76625,20,978,454
2024-01-17 13:07:29.76640,20,978,456
2024-01-17 13:07:29.76704,20,978,458
2024-01-17 13:07:29.76715,20,978,458
2024-01-17 13:07:29.76724,20,978,458
2024-01-17 13:07:29.76731,20,978,460
2024-01-17 13:07:29.76741,20,978,460
2024-01-17 13:07:29.76748,20,978,460
2024-01-17 13:07:29.76760,20,978,460
2024-01-17 13:07:29.76771,20,978,460
2024-01-17 13:07:29.76785,20,978,462
2024-01-17 13:07:29.76793,20,978,464
2024-01-17 13:07:29.76803,20,978,464
2024-01-17 13:07:29.76828,20,978,464
2024-01-17 13:07:29.76850,20,978,466
2024-01-17 13:07:29.76859,20,978,468
2024-01-17 13:07:29.76866,20,978,468
2024-01-17 13:07:29.76873,20,978,468
2024-01-17 13:07:29.76890,20,978,470
2024-01-17 13:07:29.76902,20,978,472
2024-01-17 13:07:29.76916,20,978,474
2024-01-17 13:07:29.76927,20,978,476
2024-01-17 13:07:29.76941,20,978,478
2024-01-17 13:07:29.76961,20,978,478
2024-01-17 13:07:29.76974,20,978,480
2024-01-17 13:07:29.76987,20,978,480
2024-01-17 13:07:29.76997,20,978,480
2024-01-17 13:07:29.77006,20,978,480
2024-01-17 13:07:29.77014,20,978,482
2024-01-17 13:07:29.77032,20,978,482
2024-01-17 13:07:29.77045,20,978,484
2024-01-17 13:07:29.77053,20,978,486
2024-01-17 13:07:29.77065,20,978,486
2024-01-17 13:07:29.77073,20,978,488
2024-01-17 13:07:29.77081,20,978,490
2024-01-17 13:07:29.77092,20,978,492
2024-01-17 13:07:29.77099,20,978,494
2024-01-17 13:07:29.77108,20,978,496
2024-01-17 13:07:29.77114,20,978,498
2024-01-17 13:07:29.77122,20,978,500
2024-01-17 13:07:29.77129,20,978,500
2024-01-17 13:07:29.77137,20,978,500
2024-01-17 13:07:29.77144,20,978,502
2024-01-17 13:07:29.77154,20,978,502
2024-01-17 13:07:29.77162,20,978,504
2024-01-17 13:07:29.77171,20,978,504
2024-01-17 13:07:29.77180,20,978,506
2024-01-17 13:07:29.77188,20,978,506
2024-01-17 13:07:29.77199,20,978,508
2024-01-17 13:07:29.77207,20,978,508
2024-01-17 13:07:29.77216,20,978,510
2024-01-17 13:07:29.77223,20,978,510
2024-01-17 13:07:29.77234,20,978,510
2024-01-17 13:07:29.77247,20,978,510
2024-01-17 13:07:29.77264,20,978,510
2024-01-17 13:07:29.77282,20,978,512
2024-01-17 13:07:29.77298,20,978,514
2024-01-17 13:07:29.77313,20,978,516
2024-01-17 13:07:29.77329,20,978,516
2024-01-17 13:07:29.77344,20,978,518
2024-01-17 13:07:29.77356,20,978,518
2024-01-17 13:07:29.77367,20,978,518
2024-01-17 13:07:29.77378,20,978,520
2024-01-17 13:07:29.77385,20,978,522
2024-01-17 13:07:29.77404,20,978,524
2024-01-17 13:07:29.77413,20,978,526
2024-01-17 13:07:29.77422,20,978,526
2024-01-17 13:07:29.77430,20,978,528
2024-01-17 13:07:29.77438,20,978,530
2024-01-17 13:07:29.77444,20,978,530
2024-01-17 13:07:29.77455,20,978,530
2024-01-17 13:07:29.77466,20,978,530
2024-01-17 13:07:29.77480,20,978,532
2024-01-17 13:07:29.77489,20,978,532
2024-01-17 13:07:29.77498,20,978,534
2024-01-17 13:07:29.77510,20,978,534
2024-01-17 13:07:29.77517,20,978,536
2024-01-17 13:07:29.77526,20,978,538
2024-01-17 13:07:29.77535,20,978,540
2024-01-17 13:07:29.77545,20,978,542
2024-01-17 13:07:29.77554,20,978,542
2024-01-17 13:07:29.77561,20,978,542
2024-01-17 13:07:29.77577,20,978,544
2024-01-17 13:07:29.77591,20,978,544
2024-01-17 13:07:29.77619,20,978,546
2024-01-17 13:07:29.77636,20,978,548
2024-01-17 13:07:29.77656,20,978,550
2024-01-17 13:07:29.77675,20,978,550
2024-01-17 13:07:29.77691,20,978,550
2024-01-17 13:07:29.77703,20,978,550
2024-01-17 13:07:29.77717,20,978,552
2024-01-17 13:07:29.77725,20,978,554
2024-01-17 13:07:29.77734,20,978,554
2024-01-17 13:07:29.77745,20,978,556
2024-01-17 13:07:29.77752,20,978,558
2024-01-17 13:07:29.77761,20,978,560
2024-01-17 13:07:29.77777,20,978,562
2024-01-17 13:07:29.77790,20,978,564
2024-01-17 13:07:29.77815,20,978,566
2024-01-17 13:07:29.77835,20,978,568
2024-01-17 13:07:29.77846,20,978,570
2024-01-17 13:07:29.77866,20,978,572
2024-01-17 13:07:29.77880,20,978,574
2024-01-17 13:07:29.77895,20,978,576
2024-01-17 13:07:29.77911,20,978,578
2024-01-17 13:07:29.77930,20,978,580
2024-01-17 13:07:29.77942,20,978,582
2024-01-17 13:07:29.77978,20,978,584
2024-01-17 13:07:29.78343,20,978,586
2024-01-17 13:07:29.78902,20,978,588
2024-01-17 13:07:29.80779,20,978,590
2024-01-17 13:07:29.81211,20,978,592
2024-01-17 13:07:29.81365,20,978,594
2024-01-17 13:07:29.81801,20,978,596
2024-01-17 13:07:29.82071,20,978,598
2024-01-17 13:07:29.82085,20,978,600
2024-01-17 13:07:29.82149,20,978,602
2024-01-17 13:07:29.82200,20,978,604
2024-01-17 13:07:29.82209,20,978,606
2024-01-17 13:07:29.82354,20,978,608
2024-01-17 13:07:29.82472,20,978,610
2024-01-17 13:07:29.82524,20,978,612
2024-01-17 13:07:29.82717,20,978,614
2024-01-17 13:07:29.82847,20,978,616
2024-01-17 13:07:29.82945,20,978,618
2024-01-17 13:07:29.82964,20,978,620
2024-01-17 13:07:29.82978,20,978,622
2024-01-17 13:07:29.82991,20,978,624
2024-01-17 13:07:29.83205,20,978,626
2024-01-17 13:07:29.83223,20,978,628
2024-01-17 13:07:29.84265,20,978,630
2024-01-17 13:07:29.84277,20,978,632
2024-01-17 13:07:29.84382,20,978,634
2024-01-17 13:07:29.84408,20,978,636
2024-01-17 13:07:29.84478,20,978,638
2024-01-17 13:07:29.85250,20,978,640
2024-01-17 13:07:29.85266,20,978,642
2024-01-17 13:07:29.85281,20,978,644
2024-01-17 13:07:29.85293,20,978,646
2024-01-17 13:07:29.85304,20,978,648
2024-01-17 13:07:29.85313,20,978,650
2024-01-17 13:07:29.85322,20,978,652
2024-01-17 13:07:29.85330,20,978,654
2024-01-17 13:07:29.85338,20,978,656
2024-01-17 13:07:29.85346,20,978,658
2024-01-17 13:07:29.85354,20,978,660
2024-01-17 13:07:29.85363,20,978,662
2024-01-17 13:07:29.85380,20,978,664
2024-01-17 13:07:29.85399,20,978,666
2024-01-17 13:07:29.85413,20,978,668
2024-01-17 13:07:29.85428,20,978,670
2024-01-17 13:07:29.85440,20,978,672
2024-01-17 13:07:29.85454,20,978,674
2024-01-17 13:07:29.85467,20,978,676
2024-01-17 13:07:29.85480,20,978,678
2024-01-17 13:07:29.85495,20,978,680
2024-01-17 13:07:29.85515,20,978,682
2024-01-17 13:07:29.85525,20,978,684
2024-01-17 13:07:29.85534,20,978,686
2024-01-17 13:07:29.85542,20,978,688
2024-01-17 13:07:29.85555,20,978,690
2024-01-17 13:07:29.85573,20,978,692
2024-01-17 13:07:29.86040,20,978,694
2024-01-17 13:07:29.86076,20,978,696
2024-01-17 13:07:29.88902,20,978,698
2024-01-17 13:07:29.88948,20,978,700
2024-01-17 13:07:29.88980,20,978,702
2024-01-17 13:07:29.88992,20,978,704
2024-01-17 13:07:29.89039,20,978,706
2024-01-17 13:07:29.89056,20,978,708
2024-01-17 13:07:29.89077,20,978,710
2024-01-17 13:07:29.89098,20,978,712
2024-01-17 13:07:29.89106,20,978,714
2024-01-17 13:07:29.89114,20,978,716
2024-01-17 13:07:29.89122,20,978,718
2024-01-17 13:07:29.89129,20,978,720
2024-01-17 13:07:29.89138,20,978,722
2024-01-17 13:07:29.89147,20,978,724
2024-01-17 13:07:29.89155,20,978,726
2024-01-17 13:07:29.89164,20,978,728
2024-01-17 13:07:29.89172,20,978,730
2024-01-17 13:07:29.89181,20,978,732
2024-01-17 13:07:29.89189,20,978,734
2024-01-17 13:07:29.89200,20,978,736
2024-01-17 13:07:29.89208,20,978,738
2024-01-17 13:07:29.89219,20,978,740
2024-01-17 13:07:29.89230,20,978,742
2024-01-17 13:07:29.89245,20,978,744
2024-01-17 13:07:29.89258,20,978,746
2024-01-17 13:07:29.89268,20,978,748
2024-01-17 13:07:29.89277,20,978,750
2024-01-17 13:07:29.89286,20,978,752
2024-01-17 13:07:29.89295,20,978,754
2024-01-17 13:07:29.89331,20,978,756
2024-01-17 13:07:29.89340,20,978,758
2024-01-17 13:07:29.89349,20,978,760
2024-01-17 13:07:29.89359,20,978,762
2024-01-17 13:07:29.89367,20,978,764
2024-01-17 13:07:29.89376,20,978,766
2024-01-17 13:07:29.89387,20,978,768
2024-01-17 13:07:29.89402,20,978,770
2024-01-17 13:07:29.89444,20,978,772
2024-01-17 13:07:29.89455,20,978,774
2024-01-17 13:07:29.89484,20,978,776
2024-01-17 13:07:29.89501,20,978,778
2024-01-17 13:07:29.89527,20,978,780
2024-01-17 13:07:29.89535,20,978,782
2024-01-17 13:07:29.89547,20,978,784
2024-01-17 13:07:29.89563,20,978,786
2024-01-17 13:07:29.89577,20,978,788
2024-01-17 13:07:29.89585,20,978,790
2024-01-17 13:07:29.89594,20,978,792
2024-01-17 13:07:29.89604,20,978,794
2024-01-17 13:07:29.89612,20,978,796
2024-01-17 13:07:29.89623,20,978,798
2024-01-17 13:07:29.89635,20,978,800
2024-01-17 13:07:29.89645,20,978,802
2024-01-17 13:07:29.89655,20,978,804
2024-01-17 13:07:29.89665,20,978,806
2024-01-17 13:07:29.89677,20,978,808
2024-01-17 13:07:29.89693,20,978,810
2024-01-17 13:07:29.89703,20,978,812
2024-01-17 13:07:29.89712,20,978,814
2024-01-17 13:07:29.89729,20,978,816
2024-01-17 13:07:29.89738,20,978,818
2024-01-17 13:07:29.89746,20,978,820
2024-01-17 13:07:29.89754,20,978,822
2024-01-17 13:07:29.89762,20,978,824
2024-01-17 13:07:29.89768,20,978,826
2024-01-17 13:07:29.89784,20,978,828
2024-01-17 13:07:29.89793,20,978,830
2024-01-17 13:07:29.89800,20,978,832
2024-01-17 13:07:29.89807,20,978,834
2024-01-17 13:07:29.89814,20,978,836
2024-01-17 13:07:29.89820,20,978,838
2024-01-17 13:07:29.89827,20,978,840
2024-01-17 13:07:29.89835,20,978,842
2024-01-17 13:07:29.89842,20,978,844
2024-01-17 13:07:29.89852,20,978,846
2024-01-17 13:07:29.89865,20,978,848
2024-01-17 13:07:29.89877,20,978,850
2024-01-17 13:07:29.89888,20,978,852
2024-01-17 13:07:29.89898,20,978,854
2024-01-17 13:07:29.89911,20,978,856
2024-01-17 13:07:29.89922,20,978,858
2024-01-17 13:07:29.89932,20,978,860
2024-01-17 13:07:29.89942,20,978,862
2024-01-17 13:07:29.89950,20,978,864
2024-01-17 13:07:29.89956,20,978,866
2024-01-17 13:07:29.89963,20,978,868
2024-01-17 13:07:29.89969,20,978,870
2024-01-17 13:07:29.89977,20,978,872
2024-01-17 13:07:29.89985,20,978,874
2024-01-17 13:07:29.89992,20,978,876
2024-01-17 13:07:29.89999,20,978,878
2024-01-17 13:07:29.90006,20,978,880
2024-01-17 13:07:29.90012,20,978,882
2024-01-17 13:07:29.90019,20,978,884
2024-01-17 13:07:29.90030,20,978,886
2024-01-17 13:07:29.90037,20,978,888
2024-01-17 13:07:29.90043,20,978,890
2024-01-17 13:07:29.90049,20,978,892
2024-01-17 13:07:29.90056,20,978,894
2024-01-17 13:07:29.90062,20,978,896
2024-01-17 13:07:29.90071,20,978,898
2024-01-17 13:07:29.90082,20,978,900
2024-01-17 13:07:29.90090,20,978,902
2024-01-17 13:07:29.90097,20,978,904
2024-01-17 13:07:29.90108,20,978,906
2024-01-17 13:07:29.90114,20,978,908
2024-01-17 13:07:29.90122,20,978,910
2024-01-17 13:07:29.90136,20,978,912
2024-01-17 13:07:29.90149,20,978,914
2024-01-17 13:07:29.90160,20,978,916
2024-01-17 13:07:29.90168,20,978,918
2024-01-17 13:07:29.90186,20,978,920
2024-01-17 13:07:29.90198,20,978,922
2024-01-17 13:07:29.90208,20,978,924
2024-01-17 13:07:29.90217,20,978,926
2024-01-17 13:07:29.90238,20,978,928
2024-01-17 13:07:29.91571,20,978,930
2024-01-17 13:07:29.91607,20,978,932
2024-01-17 13:07:29.92638,20,978,934
2024-01-17 13:07:29.92653,20,978,936
2024-01-17 13:07:29.92663,20,978,938
2024-01-17 13:07:29.94582,20,978,940
2024-01-17 13:07:29.94597,20,978,942
2024-01-17 13:07:29.95107,20,978,944
2024-01-17 13:07:29.95608,20,978,946
2024-01-17 13:07:29.95624,20,978,948
2024-01-17 13:07:29.95636,20,978,950
2024-01-17 13:07:29.95645,20,978,952
2024-01-17 13:07:29.95653,20,978,954
2024-01-17 13:07:29.95665,20,978,956
2024-01-17 13:07:31.16581,21,1000,0
2024-01-17 13:07:31.16602,21,1000,0
2024-01-17 13:07:31.16614,21,1000,0
2024-01-17 13:07:31.16621,21,1000,0
2024-01-17 13:07:31.16628,21,1000,0
2024-01-17 13:07:31.16636,21,1000,0
2024-01-17 13:07:31.16644,21,1000,0
2024-01-17 13:07:31.16652,21,1000,0
2024-01-17 13:07:31.16659,21,1000,0
2024-01-17 13:07:31.16667,21,1000,0
2024-01-17 13:07:31.16676,21,1000,0
2024-01-17 13:07:31.16685,21,1000,0
2024-01-17 13:07:31.16694,21,1000,0
2024-01-17 13:07:31.16702,21,1000,0
2024-01-17 13:07:31.16711,21,1000,0
2024-01-17 13:07:31.16721,21,1000,0
2024-01-17 13:07:31.16728,21,1000,0
2024-01-17 13:07:31.16737,21,1000,0
2024-01-17 13:07:31.16747,21,1000,0
2024-01-17 13:07:31.16756,21,1000,0
2024-01-17 13:07:31.16765,21,1000,0
2024-01-17 13:07:31.16776,21,1000,0
2024-01-17 13:07:31.16785,21,1000,0
2024-01-17 13:07:31.16794,21,1000,0
2024-01-17 13:07:31.16803,21,1000,0
2024-01-17 13:07:31.16811,21,1000,0
2024-01-17 13:07:31.16819,21,1000,0
2024-01-17 13:07:31.16833,21,1000,0
2024-01-17 13:07:31.16842,21,1000,0
2024-01-17 13:07:31.16850,21,1000,0
2024-01-17 13:07:31.16859,21,1000,0
2024-01-17 13:07:31.16867,21,1000,0
2024-01-17 13:07:31.16874,21,1000,0
2024-01-17 13:07:31.16884,21,1000,0
2024-01-17 13:07:31.16894,21,1000,0
2024-01-17 13:07:31.16904,21,1000,0
2024-01-17 13:07:31.16913,21,1000,0
2024-01-17 13:07:31.16925,21,1000,0
2024-01-17 13:07:31.16933,21,1000,0
2024-01-17 13:07:31.16942,21,1000,0
2024-01-17 13:07:31.16952,21,1000,0
2024-01-17 13:07:31.16968,21,1000,0
2024-01-17 13:07:31.16986,21,1000,0
2024-01-17 13:07:31.17002,21,1000,0
2024-01-17 13:07:31.17014,21,1000,0
2024-01-17 13:07:31.17031,21,1000,0
2024-01-17 13:07:31.17044,21,1000,0
2024-01-17 13:07:31.17055,21,1000,0
2024-01-17 13:07:31.17069,21,1000,0
2024-01-17 13:07:31.17083,21,1000,0
2024-01-17 13:07:31.17093,21,1000,0
2024-01-17 13:07:31.17103,21,1000,0
2024-01-17 13:07:31.17115,21,1000,0
2024-01-17 13:07:31.17126,21,1000,0
2024-01-17 13:07:31.17140,21,1000,0
2024-01-17 13:07:31.17152,21,1000,0
2024-01-17 13:07:31.17166,21,1000,0
2024-01-17 13:07:31.17179,21,1000,0
2024-01-17 13:07:31.17189,21,1000,0
2024-01-17 13:07:31.17213,21,1000,0
2024-01-17 13:07:31.17227,21,1000,0
2024-01-17 13:07:31.17239,21,1000,0
2024-01-17 13:07:31.17250,21,1000,0
2024-01-17 13:07:31.17270,21,1000,0
2024-01-17 13:07:31.17285,21,1000,0
2024-01-17 13:07:31.17298,21,1000,0
2024-01-17 13:07:31.17318,21,1000,0
2024-01-17 13:07:31.17330,21,1000,0
2024-01-17 13:07:31.17357,21,1000,0
2024-01-17 13:07:31.17372,21,1000,0
2024-01-17 13:07:31.17385,21,1000,0
2024-01-17 13:07:31.17395,21,1000,0
2024-01-17 13:07:31.17404,21,1000,0
2024-01-17 13:07:31.17414,21,1000,0
2024-01-17 13:07:31.17426,21,1000,0
2024-01-17 13:07:31.17438,21,1000,0
2024-01-17 13:07:31.17453,21,1000,0
2024-01-17 13:07:31.17466,21,1000,0
2024-01-17 13:07:31.17481,21,1000,0
2024-01-17 13:07:31.17489,21,1000,0
2024-01-17 13:07:31.17497,21,1000,0
2024-01-17 13:07:31.17506,21,1000,0
2024-01-17 13:07:31.17516,21,1000,0
2024-01-17 13:07:31.17525,21,1000,0
2024-01-17 13:07:31.17532,21,1000,0
2024-01-17 13:07:31.17540,21,1000,0
2024-01-17 13:07:31.17549,21,1000,0
2024-01-17 13:07:31.17557,21,1000,0
2024-01-17 13:07:31.17563,21,1000,0
2024-01-17 13:07:31.17570,21,1000,0
2024-01-17 13:07:31.17579,21,1000,0
2024-01-17 13:07:31.17592,21,1000,0
2024-01-17 13:07:31.17609,21,1000,0
2024-01-17 13:07:31.17626,21,1000,0
2024-01-17 13:07:31.17633,21,1000,0
2024-01-17 13:07:31.17651,21,1000,0
2024-01-17 13:07:31.17661,21,1000,0
2024-01-17 13:07:31.17668,21,1000,0
2024-01-17 13:07:31.17676,21,1000,0
2024-01-17 13:07:31.17685,21,1000,0
2024-01-17 13:07:31.17702,21,1000,0
2024-01-17 13:07:31.17740,21,1000,0
2024-01-17 13:07:31.17747,21,1000,0
2024-01-17 13:07:31.17755,21,1000,0
2024-01-17 13:07:31.17764,21,1000,0
2024-01-17 13:07:31.17775,21,1000,0
2024-01-17 13:07:31.17790,21,1000,0
2024-01-17 13:07:31.17801,21,1000,0
2024-01-17 13:07:31.17811,21,1000,0
2024-01-17 13:07:31.17866,21,1000,0
2024-01-17 13:07:31.17880,21,1000,0
2024-01-17 13:07:31.17893,21,1000,0
2024-01-17 13:07:31.17905,21,1000,0
2024-01-17 13:07:31.17916,21,1000,0
2024-01-17 13:07:31.17931,21,1000,0
2024-01-17 13:07:31.17939,21,1000,0
2024-01-17 13:07:31.17950,21,1000,0
2024-01-17 13:07:31.17958,21,1000,0
2024-01-17 13:07:31.17968,21,1000,0
2024-01-17 13:07:31.17976,21,1000,0
2024-01-17 13:07:31.17983,21,1000,0
2024-01-17 13:07:31.17991,21,1000,0
2024-01-17 13:07:31.17999,21,1000,0
2024-01-17 13:07:31.18005,21,1000,0
2024-01-17 13:07:31.18041,21,1000,0
2024-01-17 13:07:31.18058,21,1000,0
2024-01-17 13:07:31.18072,21,1000,0
2024-01-17 13:07:31.18082,21,1000,0
2024-01-17 13:07:31.18093,21,1000,0
2024-01-17 13:07:31.18101,21,1000,0
2024-01-17 13:07:31.18109,21,1000,0
2024-01-17 13:07:31.18131,21,1000,0
2024-01-17 13:07:31.18143,21,1000,0
2024-01-17 13:07:31.18152,21,1000,0
2024-01-17 13:07:31.18167,21,1000,0
2024-01-17 13:07:31.18173,21,1000,0
2024-01-17 13:07:31.18181,21,1000,0
2024-01-17 13:07:31.18188,21,1000,0
2024-01-17 13:07:31.18198,21,1000,0
2024-01-17 13:07:31.18214,21,1000,0
2024-01-17 13:07:31.18225,21,1000,0
2024-01-17 13:07:31.18236,21,1000,0
2024-01-17 13:07:31.18349,21,1000,0
2024-01-17 13:07:31.18356,21,1000,0
2024-01-17 13:07:31.18362,21,1000,0
2024-01-17 13:07:31.18372,21,1000,0
2024-01-17 13:07:31.18387,21,1000,0
2024-01-17 13:07:31.18395,21,1000,0
2024-01-17 13:07:31.18405,21,1000,0
2024-01-17 13:07:31.18411,21,1000,0
2024-01-17 13:07:31.18417,21,1000,0
2024-01-17 13:07:31.18424,21,1000,0
2024-01-17 13:07:31.18429,21,1000,0
2024-01-17 13:07:31.18436,21,1000,0
2024-01-17 13:07:31.18442,21,1000,0
2024-01-17 13:07:31.18450,21,1000,0
2024-01-17 13:07:31.18455,21,1000,0
2024-01-17 13:07:31.18461,21,1000,0
2024-01-17 13:07:31.18469,21,1000,0
2024-01-17 13:07:31.18482,21,1000,0
2024-01-17 13:07:31.18505,21,1000,0
2024-01-17 13:07:31.18522,21,1000,0
2024-01-17 13:07:31.18528,21,1000,0
2024-01-17 13:07:31.18536,21,1000,0
2024-01-17 13:07:31.18545,21,1000,0
2024-01-17 13:07:31.18554,21,1000,0
2024-01-17 13:07:31.18563,21,1000,0
2024-01-17 13:07:31.18570,21,1000,0
2024-01-17 13:07:31.18576,21,1000,0
2024-01-17 13:07:31.18584,21,1000,0
2024-01-17 13:07:31.18590,21,1000,0
2024-01-17 13:07:31.18598,21,1000,0
2024-01-17 13:07:31.18605,21,1000,0
2024-01-17 13:07:31.18614,21,1000,0
2024-01-17 13:07:31.18623,21,1000,0
2024-01-17 13:07:31.18642,21,1000,0
2024-01-17 13:07:31.18655,21,1000,0
2024-01-17 13:07:31.18669,21,1000,0
2024-01-17 13:07:31.18687,21,1000,0
2024-01-17 13:07:31.18701,21,1000,0
2024-01-17 13:07:31.18712,21,1000,0
2024-01-17 13:07:31.18726,21,1000,0
2024-01-17 13:07:31.18738,21,1000,0
2024-01-17 13:07:31.18754,21,1000,0
2024-01-17 13:07:31.18765,21,1000,0
2024-01-17 13:07:31.18781,21,1000,0
2024-01-17 13:07:31.18794,21,1000,0
2024-01-17 13:07:31.18806,21,1000,0
2024-01-17 13:07:31.18821,21,1000,0
2024-01-17 13:07:31.18840,21,1000,0
2024-01-17 13:07:31.18853,21,1000,0
2024-01-17 13:07:31.18865,21,1000,0
2024-01-17 13:07:31.18881,21,1000,0
2024-01-17 13:07:31.18893,21,1000,0
2024-01-17 13:07:31.18902,21,1000,0
2024-01-17 13:07:31.18911,21,1000,0
2024-01-17 13:07:31.18920,21,1000,0
2024-01-17 13:07:31.18931,21,1000,0
2024-01-17 13:07:31.18939,21,1000,0
2024-01-17 13:07:31.18949,21,1000,0
2024-01-17 13:07:31.18965,21,1000,0
2024-01-17 13:07:31.18977,21,1000,0
2024-01-17 13:07:31.18993,21,1000,0
2024-01-17 13:07:31.19006,21,1000,0
2024-01-17 13:07:31.19016,21,1000,0
2024-01-17 13:07:31.19026,21,1000,0
2024-01-17 13:07:31.19038,21,1000,0
2024-01-17 13:07:31.19054,21,1000,0
2024-01-17 13:07:31.19065,21,1000,0
2024-01-17 13:07:31.19077,21,1000,0
2024-01-17 13:07:31.19089,21,1000,0
2024-01-17 13:07:31.19102,21,1000,0
2024-01-17 13:07:31.19113,21,1000,0
2024-01-17 13:07:31.19125,21,1000,0
2024-01-17 13:07:31.19136,21,1000,0
2024-01-17 13:07:31.19154,21,1000,0
2024-01-17 13:07:31.19166,21,1000,0
2024-01-17 13:07:31.19179,21,1000,0
2024-01-17 13:07:31.19195,21,1000,0
2024-01-17 13:07:31.19207,21,1000,0
2024-01-17 13:07:31.19217,21,1000,0
2024-01-17 13:07:31.19235,21,1000,0
2024-01-17 13:07:31.19246,21,1000,0
2024-01-17 13:07:31.19255,21,1000,0
2024-01-17 13:07:31.19265,21,1000,0
2024-01-17 13:07:31.19281,21,1000,0
2024-01-17 13:07:31.19293,21,1000,0
2024-01-17 13:07:31.19305,21,1000,0
2024-01-17 13:07:31.19328,21,1000,0
2024-01-17 13:07:31.19339,21,1000,0
2024-01-17 13:07:31.19356,21,1000,0
2024-01-17 13:07:31.19369,21,1000,0
2024-01-17 13:07:31.19383,21,1000,0
2024-01-17 13:07:31.19391,21,1000,0
2024-01-17 13:07:31.19403,21,1000,0
2024-01-17 13:07:31.19413,21,1000,0
2024-01-17 13:07:31.19422,21,1000,0
2024-01-17 13:07:31.19431,21,1000,0
2024-01-17 13:07:31.19444,21,1000,0
2024-01-17 13:07:31.19458,21,1000,0
2024-01-17 13:07:31.19469,21,1000,0
2024-01-17 13:07:31.19480,21,1000,0
2024-01-17 13:07:31.19492,21,1000,0
2024-01-17 13:07:31.19504,21,1000,0
2024-01-17 13:07:31.19519,21,1000,0
2024-01-17 13:07:31.19533,21,1000,0
2024-01-17 13:07:31.19548,21,1000,0
2024-01-17 13:07:31.19557,21,1000,0
2024-01-17 13:07:31.19568,21,1000,0
2024-01-17 13:07:31.19580,21,1000,0
2024-01-17 13:07:31.19594,21,1000,0
2024-01-17 13:07:31.19604,21,1000,0
2024-01-17 13:07:31.19613,21,1000,0
2024-01-17 13:07:31.19622,21,1000,0
2024-01-17 13:07:31.19635,21,1000,0
2024-01-17 13:07:31.19653,21,1000,0
2024-01-17 13:07:31.19711,21,1000,0
2024-01-17 13:07:31.19722,21,1000,2
2024-01-17 13:07:31.19731,21,1000,4
2024-01-17 13:07:31.19741,21,1000,4
2024-01-17 13:07:31.19755,21,1000,6
2024-01-17 13:07:31.19774,21,1000,6
2024-01-17 13:07:31.19790,21,1000,8
2024-01-17 13:07:31.19843,21,1000,8
2024-01-17 13:07:31.19853,21,1000,10
2024-01-17 13:07:31.19883,21,1000,12
2024-01-17 13:07:31.19893,21,1000,14
2024-01-17 13:07:31.19902,21,1000,16
2024-01-17 13:07:31.19911,21,1000,18
2024-01-17 13:07:31.19934,21,1000,18
2024-01-17 13:07:31.19942,21,1000,20
2024-01-17 13:07:31.19952,21,1000,22
2024-01-17 13:07:31.19963,21,1000,24
2024-01-17 13:07:31.19977,21,1000,26
2024-01-17 13:07:31.19986,21,1000,26
2024-01-17 13:07:31.19996,21,1000,26
2024-01-17 13:07:31.20007,21,1000,26
2024-01-17 13:07:31.20017,21,1000,26
2024-01-17 13:07:31.20026,21,1000,26
2024-01-17 13:07:31.20035,21,1000,26
2024-01-17 13:07:31.20045,21,1000,26
2024-01-17 13:07:31.20054,21,1000,26
2024-01-17 13:07:31.20068,21,1000,26
2024-01-17 13:07:31.20078,21,1000,28
2024-01-17 13:07:31.20087,21,1000,30
2024-01-17 13:07:31.20096,21,1000,32
2024-01-17 13:07:31.20105,21,1000,34
2024-01-17 13:07:31.20113,21,1000,36
2024-01-17 13:07:31.20122,21,1000,36
2024-01-17 13:07:31.20133,21,1000,38
2024-01-17 13:07:31.20143,21,1000,40
2024-01-17 13:07:31.20155,21,1000,40
2024-01-17 13:07:31.20164,21,1000,40
2024-01-17 13:07:31.20180,21,1000,42
2024-01-17 13:07:31.20188,21,1000,44
2024-01-17 13:07:31.20204,21,1000,44
2024-01-17 13:07:31.20216,21,1000,46
2024-01-17 13:07:31.20228,21,1000,48
2024-01-17 13:07:31.20238,21,1000,50
2024-01-17 13:07:31.20251,21,1000,50
2024-01-17 13:07:31.20261,21,1000,52
2024-01-17 13:07:31.20274,21,1000,52
2024-01-17 13:07:31.20284,21,1000,52
2024-01-17 13:07:31.20293,21,1000,54
2024-01-17 13:07:31.20313,21,1000,56
2024-01-17 13:07:31.20323,21,1000,58
2024-01-17 13:07:31.20333,21,1000,58
2024-01-17 13:07:31.20343,21,1000,60
2024-01-17 13:07:31.20351,21,1000,60
2024-01-17 13:07:31.20366,21,1000,60
2024-01-17 13:07:31.20380,21,1000,62
2024-01-17 13:07:31.20394,21,1000,62
2024-01-17 13:07:31.20405,21,1000,62
2024-01-17 13:07:31.20416,21,1000,62
2024-01-17 13:07:31.20427,21,1000,64
2024-01-17 13:07:31.20438,21,1000,66
2024-01-17 13:07:31.20451,21,1000,68
2024-01-17 13:07:31.20465,21,1000,70
2024-01-17 13:07:31.20478,21,1000,70
2024-01-17 13:07:31.20494,21,1000,72
2024-01-17 13:07:31.20508,21,1000,72
2024-01-17 13:07:31.20519,21,1000,74
2024-01-17 13:07:31.20531,21,1000,74
2024-01-17 13:07:31.20547,21,1000,74
2024-01-17 13:07:31.20561,21,1000,76
2024-01-17 13:07:31.20575,21,1000,76
2024-01-17 13:07:31.20585,21,1000,78
2024-01-17 13:07:31.20594,21,1000,80
2024-01-17 13:07:31.20604,21,1000,82
2024-01-17 13:07:31.20613,21,1000,84
2024-01-17 13:07:31.20630,21,1000,84
2024-01-17 13:07:31.20638,21,1000,86
2024-01-17 13:07:31.20648,21,1000,88
2024-01-17 13:07:31.20656,21,1000,90
2024-01-17 13:07:31.20665,21,1000,92
2024-01-17 13:07:31.20675,21,1000,94
2024-01-17 13:07:31.20685,21,1000,96
2024-01-17 13:07:31.20693,21,1000,98
2024-01-17 13:07:31.20702,21,1000,100
2024-01-17 13:07:31.20710,21,1000,100
2024-01-17 13:07:31.20720,21,1000,102
2024-01-17 13:07:31.20735,21,1000,102
2024-01-17 13:07:31.20746,21,1000,102
2024-01-17 13:07:31.20760,21,1000,102
2024-01-17 13:07:31.20770,21,1000,104
2024-01-17 13:07:31.20782,21,1000,104
2024-01-17 13:07:31.20793,21,1000,104
2024-01-17 13:07:31.20801,21,1000,106
2024-01-17 13:07:31.20810,21,1000,106
2024-01-17 13:07:31.20820,21,1000,108
2024-01-17 13:07:31.20830,21,1000,110
2024-01-17 13:07:31.20841,21,1000,110
2024-01-17 13:07:31.20849,21,1000,110
2024-01-17 13:07:31.20858,21,1000,112
2024-01-17 13:07:31.20865,21,1000,112
2024-01-17 13:07:31.20889,21,1000,112
2024-01-17 13:07:31.20909,21,1000,114
2024-01-17 13:07:31.20918,21,1000,116
2024-01-17 13:07:31.20926,21,1000,118
2024-01-17 13:07:31.20935,21,1000,118
2024-01-17 13:07:31.20947,21,1000,120
2024-01-17 13:07:31.20957,21,1000,120
2024-01-17 13:07:31.20965,21,1000,120
2024-01-17 13:07:31.20976,21,1000,120
2024-01-17 13:07:31.20983,21,1000,120
2024-01-17 13:07:31.21000,21,1000,122
2024-01-17 13:07:31.21010,21,1000,124
2024-01-17 13:07:31.21018,21,1000,124
2024-01-17 13:07:31.21032,21,1000,124
2024-01-17 13:07:31.21050,21,1000,124
2024-01-17 13:07:31.21065,21,1000,124
2024-01-17 13:07:31.21081,21,1000,126
2024-01-17 13:07:31.21095,21,1000,126
2024-01-17 13:07:31.21118,21,1000,126
2024-01-17 13:07:31.21131,21,1000,128
2024-01-17 13:07:31.21145,21,1000,130
2024-01-17 13:07:31.21159,21,1000,132
2024-01-17 13:07:31.21173,21,1000,134
2024-01-17 13:07:31.21187,21,1000,134
2024-01-17 13:07:31.21195,21,1000,136
2024-01-17 13:07:31.21209,21,1000,138
2024-01-17 13:07:31.21224,21,1000,140
2024-01-17 13:07:31.21234,21,1000,142
2024-01-17 13:07:31.21247,21,1000,142
2024-01-17 13:07:31.21256,21,1000,144
2024-01-17 13:07:31.21265,21,1000,146
2024-01-17 13:07:31.21272,21,1000,146
2024-01-17 13:07:31.21281,21,1000,148
2024-01-17 13:07:31.21290,21,1000,150
2024-01-17 13:07:31.21297,21,1000,152
2024-01-17 13:07:31.21304,21,1000,152
2024-01-17 13:07:31.21313,21,1000,154
2024-01-17 13:07:31.21319,21,1000,156
2024-01-17 13:07:31.21325,21,1000,158
2024-01-17 13:07:31.21332,21,1000,158
2024-01-17 13:07:31.21339,21,1000,158
2024-01-17 13:07:31.21347,21,1000,160
2024-01-17 13:07:31.21355,21,1000,160
2024-01-17 13:07:31.21362,21,1000,162
2024-01-17 13:07:31.21369,21,1000,162
2024-01-17 13:07:31.21389,21,1000,164
2024-01-17 13:07:31.21401,21,1000,164
2024-01-17 13:07:31.21412,21,1000,164
2024-01-17 13:07:31.21423,21,1000,164
2024-01-17 13:07:31.21436,21,1000,166
2024-01-17 13:07:31.21444,21,1000,168
2024-01-17 13:07:31.21451,21,1000,168
2024-01-17 13:07:31.21458,21,1000,168
2024-01-17 13:07:31.21465,21,1000,170
2024-01-17 13:07:31.21472,21,1000,170
2024-01-17 13:07:31.21479,21,1000,172
2024-01-17 13:07:31.21485,21,1000,172
2024-01-17 13:07:31.21491,21,1000,174
2024-01-17 13:07:31.21500,21,1000,176
2024-01-17 13:07:31.21507,21,1000,178
2024-01-17 13:07:31.21513,21,1000,178
2024-01-17 13:07:31.21521,21,1000,180
2024-01-17 13:07:31.21528,21,1000,180
2024-01-17 13:07:31.21543,21,1000,182
2024-01-17 13:07:31.21550,21,1000,184
2024-01-17 13:07:31.21570,21,1000,186
2024-01-17 13:07:31.21584,21,1000,188
2024-01-17 13:07:31.21602,21,1000,188
2024-01-17 13:07:31.21610,21,1000,188
2024-01-17 13:07:31.21618,21,1000,190
2024-01-17 13:07:31.21630,21,1000,190
2024-01-17 13:07:31.21645,21,1000,190
2024-01-17 13:07:31.21652,21,1000,192
2024-01-17 13:07:31.21659,21,1000,194
2024-01-17 13:07:31.21666,21,1000,194
2024-01-17 13:07:31.21674,21,1000,194
2024-01-17 13:07:31.21681,21,1000,194
2024-01-17 13:07:31.21688,21,1000,194
2024-01-17 13:07:31.21696,21,1000,194
2024-01-17 13:07:31.21704,21,1000,196
2024-01-17 13:07:31.21711,21,1000,198
2024-01-17 13:07:31.21720,21,1000,200
2024-01-17 13:07:31.21727,21,1000,200
2024-01-17 13:07:31.21736,21,1000,200
2024-01-17 13:07:31.21744,21,1000,200
2024-01-17 13:07:31.21752,21,1000,200
2024-01-17 13:07:31.21759,21,1000,200
2024-01-17 13:07:31.21769,21,1000,200
2024-01-17 13:07:31.21780,21,1000,200
2024-01-17 13:07:31.21797,21,1000,200
2024-01-17 13:07:31.21812,21,1000,200
2024-01-17 13:07:31.21822,21,1000,200
2024-01-17 13:07:31.21840,21,1000,200
2024-01-17 13:07:31.21853,21,1000,200
2024-01-17 13:07:31.21865,21,1000,200
2024-01-17 13:07:31.21879,21,1000,200
2024-01-17 13:07:31.21891,21,1000,202
2024-01-17 13:07:31.21900,21,1000,202
2024-01-17 13:07:31.21916,21,1000,202
2024-01-17 13:07:31.21928,21,1000,202
2024-01-17 13:07:31.21938,21,1000,202
2024-01-17 13:07:31.21948,21,1000,204
2024-01-17 13:07:31.21958,21,1000,204
2024-01-17 13:07:31.21967,21,1000,204
2024-01-17 13:07:31.21982,21,1000,204
2024-01-17 13:07:31.21990,21,1000,206
2024-01-17 13:07:31.21997,21,1000,206
2024-01-17 13:07:31.22005,21,1000,206
2024-01-17 13:07:31.22011,21,1000,206
2024-01-17 13:07:31.22019,21,1000,208
2024-01-17 13:07:31.22025,21,1000,210
2024-01-17 13:07:31.22032,21,1000,210
2024-01-17 13:07:31.22040,21,1000,210
2024-01-17 13:07:31.22046,21,1000,210
2024-01-17 13:07:31.22054,21,1000,210
2024-01-17 13:07:31.22062,21,1000,210
2024-01-17 13:07:31.22069,21,1000,210
2024-01-17 13:07:31.22075,21,1000,210
2024-01-17 13:07:31.22084,21,1000,210
2024-01-17 13:07:31.22091,21,1000,212
2024-01-17 13:07:31.22106,21,1000,214
2024-01-17 13:07:31.22114,21,1000,216
2024-01-17 13:07:31.22123,21,1000,216
2024-01-17 13:07:31.22137,21,1000,218
2024-01-17 13:07:31.22150,21,1000,218
2024-01-17 13:07:31.22158,21,1000,218
2024-01-17 13:07:31.22164,21,1000,220
2024-01-17 13:07:31.22172,21,1000,222
2024-01-17 13:07:31.22178,21,1000,222
2024-01-17 13:07:31.22186,21,1000,224
2024-01-17 13:07:31.22193,21,1000,224
2024-01-17 13:07:31.22201,21,1000,224
2024-01-17 13:07:31.22210,21,1000,224
2024-01-17 13:07:31.22221,21,1000,226
2024-01-17 13:07:31.22227,21,1000,228
2024-01-17 13:07:31.22239,21,1000,230
2024-01-17 13:07:31.22250,21,1000,232
2024-01-17 13:07:31.22264,21,1000,232
2024-01-17 13:07:31.22288,21,1000,232
2024-01-17 13:07:31.22297,21,1000,234
2024-01-17 13:07:31.22305,21,1000,236
2024-01-17 13:07:31.22316,21,1000,238
2024-01-17 13:07:31.22323,21,1000,240
2024-01-17 13:07:31.22330,21,1000,242
2024-01-17 13:07:31.22339,21,1000,242
2024-01-17 13:07:31.22348,21,1000,244
2024-01-17 13:07:31.22356,21,1000,246
2024-01-17 13:07:31.22363,21,1000,248
2024-01-17 13:07:31.22371,21,1000,250
2024-01-17 13:07:31.22379,21,1000,250
2024-01-17 13:07:31.22385,21,1000,252
2024-01-17 13:07:31.22391,21,1000,254
2024-01-17 13:07:31.22399,21,1000,256
2024-01-17 13:07:31.22406,21,1000,256
2024-01-17 13:07:31.22415,21,1000,258
2024-01-17 13:07:31.22422,21,1000,258
2024-01-17 13:07:31.22432,21,1000,260
2024-01-17 13:07:31.22440,21,1000,260
2024-01-17 13:07:31.22448,21,1000,262
2024-01-17 13:07:31.22457,21,1000,262
2024-01-17 13:07:31.22484,21,1000,264
2024-01-17 13:07:31.22504,21,1000,266
2024-01-17 13:07:31.22518,21,1000,266
2024-01-17 13:07:31.22534,21,1000,268
2024-01-17 13:07:31.22547,21,1000,268
2024-01-17 13:07:31.22560,21,1000,270
2024-01-17 13:07:31.22574,21,1000,270
2024-01-17 13:07:31.22586,21,1000,270
2024-01-17 13:07:31.22597,21,1000,270
2024-01-17 13:07:31.22612,21,1000,272
2024-01-17 13:07:31.22626,21,1000,274
2024-01-17 13:07:31.22640,21,1000,276
2024-01-17 13:07:31.22652,21,1000,278
2024-01-17 13:07:31.22664,21,1000,280
2024-01-17 13:07:31.22673,21,1000,280
2024-01-17 13:07:31.22681,21,1000,280
2024-01-17 13:07:31.22688,21,1000,282
2024-01-17 13:07:31.22709,21,1000,284
2024-01-17 13:07:31.22718,21,1000,284
2024-01-17 13:07:31.22736,21,1000,284
2024-01-17 13:07:31.22749,21,1000,286
2024-01-17 13:07:31.22759,21,1000,288
2024-01-17 13:07:31.22770,21,1000,290
2024-01-17 13:07:31.22779,21,1000,290
2024-01-17 13:07:31.22790,21,1000,290
2024-01-17 13:07:31.22803,21,1000,292
2024-01-17 13:07:31.22815,21,1000,294
2024-01-17 13:07:31.22826,21,1000,294
2024-01-17 13:07:31.22837,21,1000,296
2024-01-17 13:07:31.22849,21,1000,298
2024-01-17 13:07:31.22858,21,1000,300
2024-01-17 13:07:31.22866,21,1000,300
2024-01-17 13:07:31.22884,21,1000,302
2024-01-17 13:07:31.22899,21,1000,302
2024-01-17 13:07:31.22910,21,1000,304
2024-01-17 13:07:31.22922,21,1000,306
2024-01-17 13:07:31.22935,21,1000,308
2024-01-17 13:07:31.22948,21,1000,310
2024-01-17 13:07:31.22959,21,1000,312
2024-01-17 13:07:31.22975,21,1000,312
2024-01-17 13:07:31.22983,21,1000,314
2024-01-17 13:07:31.23014,21,1000,316
2024-01-17 13:07:31.23037,21,1000,318
2024-01-17 13:07:31.23046,21,1000,320
2024-01-17 13:07:31.23054,21,1000,322
2024-01-17 13:07:31.23085,21,1000,322
2024-01-17 13:07:31.23096,21,1000,324
2024-01-17 13:07:31.23106,21,1000,326
2024-01-17 13:07:31.23116,21,1000,328
2024-01-17 13:07:31.23125,21,1000,330
2024-01-17 13:07:31.23135,21,1000,332
2024-01-17 13:07:31.23145,21,1000,334
2024-01-17 13:07:31.23156,21,1000,336
2024-01-17 13:07:31.23174,21,1000,338
2024-01-17 13:07:31.23184,21,1000,340
2024-01-17 13:07:31.23192,21,1000,340
2024-01-17 13:07:31.23200,21,1000,342
2024-01-17 13:07:31.23208,21,1000,344
2024-01-17 13:07:31.23217,21,1000,346
2024-01-17 13:07:31.23227,21,1000,348
2024-01-17 13:07:31.23236,21,1000,350
2024-01-17 13:07:31.23248,21,1000,352
2024-01-17 13:07:31.23265,21,1000,354
2024-01-17 13:07:31.23280,21,1000,356
2024-01-17 13:07:31.23292,21,1000,356
2024-01-17 13:07:31.23309,21,1000,358
2024-01-17 13:07:31.23325,21,1000,360
2024-01-17 13:07:31.23340,21,1000,362
2024-01-17 13:07:31.23352,21,1000,364
2024-01-17 13:07:31.23365,21,1000,364
2024-01-17 13:07:31.23377,21,1000,366
2024-01-17 13:07:31.23390,21,1000,366
2024-01-17 13:07:31.23403,21,1000,368
2024-01-17 13:07:31.23417,21,1000,368
2024-01-17 13:07:31.23427,21,1000,370
2024-01-17 13:07:31.23437,21,1000,372
2024-01-17 13:07:31.23449,21,1000,374
2024-01-17 13:07:31.23463,21,1000,376
2024-01-17 13:07:31.23482,21,1000,378
2024-01-17 13:07:31.23499,21,1000,380
2024-01-17 13:07:31.23507,21,1000,382
2024-01-17 13:07:31.23516,21,1000,384
2024-01-17 13:07:31.23529,21,1000,384
2024-01-17 13:07:31.23540,21,1000,386
2024-01-17 13:07:31.23552,21,1000,388
2024-01-17 13:07:31.23565,21,1000,388
2024-01-17 13:07:31.23583,21,1000,390
2024-01-17 13:07:31.23599,21,1000,392
2024-01-17 13:07:31.23610,21,1000,394
2024-01-17 13:07:31.23623,21,1000,396
2024-01-17 13:07:31.23634,21,1000,398
2024-01-17 13:07:31.23645,21,1000,400
2024-01-17 13:07:31.23653,21,1000,402
2024-01-17 13:07:31.23662,21,1000,404
2024-01-17 13:07:31.23673,21,1000,406
2024-01-17 13:07:31.23681,21,1000,408
2024-01-17 13:07:31.23692,21,1000,410
2024-01-17 13:07:31.23729,21,1000,412
2024-01-17 13:07:31.23743,21,1000,414
2024-01-17 13:07:31.23757,21,1000,416
2024-01-17 13:07:31.23771,21,1000,418
2024-01-17 13:07:31.23788,21,1000,420
2024-01-17 13:07:31.23804,21,1000,420
2024-01-17 13:07:31.23818,21,1000,420
2024-01-17 13:07:31.23830,21,1000,422
2024-01-17 13:07:31.23843,21,1000,422
2024-01-17 13:07:31.23892,21,1000,424
2024-01-17 13:07:31.23907,21,1000,426
2024-01-17 13:07:31.23922,21,1000,428
2024-01-17 13:07:31.23937,21,1000,430
2024-01-17 13:07:31.23950,21,1000,432
2024-01-17 13:07:31.23961,21,1000,434
2024-01-17 13:07:31.23972,21,1000,436
2024-01-17 13:07:31.23985,21,1000,438
2024-01-17 13:07:31.24029,21,1000,438
2024-01-17 13:07:31.24045,21,1000,438
2024-01-17 13:07:31.24060,21,1000,440
2024-01-17 13:07:31.24072,21,1000,440
2024-01-17 13:07:31.24083,21,1000,442
2024-01-17 13:07:31.24095,21,1000,444
2024-01-17 13:07:31.24106,21,1000,446
2024-01-17 13:07:31.24116,21,1000,448
2024-01-17 13:07:31.24128,21,1000,450
2024-01-17 13:07:31.24139,21,1000,450
2024-01-17 13:07:31.24148,21,1000,452
2024-01-17 13:07:31.24167,21,1000,454
2024-01-17 13:07:31.24178,21,1000,456
2024-01-17 13:07:31.24189,21,1000,456
2024-01-17 13:07:31.24202,21,1000,458
2024-01-17 13:07:31.24220,21,1000,460
2024-01-17 13:07:31.24232,21,1000,462
2024-01-17 13:07:31.24245,21,1000,464
2024-01-17 13:07:31.24257,21,1000,464
2024-01-17 13:07:31.24268,21,1000,466
2024-01-17 13:07:31.24280,21,1000,468
2024-01-17 13:07:31.24294,21,1000,470
2024-01-17 13:07:31.24309,21,1000,472
2024-01-17 13:07:31.24321,21,1000,474
2024-01-17 13:07:31.24333,21,1000,476
2024-01-17 13:07:31.24344,21,1000,478
2024-01-17 13:07:31.24357,21,1000,478
2024-01-17 13:07:31.24394,21,1000,478
2024-01-17 13:07:31.24403,21,1000,480
2024-01-17 13:07:31.24412,21,1000,482
2024-01-17 13:07:31.24422,21,1000,484
2024-01-17 13:07:31.24446,21,1000,484
2024-01-17 13:07:31.24457,21,1000,486
2024-01-17 13:07:31.24468,21,1000,486
2024-01-17 13:07:31.24478,21,1000,486
2024-01-17 13:07:31.24487,21,1000,488
2024-01-17 13:07:31.24495,21,1000,490
2024-01-17 13:07:31.24505,21,1000,490
2024-01-17 13:07:31.24512,21,1000,490
2024-01-17 13:07:31.24526,21,1000,492
2024-01-17 13:07:31.24541,21,1000,492
2024-01-17 13:07:31.24554,21,1000,494
2024-01-17 13:07:31.24566,21,1000,496
2024-01-17 13:07:31.24577,21,1000,498
2024-01-17 13:07:31.24586,21,1000,500
2024-01-17 13:07:31.24595,21,1000,502
2024-01-17 13:07:31.24606,21,1000,504
2024-01-17 13:07:31.24617,21,1000,504
2024-01-17 13:07:31.24629,21,1000,506
2024-01-17 13:07:31.24647,21,1000,508
2024-01-17 13:07:31.24656,21,1000,510
2024-01-17 13:07:31.24665,21,1000,512
2024-01-17 13:07:31.24688,21,1000,514
2024-01-17 13:07:31.24698,21,1000,516
2024-01-17 13:07:31.24706,21,1000,516
2024-01-17 13:07:31.24716,21,1000,518
2024-01-17 13:07:31.24725,21,1000,518
2024-01-17 13:07:31.24733,21,1000,518
2024-01-17 13:07:31.24743,21,1000,518
2024-01-17 13:07:31.24751,21,1000,520
2024-01-17 13:07:31.24760,21,1000,522
2024-01-17 13:07:31.24770,21,1000,524
2024-01-17 13:07:31.24778,21,1000,526
2024-01-17 13:07:31.24787,21,1000,526
2024-01-17 13:07:31.24796,21,1000,528
2024-01-17 13:07:31.24808,21,1000,530
2024-01-17 13:07:31.24817,21,1000,532
2024-01-17 13:07:31.24827,21,1000,534
2024-01-17 13:07:31.24842,21,1000,534
2024-01-17 13:07:31.24891,21,1000,536
2024-01-17 13:07:31.24905,21,1000,538
2024-01-17 13:07:31.24917,21,1000,540
2024-01-17 13:07:31.24928,21,1000,540
2024-01-17 13:07:31.24937,21,1000,542
2024-01-17 13:07:31.24958,21,1000,544
2024-01-17 13:07:31.24966,21,1000,546
2024-01-17 13:07:31.24975,21,1000,546
2024-01-17 13:07:31.24984,21,1000,548
2024-01-17 13:07:31.24995,21,1000,550
2024-01-17 13:07:31.25010,21,1000,552
2024-01-17 13:07:31.25035,21,1000,554
2024-01-17 13:07:31.25059,21,1000,556
2024-01-17 13:07:31.25073,21,1000,558
2024-01-17 13:07:31.25086,21,1000,558
2024-01-17 13:07:31.25098,21,1000,558
2024-01-17 13:07:31.25109,21,1000,560
2024-01-17 13:07:31.25124,21,1000,560
2024-01-17 13:07:31.25139,21,1000,560
2024-01-17 13:07:31.25150,21,1000,562
2024-01-17 13:07:31.25160,21,1000,564
2024-01-17 13:07:31.25169,21,1000,564
2024-01-17 13:07:31.25185,21,1000,566
2024-01-17 13:07:31.25197,21,1000,568
2024-01-17 13:07:31.25210,21,1000,570
2024-01-17 13:07:31.25223,21,1000,570
2024-01-17 13:07:31.25234,21,1000,572
2024-01-17 13:07:31.25247,21,1000,572
2024-01-17 13:07:31.25257,21,1000,574
2024-01-17 13:07:31.25268,21,1000,576
2024-01-17 13:07:31.25278,21,1000,578
2024-01-17 13:07:31.25288,21,1000,580
2024-01-17 13:07:31.25298,21,1000,582
2024-01-17 13:07:31.25310,21,1000,582
2024-01-17 13:07:31.25319,21,1000,584
2024-01-17 13:07:31.25341,21,1000,584
2024-01-17 13:07:31.25354,21,1000,584
2024-01-17 13:07:31.25365,21,1000,586
2024-01-17 13:07:31.25378,21,1000,586
2024-01-17 13:07:31.25390,21,1000,588
2024-01-17 13:07:31.25404,21,1000,590
2024-01-17 13:07:31.25416,21,1000,592
2024-01-17 13:07:31.25427,21,1000,594
2024-01-17 13:07:31.25438,21,1000,596
2024-01-17 13:07:31.25450,21,1000,598
2024-01-17 13:07:31.25464,21,1000,600
2024-01-17 13:07:31.25484,21,1000,602
2024-01-17 13:07:31.25493,21,1000,604
2024-01-17 13:07:31.25503,21,1000,606
2024-01-17 13:07:31.25513,21,1000,608
2024-01-17 13:07:31.25521,21,1000,610
2024-01-17 13:07:31.25531,21,1000,612
2024-01-17 13:07:31.25544,21,1000,614
2024-01-17 13:07:31.25561,21,1000,616
2024-01-17 13:07:31.25577,21,1000,618
2024-01-17 13:07:31.25592,21,1000,620
2024-01-17 13:07:31.25604,21,1000,622
2024-01-17 13:07:31.25619,21,1000,624
2024-01-17 13:07:31.25634,21,1000,626
2024-01-17 13:07:31.25643,21,1000,626
2024-01-17 13:07:31.25657,21,1000,628
2024-01-17 13:07:31.25674,21,1000,630
2024-01-17 13:07:31.25690,21,1000,632
2024-01-17 13:07:31.25704,21,1000,632
2024-01-17 13:07:31.25716,21,1000,632
2024-01-17 13:07:31.25727,21,1000,634
2024-01-17 13:07:31.25737,21,1000,636
2024-01-17 13:07:31.25747,21,1000,638
2024-01-17 13:07:31.25759,21,1000,638
2024-01-17 13:07:31.25776,21,1000,638
2024-01-17 13:07:31.25785,21,1000,640
2024-01-17 13:07:31.25794,21,1000,642
2024-01-17 13:07:31.25806,21,1000,644
2024-01-17 13:07:31.25814,21,1000,646
2024-01-17 13:07:31.25832,21,1000,648
2024-01-17 13:07:31.25847,21,1000,650
2024-01-17 13:07:31.25859,21,1000,652
2024-01-17 13:07:31.25872,21,1000,652
2024-01-17 13:07:31.25886,21,1000,654
2024-01-17 13:07:31.25904,21,1000,654
2024-01-17 13:07:31.25915,21,1000,654
2024-01-17 13:07:31.25926,21,1000,656
2024-01-17 13:07:31.25937,21,1000,658
2024-01-17 13:07:31.25947,21,1000,660
2024-01-17 13:07:31.25957,21,1000,662
2024-01-17 13:07:31.25966,21,1000,664
2024-01-17 13:07:31.25987,21,1000,666
2024-01-17 13:07:31.25997,21,1000,668
2024-01-17 13:07:31.26007,21,1000,670
2024-01-17 13:07:31.26017,21,1000,672
2024-01-17 13:07:31.26030,21,1000,674
2024-01-17 13:07:31.26041,21,1000,674
2024-01-17 13:07:31.26049,21,1000,674
2024-01-17 13:07:31.26058,21,1000,676
2024-01-17 13:07:31.26067,21,1000,676
2024-01-17 13:07:31.26075,21,1000,678
2024-01-17 13:07:31.26085,21,1000,678
2024-01-17 13:07:31.26095,21,1000,680
2024-01-17 13:07:31.26104,21,1000,682
2024-01-17 13:07:31.26118,21,1000,684
2024-01-17 13:07:31.26131,21,1000,686
2024-01-17 13:07:31.26144,21,1000,688
2024-01-17 13:07:31.26162,21,1000,690
2024-01-17 13:07:31.26180,21,1000,692
2024-01-17 13:07:31.26198,21,1000,694
2024-01-17 13:07:31.26225,21,1000,694
2024-01-17 13:07:31.26236,21,1000,696
2024-01-17 13:07:31.26248,21,1000,696
2024-01-17 13:07:31.26260,21,1000,696
2024-01-17 13:07:31.26270,21,1000,696
2024-01-17 13:07:31.26281,21,1000,698
2024-01-17 13:07:31.26291,21,1000,700
2024-01-17 13:07:31.26309,21,1000,702
2024-01-17 13:07:31.26319,21,1000,704
2024-01-17 13:07:31.26328,21,1000,706
2024-01-17 13:07:31.26338,21,1000,706
2024-01-17 13:07:31.26347,21,1000,708
2024-01-17 13:07:31.26356,21,1000,710
2024-01-17 13:07:31.26365,21,1000,712
2024-01-17 13:07:31.26373,21,1000,712
2024-01-17 13:07:31.26382,21,1000,714
2024-01-17 13:07:31.26391,21,1000,716
2024-01-17 13:07:31.26400,21,1000,716
2024-01-17 13:07:31.26410,21,1000,716
2024-01-17 13:07:31.26419,21,1000,718
2024-01-17 13:07:31.26432,21,1000,720
2024-01-17 13:07:31.26444,21,1000,720
2024-01-17 13:07:31.26454,21,1000,722
2024-01-17 13:07:31.26464,21,1000,722
2024-01-17 13:07:31.26476,21,1000,724
2024-01-17 13:07:31.26484,21,1000,726
2024-01-17 13:07:31.26492,21,1000,726
2024-01-17 13:07:31.26500,21,1000,728
2024-01-17 13:07:31.26511,21,1000,728
2024-01-17 13:07:31.26519,21,1000,730
2024-01-17 13:07:31.26528,21,1000,732
2024-01-17 13:07:31.26537,21,1000,734
2024-01-17 13:07:31.26548,21,1000,734
2024-01-17 13:07:31.26557,21,1000,734
2024-01-17 13:07:31.26569,21,1000,734
2024-01-17 13:07:31.26578,21,1000,734
2024-01-17 13:07:31.26591,21,1000,734
2024-01-17 13:07:31.26601,21,1000,734
2024-01-17 13:07:31.26610,21,1000,736
2024-01-17 13:07:31.26622,21,1000,738
2024-01-17 13:07:31.26632,21,1000,740
2024-01-17 13:07:31.26646,21,1000,742
2024-01-17 13:07:31.26655,21,1000,742
2024-01-17 13:07:31.26665,21,1000,742
2024-01-17 13:07:31.26677,21,1000,742
2024-01-17 13:07:31.26686,21,1000,742
2024-01-17 13:07:31.26696,21,1000,742
2024-01-17 13:07:31.26705,21,1000,744
2024-01-17 13:07:31.26715,21,1000,744
2024-01-17 13:07:31.26727,21,1000,746
2024-01-17 13:07:31.26738,21,1000,746
2024-01-17 13:07:31.26746,21,1000,748
2024-01-17 13:07:31.26754,21,1000,750
2024-01-17 13:07:31.26761,21,1000,750
2024-01-17 13:07:31.26771,21,1000,752
2024-01-17 13:07:31.26780,21,1000,754
2024-01-17 13:07:31.26791,21,1000,754
2024-01-17 13:07:31.26802,21,1000,756
2024-01-17 13:07:31.26817,21,1000,756
2024-01-17 13:07:31.26837,21,1000,758
2024-01-17 13:07:31.26849,21,1000,758
2024-01-17 13:07:31.26859,21,1000,760
2024-01-17 13:07:31.26870,21,1000,762
2024-01-17 13:07:31.26883,21,1000,764
2024-01-17 13:07:31.26905,21,1000,766
2024-01-17 13:07:31.26918,21,1000,768
2024-01-17 13:07:31.26930,21,1000,770
2024-01-17 13:07:31.26943,21,1000,772
2024-01-17 13:07:31.26955,21,1000,774
2024-01-17 13:07:31.26970,21,1000,776
2024-01-17 13:07:31.26982,21,1000,778
2024-01-17 13:07:31.27001,21,1000,780
2024-01-17 13:07:31.27013,21,1000,780
2024-01-17 13:07:31.27026,21,1000,782
2024-01-17 13:07:31.27037,21,1000,784
2024-01-17 13:07:31.27049,21,1000,786
2024-01-17 13:07:31.27062,21,1000,788
2024-01-17 13:07:31.27074,21,1000,790
2024-01-17 13:07:31.27087,21,1000,792
2024-01-17 13:07:31.27098,21,1000,794
2024-01-17 13:07:31.27111,21,1000,796
2024-01-17 13:07:31.27124,21,1000,798
2024-01-17 13:07:31.27141,21,1000,800
2024-01-17 13:07:31.27181,21,1000,802
2024-01-17 13:07:31.27196,21,1000,804
2024-01-17 13:07:31.27209,21,1000,806
2024-01-17 13:07:31.27223,21,1000,808
2024-01-17 13:07:31.27281,21,1000,808
2024-01-17 13:07:31.27308,21,1000,810
2024-01-17 13:07:31.27318,21,1000,812
2024-01-17 13:07:31.27327,21,1000,814
2024-01-17 13:07:31.27335,21,1000,816
2024-01-17 13:07:31.27343,21,1000,818
2024-01-17 13:07:31.27352,21,1000,820
2024-01-17 13:07:31.27358,21,1000,822
2024-01-17 13:07:31.27365,21,1000,824
2024-01-17 13:07:31.27373,21,1000,826
2024-01-17 13:07:31.27381,21,1000,828
2024-01-17 13:07:31.27390,21,1000,830
2024-01-17 13:07:31.27400,21,1000,830
2024-01-17 13:07:31.27406,21,1000,832
2024-01-17 13:07:31.27445,21,1000,834
2024-01-17 13:07:31.27454,21,1000,836
2024-01-17 13:07:31.27465,21,1000,838
2024-01-17 13:07:31.27473,21,1000,838
2024-01-17 13:07:31.27479,21,1000,840
2024-01-17 13:07:31.27487,21,1000,842
2024-01-17 13:07:31.27497,21,1000,844
2024-01-17 13:07:31.27504,21,1000,846
2024-01-17 13:07:31.27510,21,1000,848
2024-01-17 13:07:31.27528,21,1000,850
2024-01-17 13:07:31.27538,21,1000,852
2024-01-17 13:07:31.27547,21,1000,854
2024-01-17 13:07:31.27555,21,1000,856
2024-01-17 13:07:31.27564,21,1000,856
2024-01-17 13:07:31.27573,21,1000,858
2024-01-17 13:07:31.27582,21,1000,860
2024-01-17 13:07:31.27590,21,1000,862
2024-01-17 13:07:31.27602,21,1000,862
2024-01-17 13:07:31.27610,21,1000,864
2024-01-17 13:07:31.27619,21,1000,866
2024-01-17 13:07:31.27630,21,1000,868
2024-01-17 13:07:31.27639,21,1000,870
2024-01-17 13:07:31.27647,21,1000,872
2024-01-17 13:07:31.27658,21,1000,872
2024-01-17 13:07:31.27671,21,1000,872
2024-01-17 13:07:31.27682,21,1000,874
2024-01-17 13:07:31.27693,21,1000,874
2024-01-17 13:07:31.27705,21,1000,876
2024-01-17 13:07:31.27718,21,1000,878
2024-01-17 13:07:31.27730,21,1000,880
2024-01-17 13:07:31.27742,21,1000,882
2024-01-17 13:07:31.27754,21,1000,884
2024-01-17 13:07:31.27782,21,1000,886
2024-01-17 13:07:31.27788,21,1000,886
2024-01-17 13:07:31.27796,21,1000,888
2024-01-17 13:07:31.27808,21,1000,888
2024-01-17 13:07:31.27822,21,1000,890
2024-01-17 13:07:31.27829,21,1000,892
2024-01-17 13:07:31.27835,21,1000,894
2024-01-17 13:07:31.27841,21,1000,896
2024-01-17 13:07:31.27854,21,1000,898
2024-01-17 13:07:31.27867,21,1000,900
2024-01-17 13:07:31.27878,21,1000,902
2024-01-17 13:07:31.27893,21,1000,904
2024-01-17 13:07:31.27906,21,1000,906
2024-01-17 13:07:31.27916,21,1000,908
2024-01-17 13:07:31.27927,21,1000,910
2024-01-17 13:07:31.27939,21,1000,912
2024-01-17 13:07:31.27955,21,1000,914
2024-01-17 13:07:31.27965,21,1000,916
2024-01-17 13:07:31.32150,21,1000,918
2024-01-17 13:07:31.32161,21,1000,920
2024-01-17 13:07:31.33876,21,1000,922
2024-01-17 13:07:31.33891,21,1000,924
2024-01-17 13:07:31.33905,21,1000,926
2024-01-17 13:07:31.33919,21,1000,928
2024-01-17 13:07:31.33932,21,1000,930
2024-01-17 13:07:31.35732,21,1000,932
2024-01-17 13:07:31.35827,21,1000,934
2024-01-17 13:07:31.35842,21,1000,936
2024-01-17 13:07:31.35856,21,1000,938
2024-01-17 13:07:31.42795,21,1000,940
2024-01-17 13:07:31.42804,21,1000,942
2024-01-17 13:07:31.42811,21,1000,944
2024-01-17 13:07:31.42818,21,1000,946
2024-01-17 13:07:31.42824,21,1000,948
2024-01-17 13:07:31.42830,21,1000,950
2024-01-17 13:07:31.42837,21,1000,952
2024-01-17 13:07:31.42843,21,1000,954
2024-01-17 13:07:31.42849,21,1000,956
2024-01-17 13:07:31.42856,21,1000,958
2024-01-17 13:07:31.42861,21,1000,960
2024-01-17 13:07:31.42868,21,1000,962
2024-01-17 13:07:31.42874,21,1000,964
2024-01-17 13:07:31.42915,21,1000,966
2024-01-17 13:07:31.42935,21,1000,968
2024-01-17 13:07:31.43074,21,1000,970
2024-01-17 13:07:31.43260,21,1000,972
2024-01-17 13:07:31.43343,21,1000,974
2024-01-17 13:07:31.43401,21,1000,976
2024-01-17 13:07:31.43492,21,1000,978
2024-01-17 13:07:31.43585,21,1000,980
2024-01-17 13:07:31.43631,21,1000,982
2024-01-17 13:07:31.43719,21,1000,984
2024-01-17 13:07:31.43756,21,1000,986
2024-01-17 13:07:31.43778,21,1000,988
2024-01-17 13:07:31.43838,21,1000,990
2024-01-17 13:07:31.43870,21,1000,992
2024-01-17 13:07:31.44018,21,1000,994
2024-01-17 13:07:31.50030,21,1000,996
2024-01-17 13:07:31.51462,21,1000,998
2024-01-17 13:07:31.52476,21,1000,1000
2024-01-17 13:07:31.52624,21,1000,1002
2024-01-17 13:07:31.52793,21,1000,1004
2024-01-17 13:07:31.52905,21,1000,1006
2024-01-17 13:07:31.52931,21,1000,1008
2024-01-17 13:07:32.71054,22,1000,0
2024-01-17 13:07:32.71063,22,1000,0
2024-01-17 13:07:32.71072,22,1000,0
2024-01-17 13:07:32.71079,22,1000,0
2024-01-17 13:07:32.71087,22,1000,0
2024-01-17 13:07:32.71094,22,1000,0
2024-01-17 13:07:32.71101,22,1000,0
2024-01-17 13:07:32.71113,22,1000,0
2024-01-17 13:07:32.71127,22,1000,0
2024-01-17 13:07:32.71140,22,1000,0
2024-01-17 13:07:32.71151,22,1000,0
2024-01-17 13:07:32.71161,22,1000,0
2024-01-17 13:07:32.71180,22,1000,0
2024-01-17 13:07:32.71280,22,1000,0
2024-01-17 13:07:32.71298,22,1000,0
2024-01-17 13:07:32.71321,22,1000,0
2024-01-17 13:07:32.71336,22,1000,0
2024-01-17 13:07:32.71346,22,1000,0
2024-01-17 13:07:32.71354,22,1000,0
2024-01-17 13:07:32.71361,22,1000,0
2024-01-17 13:07:32.71368,22,1000,0
2024-01-17 13:07:32.71379,22,1000,0
2024-01-17 13:07:32.71393,22,1000,0
2024-01-17 13:07:32.71411,22,1000,0
2024-01-17 13:07:32.71423,22,1000,0
2024-01-17 13:07:32.71433,22,1000,0
2024-01-17 13:07:32.71440,22,1000,0
2024-01-17 13:07:32.71446,22,1000,0
2024-01-17 13:07:32.71453,22,1000,0
2024-01-17 13:07:32.71464,22,1000,0
2024-01-17 13:07:32.71479,22,1000,0
2024-01-17 13:07:32.71491,22,1000,0
2024-01-17 13:07:32.71498,22,1000,0
2024-01-17 13:07:32.71506,22,1000,0
2024-01-17 13:07:32.71514,22,1000,0
2024-01-17 13:07:32.71523,22,1000,0
2024-01-17 13:07:32.71531,22,1000,0
2024-01-17 13:07:32.71539,22,1000,0
2024-01-17 13:07:32.71546,22,1000,0
2024-01-17 13:07:32.71554,22,1000,0
2024-01-17 13:07:32.71566,22,1000,0
2024-01-17 13:07:32.71575,22,1000,0
2024-01-17 13:07:32.71583,22,1000,0
2024-01-17 13:07:32.71592,22,1000,0
2024-01-17 13:07:32.71599,22,1000,0
2024-01-17 13:07:32.71606,22,1000,0
2024-01-17 13:07:32.71614,22,1000,0
2024-01-17 13:07:32.71621,22,1000,0
2024-01-17 13:07:32.71629,22,1000,0
2024-01-17 13:07:32.71635,22,1000,0
2024-01-17 13:07:32.71642,22,1000,0
2024-01-17 13:07:32.71657,22,1000,0
2024-01-17 13:07:32.71666,22,1000,0
2024-01-17 13:07:32.71673,22,1000,0
2024-01-17 13:07:32.71681,22,1000,0
2024-01-17 13:07:32.71689,22,1000,0
2024-01-17 13:07:32.71697,22,1000,0
2024-01-17 13:07:32.71707,22,1000,0
2024-01-17 13:07:32.71716,22,1000,0
2024-01-17 13:07:32.71723,22,1000,0
2024-01-17 13:07:32.71731,22,1000,0
2024-01-17 13:07:32.71740,22,1000,0
2024-01-17 13:07:32.71748,22,1000,0
2024-01-17 13:07:32.71756,22,1000,0
2024-01-17 13:07:32.71763,22,1000,0
2024-01-17 13:07:32.71770,22,1000,0
2024-01-17 13:07:32.71777,22,1000,0
2024-01-17 13:07:32.71788,22,1000,0
2024-01-17 13:07:32.71805,22,1000,0
2024-01-17 13:07:32.71813,22,1000,0
2024-01-17 13:07:32.71821,22,1000,0
2024-01-17 13:07:32.71830,22,1000,0
2024-01-17 13:07:32.71836,22,1000,0
2024-01-17 13:07:32.71844,22,1000,0
2024-01-17 13:07:32.71852,22,1000,0
2024-01-17 13:07:32.71859,22,1000,0
2024-01-17 13:07:32.71869,22,1000,0
2024-01-17 13:07:32.71879,22,1000,0
2024-01-17 13:07:32.71892,22,1000,0
2024-01-17 13:07:32.71902,22,1000,0
2024-01-17 13:07:32.71910,22,1000,0
2024-01-17 13:07:32.71926,22,1000,0
2024-01-17 13:07:32.71940,22,1000,0
2024-01-17 13:07:32.71954,22,1000,0
2024-01-17 13:07:32.71969,22,1000,0
2024-01-17 13:07:32.71980,22,1000,0
2024-01-17 13:07:32.71991,22,1000,0
2024-01-17 13:07:32.72081,22,1000,0
2024-01-17 13:07:32.72090,22,1000,0
2024-01-17 13:07:32.72102,22,1000,0
2024-01-17 13:07:32.72118,22,1000,0
2024-01-17 13:07:32.72133,22,1000,0
2024-01-17 13:07:32.72148,22,1000,0
2024-01-17 13:07:32.72166,22,1000,0
2024-01-17 13:07:32.72176,22,1000,0
2024-01-17 13:07:32.72186,22,1000,0
2024-01-17 13:07:32.72195,22,1000,0
2024-01-17 13:07:32.72225,22,1000,0
2024-01-17 13:07:32.72238,22,1000,0
2024-01-17 13:07:32.72251,22,1000,0
2024-01-17 13:07:32.72259,22,1000,0
2024-01-17 13:07:32.72269,22,1000,0
2024-01-17 13:07:32.72279,22,1000,0
2024-01-17 13:07:32.72292,22,1000,0
2024-01-17 13:07:32.72306,22,1000,0
2024-01-17 13:07:32.72314,22,1000,0
2024-01-17 13:07:32.72322,22,1000,0
2024-01-17 13:07:32.72330,22,1000,0
2024-01-17 13:07:32.72339,22,1000,0
2024-01-17 13:07:32.72349,22,1000,0
2024-01-17 13:07:32.72356,22,1000,0
2024-01-17 13:07:32.72363,22,1000,0
2024-01-17 13:07:32.72373,22,1000,0
2024-01-17 13:07:32.72386,22,1000,0
2024-01-17 13:07:32.72398,22,1000,0
2024-01-17 13:07:32.72421,22,1000,0
2024-01-17 13:07:32.72435,22,1000,0
2024-01-17 13:07:32.72450,22,1000,0
2024-01-17 13:07:32.72463,22,1000,0
2024-01-17 13:07:32.72481,22,1000,0
2024-01-17 13:07:32.72497,22,1000,0
2024-01-17 13:07:32.72513,22,1000,0
2024-01-17 13:07:32.72529,22,1000,0
2024-01-17 13:07:32.72541,22,1000,0
2024-01-17 13:07:32.72552,22,1000,0
2024-01-17 13:07:32.72562,22,1000,0
2024-01-17 13:07:32.72577,22,1000,0
2024-01-17 13:07:32.72587,22,1000,0
2024-01-17 13:07:32.72597,22,1000,0
2024-01-17 13:07:32.72609,22,1000,0
2024-01-17 13:07:32.72621,22,1000,0
2024-01-17 13:07:32.72635,22,1000,0
2024-01-17 13:07:32.72659,22,1000,0
2024-01-17 13:07:32.72671,22,1000,0
2024-01-17 13:07:32.72688,22,1000,0
2024-01-17 13:07:32.72702,22,1000,0
2024-01-17 13:07:32.72715,22,1000,0
2024-01-17 13:07:32.72729,22,1000,0
2024-01-17 13:07:32.72742,22,1000,0
2024-01-17 13:07:32.72752,22,1000,0
2024-01-17 13:07:32.72762,22,1000,0
2024-01-17 13:07:32.72773,22,1000,0
2024-01-17 13:07:32.72797,22,1000,0
2024-01-17 13:07:32.72816,22,1000,0
2024-01-17 13:07:32.72836,22,1000,0
2024-01-17 13:07:32.72845,22,1000,0
2024-01-17 13:07:32.72855,22,1000,0
2024-01-17 13:07:32.72868,22,1000,0
2024-01-17 13:07:32.72878,22,1000,0
2024-01-17 13:07:32.72886,22,1000,0
2024-01-17 13:07:32.72897,22,1000,0
2024-01-17 13:07:32.72908,22,1000,0
2024-01-17 13:07:32.72921,22,1000,0
2024-01-17 13:07:32.72931,22,1000,0
2024-01-17 13:07:32.72940,22,1000,0
2024-01-17 13:07:32.72949,22,1000,0
2024-01-17 13:07:32.72958,22,1000,0
2024-01-17 13:07:32.72968,22,1000,0
2024-01-17 13:07:32.72977,22,1000,0
2024-01-17 13:07:32.72985,22,1000,0
2024-01-17 13:07:32.72997,22,1000,0
2024-01-17 13:07:32.73005,22,1000,0
2024-01-17 13:07:32.73012,22,1000,0
2024-01-17 13:07:32.73027,22,1000,0
2024-01-17 13:07:32.73047,22,1000,0
2024-01-17 13:07:32.73055,22,1000,0
2024-01-17 13:07:32.73062,22,1000,0
2024-01-17 13:07:32.73074,22,1000,0
2024-01-17 13:07:32.73082,22,1000,0
2024-01-17 13:07:32.73097,22,1000,0
2024-01-17 13:07:32.73105,22,1000,0
2024-01-17 13:07:32.73114,22,1000,0
2024-01-17 13:07:32.73123,22,1000,0
2024-01-17 13:07:32.73131,22,1000,0
2024-01-17 13:07:32.73140,22,1000,0
2024-01-17 13:07:32.73161,22,1000,0
2024-01-17 13:07:32.73173,22,1000,0
2024-01-17 13:07:32.73182,22,1000,0
2024-01-17 13:07:32.73194,22,1000,0
2024-01-17 13:07:32.73204,22,1000,0
2024-01-17 13:07:32.73222,22,1000,0
2024-01-17 13:07:32.73232,22,1000,0
2024-01-17 13:07:32.73242,22,1000,0
2024-01-17 13:07:32.73253,22,1000,0
2024-01-17 13:07:32.73262,22,1000,0
2024-01-17 13:07:32.73272,22,1000,0
2024-01-17 13:07:32.73281,22,1000,0
2024-01-17 13:07:32.73289,22,1000,0
2024-01-17 13:07:32.73298,22,1000,0
2024-01-17 13:07:32.73306,22,1000,0
2024-01-17 13:07:32.73314,22,1000,0
2024-01-17 13:07:32.73323,22,1000,0
2024-01-17 13:07:32.73331,22,1000,0
2024-01-17 13:07:32.73342,22,1000,0
2024-01-17 13:07:32.73356,22,1000,0
2024-01-17 13:07:32.73369,22,1000,0
2024-01-17 13:07:32.73383,22,1000,0
2024-01-17 13:07:32.73395,22,1000,0
2024-01-17 13:07:32.73409,22,1000,0
2024-01-17 13:07:32.73426,22,1000,0
2024-01-17 13:07:32.73439,22,1000,0
2024-01-17 13:07:32.73451,22,1000,0
2024-01-17 13:07:32.73463,22,1000,0
2024-01-17 13:07:32.73498,22,1000,0
2024-01-17 13:07:32.73573,22,1000,0
2024-01-17 13:07:32.73595,22,1000,0
2024-01-17 13:07:32.73610,22,1000,0
2024-01-17 13:07:32.73619,22,1000,0
2024-01-17 13:07:32.73628,22,1000,0
2024-01-17 13:07:32.73635,22,1000,0
2024-01-17 13:07:32.73646,22,1000,0
2024-01-17 13:07:32.73655,22,1000,0
2024-01-17 13:07:32.73667,22,1000,0
2024-01-17 13:07:32.73678,22,1000,0
2024-01-17 13:07:32.73689,22,1000,0
2024-01-17 13:07:32.73702,22,1000,0
2024-01-17 13:07:32.73715,22,1000,0
2024-01-17 13:07:32.73726,22,1000,0
2024-01-17 13:07:32.73741,22,1000,0
2024-01-17 13:07:32.73826,22,1000,0
2024-01-17 13:07:32.73833,22,1000,0
2024-01-17 13:07:32.73840,22,1000,0
2024-01-17 13:07:32.73847,22,1000,0
2024-01-17 13:07:32.73857,22,1000,0
2024-01-17 13:07:32.73863,22,1000,0
2024-01-17 13:07:32.73870,22,1000,0
2024-01-17 13:07:32.73876,22,1000,0
2024-01-17 13:07:32.73883,22,1000,0
2024-01-17 13:07:32.73889,22,1000,0
2024-01-17 13:07:32.73895,22,1000,0
2024-01-17 13:07:32.73907,22,1000,0
2024-01-17 13:07:32.73927,22,1000,0
2024-01-17 13:07:32.73951,22,1000,0
2024-01-17 13:07:32.73964,22,1000,0
2024-01-17 13:07:32.73981,22,1000,0
2024-01-17 13:07:32.73997,22,1000,0
2024-01-17 13:07:32.74011,22,1000,0
2024-01-17 13:07:32.74026,22,1000,0
2024-01-17 13:07:32.74040,22,1000,0
2024-01-17 13:07:32.74055,22,1000,0
2024-01-17 13:07:32.74068,22,1000,0
2024-01-17 13:07:32.74089,22,1000,0
2024-01-17 13:07:32.74098,22,1000,0
2024-01-17 13:07:32.74106,22,1000,0
2024-01-17 13:07:32.74113,22,1000,0
2024-01-17 13:07:32.74121,22,1000,0
2024-01-17 13:07:32.74127,22,1000,0
2024-01-17 13:07:32.74136,22,1000,0
2024-01-17 13:07:32.74142,22,1000,0
2024-01-17 13:07:32.74151,22,1000,0
2024-01-17 13:07:32.74162,22,1000,0
2024-01-17 13:07:32.74169,22,1000,0
2024-01-17 13:07:32.74176,22,1000,0
2024-01-17 13:07:32.74189,22,1000,0
2024-01-17 13:07:32.74197,22,1000,2
2024-01-17 13:07:32.74209,22,1000,2
2024-01-17 13:07:32.74220,22,1000,4
2024-01-17 13:07:32.74227,22,1000,6
2024-01-17 13:07:32.74235,22,1000,8
2024-01-17 13:07:32.74243,22,1000,8
2024-01-17 13:07:32.74252,22,1000,10
2024-01-17 13:07:32.74260,22,1000,10
2024-01-17 13:07:32.74269,22,1000,12
2024-01-17 13:07:32.74280,22,1000,12
2024-01-17 13:07:32.74289,22,1000,14
2024-01-17 13:07:32.74295,22,1000,16
2024-01-17 13:07:32.74303,22,1000,18
2024-01-17 13:07:32.74312,22,1000,20
2024-01-17 13:07:32.74320,22,1000,22
2024-01-17 13:07:32.74329,22,1000,24
2024-01-17 13:07:32.74338,22,1000,26
2024-01-17 13:07:32.74348,22,1000,26
2024-01-17 13:07:32.74356,22,1000,26
2024-01-17 13:07:32.74365,22,1000,26
2024-01-17 13:07:32.74375,22,1000,28
2024-01-17 13:07:32.74383,22,1000,30
2024-01-17 13:07:32.74390,22,1000,32
2024-01-17 13:07:32.74399,22,1000,34
2024-01-17 13:07:32.74408,22,1000,34
2024-01-17 13:07:32.74416,22,1000,36
2024-01-17 13:07:32.74426,22,1000,38
2024-01-17 13:07:32.74434,22,1000,38
2024-01-17 13:07:32.74444,22,1000,40
2024-01-17 13:07:32.74452,22,1000,40
2024-01-17 13:07:32.74461,22,1000,40
2024-01-17 13:07:32.74471,22,1000,40
2024-01-17 13:07:32.74479,22,1000,42
2024-01-17 13:07:32.74488,22,1000,42
2024-01-17 13:07:32.74494,22,1000,44
2024-01-17 13:07:32.74503,22,1000,44
2024-01-17 13:07:32.74511,22,1000,44
2024-01-17 13:07:32.74520,22,1000,44
2024-01-17 13:07:32.74528,22,1000,46
2024-01-17 13:07:32.74534,22,1000,48
2024-01-17 13:07:32.74542,22,1000,50
2024-01-17 13:07:32.74548,22,1000,52
2024-01-17 13:07:32.74555,22,1000,54
2024-01-17 13:07:32.74562,22,1000,56
2024-01-17 13:07:32.74574,22,1000,58
2024-01-17 13:07:32.74581,22,1000,60
2024-01-17 13:07:32.74593,22,1000,62
2024-01-17 13:07:32.74620,22,1000,64
2024-01-17 13:07:32.74634,22,1000,66
2024-01-17 13:07:32.74648,22,1000,66
2024-01-17 13:07:32.74659,22,1000,68
2024-01-17 13:07:32.74679,22,1000,70
2024-01-17 13:07:32.74717,22,1000,70
2024-01-17 13:07:32.74732,22,1000,72
2024-01-17 13:07:32.74748,22,1000,74
2024-01-17 13:07:32.74777,22,1000,74
2024-01-17 13:07:32.74823,22,1000,76
2024-01-17 13:07:32.74878,22,1000,78
2024-01-17 13:07:32.74888,22,1000,80
2024-01-17 13:07:32.74896,22,1000,80
2024-01-17 13:07:32.74903,22,1000,80
2024-01-17 13:07:32.74911,22,1000,82
2024-01-17 13:07:32.74918,22,1000,82
2024-01-17 13:07:32.74927,22,1000,84
2024-01-17 13:07:32.74937,22,1000,84
2024-01-17 13:07:32.74957,22,1000,84
2024-01-17 13:07:32.74998,22,1000,86
2024-01-17 13:07:32.75014,22,1000,88
2024-01-17 13:07:32.75022,22,1000,90
2024-01-17 13:07:32.75032,22,1000,90
2024-01-17 13:07:32.75042,22,1000,92
2024-01-17 13:07:32.75051,22,1000,92
2024-01-17 13:07:32.75061,22,1000,92
2024-01-17 13:07:32.75070,22,1000,94
2024-01-17 13:07:32.75080,22,1000,96
2024-01-17 13:07:32.75090,22,1000,96
2024-01-17 13:07:32.75101,22,1000,98
2024-01-17 13:07:32.75120,22,1000,98
2024-01-17 13:07:32.75128,22,1000,98
2024-01-17 13:07:32.75135,22,1000,100
2024-01-17 13:07:32.75144,22,1000,102
2024-01-17 13:07:32.75153,22,1000,102
2024-01-17 13:07:32.75161,22,1000,104
2024-01-17 13:07:32.75169,22,1000,106
2024-01-17 13:07:32.75178,22,1000,108
2024-01-17 13:07:32.75188,22,1000,110
2024-01-17 13:07:32.75196,22,1000,110
2024-01-17 13:07:32.75207,22,1000,110
2024-01-17 13:07:32.75215,22,1000,112
2024-01-17 13:07:32.75223,22,1000,114
2024-01-17 13:07:32.75230,22,1000,114
2024-01-17 13:07:32.75239,22,1000,114
2024-01-17 13:07:32.75248,22,1000,114
2024-01-17 13:07:32.75257,22,1000,114
2024-01-17 13:07:32.75268,22,1000,114
2024-01-17 13:07:32.75277,22,1000,114
2024-01-17 13:07:32.75286,22,1000,116
2024-01-17 13:07:32.75294,22,1000,116
2024-01-17 13:07:32.75302,22,1000,116
2024-01-17 13:07:32.75311,22,1000,116
2024-01-17 13:07:32.75321,22,1000,116
2024-01-17 13:07:32.75330,22,1000,118
2024-01-17 13:07:32.75340,22,1000,120
2024-01-17 13:07:32.75352,22,1000,120
2024-01-17 13:07:32.75361,22,1000,120
2024-01-17 13:07:32.75375,22,1000,120
2024-01-17 13:07:32.75391,22,1000,120
2024-01-17 13:07:32.75399,22,1000,120
2024-01-17 13:07:32.75408,22,1000,120
2024-01-17 13:07:32.75416,22,1000,120
2024-01-17 13:07:32.75423,22,1000,120
2024-01-17 13:07:32.75430,22,1000,120
2024-01-17 13:07:32.75439,22,1000,120
2024-01-17 13:07:32.75450,22,1000,120
2024-01-17 13:07:32.75458,22,1000,122
2024-01-17 13:07:32.75465,22,1000,124
2024-01-17 13:07:32.75473,22,1000,124
2024-01-17 13:07:32.75482,22,1000,126
2024-01-17 13:07:32.75490,22,1000,128
2024-01-17 13:07:32.75498,22,1000,128
2024-01-17 13:07:32.75506,22,1000,130
2024-01-17 13:07:32.75520,22,1000,132
2024-01-17 13:07:32.75539,22,1000,134
2024-01-17 13:07:32.75555,22,1000,136
2024-01-17 13:07:32.75563,22,1000,136
2024-01-17 13:07:32.75572,22,1000,136
2024-01-17 13:07:32.75581,22,1000,136
2024-01-17 13:07:32.75588,22,1000,136
2024-01-17 13:07:32.75597,22,1000,136
2024-01-17 13:07:32.75605,22,1000,136
2024-01-17 13:07:32.75613,22,1000,138
2024-01-17 13:07:32.75620,22,1000,138
2024-01-17 13:07:32.75627,22,1000,138
2024-01-17 13:07:32.75634,22,1000,140
2024-01-17 13:07:32.75642,22,1000,142
2024-01-17 13:07:32.75649,22,1000,144
2024-01-17 13:07:32.75658,22,1000,144
2024-01-17 13:07:32.75665,22,1000,146
2024-01-17 13:07:32.75674,22,1000,146
2024-01-17 13:07:32.75682,22,1000,148
2024-01-17 13:07:32.75691,22,1000,148
2024-01-17 13:07:32.75699,22,1000,150
2024-01-17 13:07:32.75708,22,1000,150
2024-01-17 13:07:32.75716,22,1000,152
2024-01-17 13:07:32.75724,22,1000,152
2024-01-17 13:07:32.75732,22,1000,152
2024-01-17 13:07:32.75741,22,1000,152
2024-01-17 13:07:32.75749,22,1000,154
2024-01-17 13:07:32.75756,22,1000,154
2024-01-17 13:07:32.75764,22,1000,156
2024-01-17 13:07:32.75774,22,1000,156
2024-01-17 13:07:32.75782,22,1000,158
2024-01-17 13:07:32.75791,22,1000,160
2024-01-17 13:07:32.75800,22,1000,162
2024-01-17 13:07:32.75808,22,1000,162
2024-01-17 13:07:32.75816,22,1000,162
2024-01-17 13:07:32.75825,22,1000,164
2024-01-17 13:07:32.75839,22,1000,164
2024-01-17 13:07:32.75848,22,1000,164
2024-01-17 13:07:32.75855,22,1000,166
2024-01-17 13:07:32.75865,22,1000,168
2024-01-17 13:07:32.75873,22,1000,168
2024-01-17 13:07:32.75882,22,1000,168
2024-01-17 13:07:32.75892,22,1000,168
2024-01-17 13:07:32.75900,22,1000,170
2024-01-17 13:07:32.75909,22,1000,170
2024-01-17 13:07:32.75917,22,1000,170
2024-01-17 13:07:32.75925,22,1000,170
2024-01-17 13:07:32.75932,22,1000,172
2024-01-17 13:07:32.75945,22,1000,172
2024-01-17 13:07:32.75964,22,1000,174
2024-01-17 13:07:32.75989,22,1000,176
2024-01-17 13:07:32.75999,22,1000,176
2024-01-17 13:07:32.76008,22,1000,178
2024-01-17 13:07:32.76016,22,1000,180
2024-01-17 13:07:32.76025,22,1000,180
2024-01-17 13:07:32.76033,22,1000,182
2024-01-17 13:07:32.76041,22,1000,184
2024-01-17 13:07:32.76050,22,1000,186
2024-01-17 13:07:32.76070,22,1000,188
2024-01-17 13:07:32.76086,22,1000,188
2024-01-17 13:07:32.76098,22,1000,188
2024-01-17 13:07:32.76110,22,1000,188
2024-01-17 13:07:32.76121,22,1000,190
2024-01-17 13:07:32.76133,22,1000,192
2024-01-17 13:07:32.76208,22,1000,192
2024-01-17 13:07:32.76228,22,1000,194
2024-01-17 13:07:32.76248,22,1000,194
2024-01-17 13:07:32.76295,22,1000,196
2024-01-17 13:07:32.76315,22,1000,198
2024-01-17 13:07:32.76325,22,1000,198
2024-01-17 13:07:32.76333,22,1000,200
2024-01-17 13:07:32.76344,22,1000,200
2024-01-17 13:07:32.76356,22,1000,202
2024-01-17 13:07:32.76366,22,1000,202
2024-01-17 13:07:32.76379,22,1000,202
2024-01-17 13:07:32.76394,22,1000,204
2024-01-17 13:07:32.76407,22,1000,204
2024-01-17 13:07:32.76416,22,1000,206
2024-01-17 13:07:32.76425,22,1000,206
2024-01-17 13:07:32.76434,22,1000,208
2024-01-17 13:07:32.76454,22,1000,208
2024-01-17 13:07:32.76468,22,1000,208
2024-01-17 13:07:32.76479,22,1000,208
2024-01-17 13:07:32.76491,22,1000,208
2024-01-17 13:07:32.76506,22,1000,208
2024-01-17 13:07:32.76517,22,1000,208
2024-01-17 13:07:32.76529,22,1000,210
2024-01-17 13:07:32.76537,22,1000,210
2024-01-17 13:07:32.76580,22,1000,212
2024-01-17 13:07:32.76594,22,1000,214
2024-01-17 13:07:32.76626,22,1000,214
2024-01-17 13:07:32.76635,22,1000,214
2024-01-17 13:07:32.76644,22,1000,214
2024-01-17 13:07:32.76656,22,1000,214
2024-01-17 13:07:32.76675,22,1000,214
2024-01-17 13:07:32.76695,22,1000,214
2024-01-17 13:07:32.76708,22,1000,216
2024-01-17 13:07:32.76723,22,1000,216
2024-01-17 13:07:32.76737,22,1000,218
2024-01-17 13:07:32.76758,22,1000,218
2024-01-17 13:07:32.76771,22,1000,220
2024-01-17 13:07:32.76783,22,1000,220
2024-01-17 13:07:32.76794,22,1000,220
2024-01-17 13:07:32.76809,22,1000,222
2024-01-17 13:07:32.76819,22,1000,224
2024-01-17 13:07:32.76831,22,1000,224
2024-01-17 13:07:32.76880,22,1000,226
2024-01-17 13:07:32.76898,22,1000,226
2024-01-17 13:07:32.76908,22,1000,228
2024-01-17 13:07:32.76921,22,1000,228
2024-01-17 13:07:32.76930,22,1000,230
2024-01-17 13:07:32.76939,22,1000,232
2024-01-17 13:07:32.76949,22,1000,234
2024-01-17 13:07:32.76961,22,1000,234
2024-01-17 13:07:32.76989,22,1000,234
2024-01-17 13:07:32.77021,22,1000,236
2024-01-17 13:07:32.77044,22,1000,236
2024-01-17 13:07:32.77058,22,1000,236
2024-01-17 13:07:32.77070,22,1000,236
2024-01-17 13:07:32.77078,22,1000,238
2024-01-17 13:07:32.77086,22,1000,238
2024-01-17 13:07:32.77095,22,1000,238
2024-01-17 13:07:32.77103,22,1000,240
2024-01-17 13:07:32.77115,22,1000,240
2024-01-17 13:07:32.77130,22,1000,242
2024-01-17 13:07:32.77137,22,1000,242
2024-01-17 13:07:32.77149,22,1000,242
2024-01-17 13:07:32.77159,22,1000,242
2024-01-17 13:07:32.77166,22,1000,244
2024-01-17 13:07:32.77177,22,1000,244
2024-01-17 13:07:32.77184,22,1000,246
2024-01-17 13:07:32.77191,22,1000,248
2024-01-17 13:07:32.77199,22,1000,250
2024-01-17 13:07:32.77208,22,1000,252
2024-01-17 13:07:32.77216,22,1000,254
2024-01-17 13:07:32.77226,22,1000,256
2024-01-17 13:07:32.77232,22,1000,256
2024-01-17 13:07:32.77257,22,1000,256
2024-01-17 13:07:32.77266,22,1000,256
2024-01-17 13:07:32.77275,22,1000,258
2024-01-17 13:07:32.77283,22,1000,260
2024-01-17 13:07:32.77291,22,1000,262
2024-01-17 13:07:32.77299,22,1000,264
2024-01-17 13:07:32.77306,22,1000,266
2024-01-17 13:07:32.77314,22,1000,268
2024-01-17 13:07:32.77322,22,1000,270
2024-01-17 13:07:32.77329,22,1000,272
2024-01-17 13:07:32.77337,22,1000,274
2024-01-17 13:07:32.77345,22,1000,276
2024-01-17 13:07:32.77355,22,1000,276
2024-01-17 13:07:32.77362,22,1000,278
2024-01-17 13:07:32.77374,22,1000,280
2024-01-17 13:07:32.77382,22,1000,280
2024-01-17 13:07:32.77391,22,1000,282
2024-01-17 13:07:32.77400,22,1000,284
2024-01-17 13:07:32.77407,22,1000,286
2024-01-17 13:07:32.77419,22,1000,288
2024-01-17 13:07:32.77435,22,1000,290
2024-01-17 13:07:32.77451,22,1000,290
2024-01-17 13:07:32.77458,22,1000,290
2024-01-17 13:07:32.77465,22,1000,292
2024-01-17 13:07:32.77474,22,1000,292
2024-01-17 13:07:32.77503,22,1000,294
2024-01-17 13:07:32.77514,22,1000,296
2024-01-17 13:07:32.77521,22,1000,298
2024-01-17 13:07:32.77529,22,1000,300
2024-01-17 13:07:32.77536,22,1000,302
2024-01-17 13:07:32.77547,22,1000,302
2024-01-17 13:07:32.77562,22,1000,304
2024-01-17 13:07:32.77591,22,1000,306
2024-01-17 13:07:32.77605,22,1000,308
2024-01-17 13:07:32.77634,22,1000,310
2024-01-17 13:07:32.77668,22,1000,312
2024-01-17 13:07:32.77676,22,1000,314
2024-01-17 13:07:32.77686,22,1000,314
2024-01-17 13:07:32.77698,22,1000,316
2024-01-17 13:07:32.77706,22,1000,318
2024-01-17 13:07:32.77714,22,1000,320
2024-01-17 13:07:32.77725,22,1000,320
2024-01-17 13:07:32.77734,22,1000,320
2024-01-17 13:07:32.77741,22,1000,320
2024-01-17 13:07:32.77748,22,1000,322
2024-01-17 13:07:32.77759,22,1000,324
2024-01-17 13:07:32.77769,22,1000,326
2024-01-17 13:07:32.77777,22,1000,328
2024-01-17 13:07:32.77786,22,1000,330
2024-01-17 13:07:32.77795,22,1000,330
2024-01-17 13:07:32.77802,22,1000,332
2024-01-17 13:07:32.77812,22,1000,334
2024-01-17 13:07:32.77828,22,1000,336
2024-01-17 13:07:32.77843,22,1000,338
2024-01-17 13:07:32.77938,22,1000,338
2024-01-17 13:07:32.77952,22,1000,340
2024-01-17 13:07:32.77961,22,1000,340
2024-01-17 13:07:32.77969,22,1000,340
2024-01-17 13:07:32.77981,22,1000,342
2024-01-17 13:07:32.77992,22,1000,344
2024-01-17 13:07:32.77999,22,1000,346
2024-01-17 13:07:32.78012,22,1000,346
2024-01-17 13:07:32.78020,22,1000,348
2024-01-17 13:07:32.78027,22,1000,350
2024-01-17 13:07:32.78035,22,1000,352
2024-01-17 13:07:32.78041,22,1000,354
2024-01-17 13:07:32.78048,22,1000,356
2024-01-17 13:07:32.78057,22,1000,356
2024-01-17 13:07:32.78064,22,1000,356
2024-01-17 13:07:32.78071,22,1000,358
2024-01-17 13:07:32.78079,22,1000,360
2024-01-17 13:07:32.78094,22,1000,360
2024-01-17 13:07:32.78101,22,1000,362
2024-01-17 13:07:32.78106,22,1000,364
2024-01-17 13:07:32.78112,22,1000,364
2024-01-17 13:07:32.78118,22,1000,366
2024-01-17 13:07:32.78127,22,1000,368
2024-01-17 13:07:32.78139,22,1000,370
2024-01-17 13:07:32.78153,22,1000,372
2024-01-17 13:07:32.78168,22,1000,374
2024-01-17 13:07:32.78181,22,1000,376
2024-01-17 13:07:32.78190,22,1000,378
2024-01-17 13:07:32.78207,22,1000,380
2024-01-17 13:07:32.78219,22,1000,382
2024-01-17 13:07:32.78230,22,1000,384
2024-01-17 13:07:32.78239,22,1000,386
2024-01-17 13:07:32.78252,22,1000,388
2024-01-17 13:07:32.78269,22,1000,390
2024-01-17 13:07:32.78280,22,1000,392
2024-01-17 13:07:32.78293,22,1000,394
2024-01-17 13:07:32.78307,22,1000,396
2024-01-17 13:07:32.78314,22,1000,396
2024-01-17 13:07:32.78321,22,1000,398
2024-01-17 13:07:32.78327,22,1000,400
2024-01-17 13:07:32.78334,22,1000,402
2024-01-17 13:07:32.78343,22,1000,404
2024-01-17 13:07:32.78361,22,1000,406
2024-01-17 13:07:32.78368,22,1000,408
2024-01-17 13:07:32.78374,22,1000,410
2024-01-17 13:07:32.78380,22,1000,410
2024-01-17 13:07:32.78387,22,1000,412
2024-01-17 13:07:32.78393,22,1000,414
2024-01-17 13:07:32.78399,22,1000,416
2024-01-17 13:07:32.78406,22,1000,418
2024-01-17 13:07:32.78414,22,1000,420
2024-01-17 13:07:32.78420,22,1000,422
2024-01-17 13:07:32.78426,22,1000,424
2024-01-17 13:07:32.78432,22,1000,426
2024-01-17 13:07:32.78440,22,1000,426
2024-01-17 13:07:32.78446,22,1000,426
2024-01-17 13:07:32.78453,22,1000,428
2024-01-17 13:07:32.78459,22,1000,430
2024-01-17 13:07:32.78465,22,1000,430
2024-01-17 13:07:32.78472,22,1000,432
2024-01-17 13:07:32.78480,22,1000,432
2024-01-17 13:07:32.78487,22,1000,434
2024-01-17 13:07:32.78494,22,1000,434
2024-01-17 13:07:32.78501,22,1000,436
2024-01-17 13:07:32.78513,22,1000,438
2024-01-17 13:07:32.78523,22,1000,440
2024-01-17 13:07:32.78531,22,1000,442
2024-01-17 13:07:32.78541,22,1000,442
2024-01-17 13:07:32.78552,22,1000,442
2024-01-17 13:07:32.78563,22,1000,442
2024-01-17 13:07:32.78572,22,1000,444
2024-01-17 13:07:32.78582,22,1000,446
2024-01-17 13:07:32.78591,22,1000,446
2024-01-17 13:07:32.78599,22,1000,446
2024-01-17 13:07:32.78608,22,1000,448
2024-01-17 13:07:32.78620,22,1000,448
2024-01-17 13:07:32.78629,22,1000,450
2024-01-17 13:07:32.78638,22,1000,452
2024-01-17 13:07:32.78648,22,1000,452
2024-01-17 13:07:32.78658,22,1000,452
2024-01-17 13:07:32.78667,22,1000,454
2024-01-17 13:07:32.78675,22,1000,456
2024-01-17 13:07:32.78685,22,1000,458
2024-01-17 13:07:32.78694,22,1000,460
2024-01-17 13:07:32.78707,22,1000,462
2024-01-17 13:07:32.78718,22,1000,464
2024-01-17 13:07:32.78730,22,1000,466
2024-01-17 13:07:32.78740,22,1000,468
2024-01-17 13:07:32.78750,22,1000,470
2024-01-17 13:07:32.78760,22,1000,472
2024-01-17 13:07:32.90481,22,1000,474
2024-01-17 13:07:32.90510,22,1000,476
2024-01-17 13:07:32.90592,22,1000,476
2024-01-17 13:07:32.90612,22,1000,478
2024-01-17 13:07:32.90654,22,1000,478
2024-01-17 13:07:32.90666,22,1000,478
2024-01-17 13:07:32.90678,22,1000,480
2024-01-17 13:07:32.90688,22,1000,482
2024-01-17 13:07:32.90697,22,1000,482
2024-01-17 13:07:32.90994,22,1000,484
2024-01-17 13:07:32.91072,22,1000,486
2024-01-17 13:07:32.91202,22,1000,488
2024-01-17 13:07:32.91215,22,1000,490
2024-01-17 13:07:32.91226,22,1000,492
2024-01-17 13:07:32.91238,22,1000,494
2024-01-17 13:07:32.91249,22,1000,496
2024-01-17 13:07:32.91266,22,1000,498
2024-01-17 13:07:32.91279,22,1000,500
2024-01-17 13:07:32.91295,22,1000,502
2024-01-17 13:07:32.91305,22,1000,504
2024-01-17 13:07:32.91317,22,1000,506
2024-01-17 13:07:32.91329,22,1000,508
2024-01-17 13:07:32.91340,22,1000,510
2024-01-17 13:07:32.91352,22,1000,510
2024-01-17 13:07:32.91369,22,1000,510
2024-01-17 13:07:32.91382,22,1000,512
2024-01-17 13:07:32.91396,22,1000,512
2024-01-17 13:07:32.91406,22,1000,514
2024-01-17 13:07:32.91417,22,1000,516
2024-01-17 13:07:32.91457,22,1000,516
2024-01-17 13:07:32.91471,22,1000,516
2024-01-17 13:07:32.91486,22,1000,516
2024-01-17 13:07:32.91871,22,1000,516
2024-01-17 13:07:32.91880,22,1000,518
2024-01-17 13:07:32.91921,22,1000,520
2024-01-17 13:07:32.91941,22,1000,522
2024-01-17 13:07:32.91968,22,1000,524
2024-01-17 13:07:32.91992,22,1000,526
2024-01-17 13:07:32.92004,22,1000,528
2024-01-17 13:07:32.92018,22,1000,530
2024-01-17 13:07:32.92114,22,1000,532
2024-01-17 13:07:32.92128,22,1000,534
2024-01-17 13:07:32.92206,22,1000,534
2024-01-17 13:07:32.92324,22,1000,534
2024-01-17 13:07:32.92369,22,1000,536
2024-01-17 13:07:32.92387,22,1000,538
2024-01-17 13:07:32.92422,22,1000,540
2024-01-17 13:07:32.92438,22,1000,540
2024-01-17 13:07:32.92452,22,1000,540
2024-01-17 13:07:32.92462,22,1000,542
2024-01-17 13:07:32.92469,22,1000,544
2024-01-17 13:07:32.92476,22,1000,546
2024-01-17 13:07:32.92483,22,1000,548
2024-01-17 13:07:32.92496,22,1000,550
2024-01-17 13:07:32.92577,22,1000,552
2024-01-17 13:07:32.92596,22,1000,552
2024-01-17 13:07:32.92608,22,1000,552
2024-01-17 13:07:32.92623,22,1000,554
2024-01-17 13:07:32.92738,22,1000,556
2024-01-17 13:07:32.92763,22,1000,558
2024-01-17 13:07:32.92781,22,1000,560
2024-01-17 13:07:32.92789,22,1000,562
2024-01-17 13:07:32.92797,22,1000,564
2024-01-17 13:07:32.92807,22,1000,566
2024-01-17 13:07:32.92814,22,1000,568
2024-01-17 13:07:32.92821,22,1000,570
2024-01-17 13:07:32.92827,22,1000,572
2024-01-17 13:07:32.92835,22,1000,574
2024-01-17 13:07:32.92842,22,1000,576
2024-01-17 13:07:32.92850,22,1000,578
2024-01-17 13:07:32.92857,22,1000,580
2024-01-17 13:07:32.92863,22,1000,582
2024-01-17 13:07:32.92868,22,1000,582
2024-01-17 13:07:32.92874,22,1000,582
2024-01-17 13:07:32.92881,22,1000,584
2024-01-17 13:07:32.92888,22,1000,586
2024-01-17 13:07:32.92894,22,1000,588
2024-01-17 13:07:32.92900,22,1000,590
2024-01-17 13:07:32.92908,22,1000,592
2024-01-17 13:07:32.92914,22,1000,594
2024-01-17 13:07:32.92919,22,1000,596
2024-01-17 13:07:32.92926,22,1000,598
2024-01-17 13:07:32.92933,22,1000,598
2024-01-17 13:07:32.92940,22,1000,600
2024-01-17 13:07:32.92949,22,1000,602
2024-01-17 13:07:32.92955,22,1000,604
2024-01-17 13:07:32.92964,22,1000,606
2024-01-17 13:07:32.92983,22,1000,608
2024-01-17 13:07:32.92996,22,1000,610
2024-01-17 13:07:32.93007,22,1000,612
2024-01-17 13:07:32.93016,22,1000,614
2024-01-17 13:07:32.93030,22,1000,616
2024-01-17 13:07:32.93042,22,1000,618
2024-01-17 13:07:32.93049,22,1000,620
2024-01-17 13:07:32.93056,22,1000,622
2024-01-17 13:07:32.93064,22,1000,624
2024-01-17 13:07:32.93074,22,1000,626
2024-01-17 13:07:32.93082,22,1000,626
2024-01-17 13:07:32.93093,22,1000,628
2024-01-17 13:07:32.93100,22,1000,630
2024-01-17 13:07:32.93108,22,1000,632
2024-01-17 13:07:32.93116,22,1000,632
2024-01-17 13:07:32.93123,22,1000,634
2024-01-17 13:07:32.93138,22,1000,636
2024-01-17 13:07:32.93271,22,1000,638
2024-01-17 13:07:32.93281,22,1000,640
2024-01-17 13:07:32.93292,22,1000,642
2024-01-17 13:07:32.93301,22,1000,644
2024-01-17 13:07:32.93309,22,1000,646
2024-01-17 13:07:32.93315,22,1000,648
2024-01-17 13:07:32.93322,22,1000,650
2024-01-17 13:07:32.93329,22,1000,652
2024-01-17 13:07:32.93337,22,1000,652
2024-01-17 13:07:32.93343,22,1000,654
2024-01-17 13:07:32.93352,22,1000,654
2024-01-17 13:07:32.93359,22,1000,654
2024-01-17 13:07:32.93367,22,1000,656
2024-01-17 13:07:32.93375,22,1000,658
2024-01-17 13:07:32.93382,22,1000,660
2024-01-17 13:07:32.93389,22,1000,662
2024-01-17 13:07:32.93396,22,1000,664
2024-01-17 13:07:32.93403,22,1000,666
2024-01-17 13:07:32.93412,22,1000,668
2024-01-17 13:07:32.93422,22,1000,668
2024-01-17 13:07:32.93431,22,1000,670
2024-01-17 13:07:32.93440,22,1000,672
2024-01-17 13:07:32.93448,22,1000,674
2024-01-17 13:07:32.93459,22,1000,676
2024-01-17 13:07:32.93468,22,1000,678
2024-01-17 13:07:32.93481,22,1000,680
2024-01-17 13:07:32.93488,22,1000,682
2024-01-17 13:07:32.93495,22,1000,684
2024-01-17 13:07:32.93502,22,1000,686
2024-01-17 13:07:32.93510,22,1000,686
2024-01-17 13:07:32.93516,22,1000,686
2024-01-17 13:07:32.93525,22,1000,688
2024-01-17 13:07:32.93535,22,1000,690
2024-01-17 13:07:32.93544,22,1000,690
2024-01-17 13:07:32.93552,22,1000,690
2024-01-17 13:07:32.93559,22,1000,692
2024-01-17 13:07:32.93569,22,1000,694
2024-01-17 13:07:32.93577,22,1000,694
2024-01-17 13:07:32.93584,22,1000,696
2024-01-17 13:07:32.93591,22,1000,698
2024-01-17 13:07:32.93598,22,1000,700
2024-01-17 13:07:32.93608,22,1000,702
2024-01-17 13:07:32.93616,22,1000,704
2024-01-17 13:07:32.93624,22,1000,706
2024-01-17 13:07:32.93630,22,1000,708
2024-01-17 13:07:32.93637,22,1000,710
2024-01-17 13:07:32.93648,22,1000,712
2024-01-17 13:07:32.93657,22,1000,714
2024-01-17 13:07:32.93665,22,1000,716
2024-01-17 13:07:32.93672,22,1000,718
2024-01-17 13:07:32.93679,22,1000,720
2024-01-17 13:07:32.93689,22,1000,722
2024-01-17 13:07:32.93698,22,1000,722
2024-01-17 13:07:32.93706,22,1000,724
2024-01-17 13:07:32.93713,22,1000,726
2024-01-17 13:07:32.93720,22,1000,728
2024-01-17 13:07:32.93727,22,1000,730
2024-01-17 13:07:32.93736,22,1000,732
2024-01-17 13:07:32.93746,22,1000,734
2024-01-17 13:07:32.93754,22,1000,736
2024-01-17 13:07:32.93761,22,1000,738
2024-01-17 13:07:32.93770,22,1000,740
2024-01-17 13:07:32.93780,22,1000,742
2024-01-17 13:07:32.93788,22,1000,744
2024-01-17 13:07:32.93796,22,1000,746
2024-01-17 13:07:32.93804,22,1000,746
2024-01-17 13:07:32.93811,22,1000,748
2024-01-17 13:07:32.93821,22,1000,750
2024-01-17 13:07:32.93828,22,1000,752
2024-01-17 13:07:32.93836,22,1000,752
2024-01-17 13:07:32.93844,22,1000,754
2024-01-17 13:07:32.93851,22,1000,756
2024-01-17 13:07:32.93859,22,1000,756
2024-01-17 13:07:32.93866,22,1000,758
2024-01-17 13:07:32.93872,22,1000,760
2024-01-17 13:07:32.93883,22,1000,762
2024-01-17 13:07:32.93905,22,1000,764
2024-01-17 13:07:32.93917,22,1000,764
2024-01-17 13:07:32.93928,22,1000,766
2024-01-17 13:07:32.93938,22,1000,766
2024-01-17 13:07:32.93950,22,1000,768
2024-01-17 13:07:32.93959,22,1000,770
2024-01-17 13:07:32.93967,22,1000,772
2024-01-17 13:07:32.93981,22,1000,774
2024-01-17 13:07:32.93993,22,1000,774
2024-01-17 13:07:32.94008,22,1000,776
2024-01-17 13:07:32.94017,22,1000,778
2024-01-17 13:07:32.94025,22,1000,780
2024-01-17 13:07:32.94034,22,1000,782
2024-01-17 13:07:32.94041,22,1000,782
2024-01-17 13:07:32.94051,22,1000,784
2024-01-17 13:07:32.94060,22,1000,786
2024-01-17 13:07:32.94068,22,1000,788
2024-01-17 13:07:32.94076,22,1000,790
2024-01-17 13:07:32.94084,22,1000,792
2024-01-17 13:07:32.94092,22,1000,794
2024-01-17 13:07:32.94100,22,1000,796
2024-01-17 13:07:32.94110,22,1000,796
2024-01-17 13:07:32.94120,22,1000,798
2024-01-17 13:07:32.94129,22,1000,800
2024-01-17 13:07:32.94136,22,1000,802
2024-01-17 13:07:32.94144,22,1000,804
2024-01-17 13:07:32.94152,22,1000,806
2024-01-17 13:07:32.94165,22,1000,808
2024-01-17 13:07:32.94175,22,1000,810
2024-01-17 13:07:32.94183,22,1000,812
2024-01-17 13:07:32.94191,22,1000,812
2024-01-17 13:07:32.94198,22,1000,814
2024-01-17 13:07:32.94206,22,1000,816
2024-01-17 13:07:32.94215,22,1000,818
2024-01-17 13:07:32.94221,22,1000,820
2024-01-17 13:07:32.94229,22,1000,820
2024-01-17 13:07:32.94245,22,1000,822
2024-01-17 13:07:32.94259,22,1000,824
2024-01-17 13:07:32.94273,22,1000,824
2024-01-17 13:07:32.94283,22,1000,826
2024-01-17 13:07:32.94298,22,1000,828
2024-01-17 13:07:32.94305,22,1000,830
2024-01-17 13:07:32.94311,22,1000,830
2024-01-17 13:07:32.94318,22,1000,832
2024-01-17 13:07:32.94325,22,1000,834
2024-01-17 13:07:32.94331,22,1000,836
2024-01-17 13:07:32.94339,22,1000,838
2024-01-17 13:07:32.94346,22,1000,838
2024-01-17 13:07:32.94354,22,1000,840
2024-01-17 13:07:32.94362,22,1000,842
2024-01-17 13:07:32.94375,22,1000,844
2024-01-17 13:07:32.94386,22,1000,846
2024-01-17 13:07:32.94395,22,1000,848
2024-01-17 13:07:32.94407,22,1000,850
2024-01-17 13:07:32.94416,22,1000,852
2024-01-17 13:07:32.94425,22,1000,854
2024-01-17 13:07:32.94436,22,1000,856
2024-01-17 13:07:32.94449,22,1000,858
2024-01-17 13:07:32.94455,22,1000,860
2024-01-17 13:07:32.94461,22,1000,862
2024-01-17 13:07:32.94468,22,1000,864
2024-01-17 13:07:32.94475,22,1000,866
2024-01-17 13:07:32.94488,22,1000,866
2024-01-17 13:07:32.94504,22,1000,868
2024-01-17 13:07:32.94515,22,1000,868
2024-01-17 13:07:32.94525,22,1000,868
2024-01-17 13:07:32.94537,22,1000,868
2024-01-17 13:07:32.94548,22,1000,868
2024-01-17 13:07:32.94559,22,1000,868
2024-01-17 13:07:32.94571,22,1000,870
2024-01-17 13:07:32.94584,22,1000,872
2024-01-17 13:07:32.94594,22,1000,874
2024-01-17 13:07:32.94603,22,1000,876
2024-01-17 13:07:32.94614,22,1000,876
2024-01-17 13:07:32.94625,22,1000,878
2024-01-17 13:07:32.94639,22,1000,880
2024-01-17 13:07:32.94653,22,1000,880
2024-01-17 13:07:32.94664,22,1000,882
2024-01-17 13:07:32.94677,22,1000,884
2024-01-17 13:07:32.94689,22,1000,886
2024-01-17 13:07:32.94869,22,1000,888
2024-01-17 13:07:32.94918,22,1000,890
2024-01-17 13:07:32.94978,22,1000,892
2024-01-17 13:07:32.95040,22,1000,894
2024-01-17 13:07:32.95054,22,1000,896
2024-01-17 13:07:32.95068,22,1000,898
2024-01-17 13:07:32.95080,22,1000,900
2024-01-17 13:07:32.95094,22,1000,902
2024-01-17 13:07:32.95103,22,1000,904
2024-01-17 13:07:32.95111,22,1000,906
2024-01-17 13:07:32.95117,22,1000,908
2024-01-17 13:07:32.95124,22,1000,910
2024-01-17 13:07:32.95130,22,1000,912
2024-01-17 13:07:32.95137,22,1000,914
2024-01-17 13:07:32.95145,22,1000,916
2024-01-17 13:07:32.95152,22,1000,918
2024-01-17 13:07:32.95159,22,1000,918
2024-01-17 13:07:32.95167,22,1000,920
2024-01-17 13:07:32.95175,22,1000,922
2024-01-17 13:07:32.95182,22,1000,924
2024-01-17 13:07:32.95188,22,1000,926
2024-01-17 13:07:32.95196,22,1000,928
2024-01-17 13:07:32.95205,22,1000,928
2024-01-17 13:07:32.95212,22,1000,930
2024-01-17 13:07:32.95220,22,1000,932
2024-01-17 13:07:32.95227,22,1000,934
2024-01-17 13:07:32.95232,22,1000,936
2024-01-17 13:07:32.95238,22,1000,938
2024-01-17 13:07:32.95274,22,1000,940
2024-01-17 13:07:32.95285,22,1000,940
2024-01-17 13:07:32.95292,22,1000,942
2024-01-17 13:07:32.95299,22,1000,942
2024-01-17 13:07:32.95306,22,1000,944
2024-01-17 13:07:32.95314,22,1000,946
2024-01-17 13:07:32.95321,22,1000,948
2024-01-17 13:07:32.95328,22,1000,950
2024-01-17 13:07:32.95334,22,1000,952
2024-01-17 13:07:32.95341,22,1000,954
2024-01-17 13:07:32.95348,22,1000,956
2024-01-17 13:07:32.95355,22,1000,958
2024-01-17 13:07:32.95370,22,1000,958
2024-01-17 13:07:32.95381,22,1000,960
2024-01-17 13:07:32.95392,22,1000,960
2024-01-17 13:07:32.95403,22,1000,962
2024-01-17 13:07:32.95410,22,1000,964
2024-01-17 13:07:32.95419,22,1000,966
2024-01-17 13:07:32.95427,22,1000,968
2024-01-17 13:07:32.95435,22,1000,968
2024-01-17 13:07:32.95441,22,1000,970
2024-01-17 13:07:32.95450,22,1000,972
2024-01-17 13:07:32.95467,22,1000,974
2024-01-17 13:07:32.95478,22,1000,976
2024-01-17 13:07:32.95488,22,1000,978
2024-01-17 13:07:32.95501,22,1000,980
2024-01-17 13:07:32.95510,22,1000,982
2024-01-17 13:07:32.95522,22,1000,984
2024-01-17 13:07:32.95532,22,1000,986
2024-01-17 13:07:32.95544,22,1000,988
2024-01-17 13:07:32.95553,22,1000,988
2024-01-17 13:07:32.95561,22,1000,988
2024-01-17 13:07:32.95568,22,1000,990
2024-01-17 13:07:32.95576,22,1000,992
2024-01-17 13:07:32.95585,22,1000,994
2024-01-17 13:07:32.95594,22,1000,996
2024-01-17 13:07:32.95603,22,1000,998
2024-01-17 13:07:32.95615,22,1000,998
2024-01-17 13:07:32.95623,22,1000,1000
2024-01-17 13:07:32.95631,22,1000,1002
2024-01-17 13:07:32.95639,22,1000,1004
2024-01-17 13:07:32.95649,22,1000,1006
2024-01-17 13:07:32.95657,22,1000,1008
2024-01-17 13:07:32.95663,22,1000,1010
2024-01-17 13:07:32.95671,22,1000,1012
2024-01-17 13:07:32.95680,22,1000,1014
2024-01-17 13:07:32.95690,22,1000,1016
2024-01-17 13:07:32.95702,22,1000,1018
2024-01-17 13:07:32.95709,22,1000,1020
2024-01-17 13:07:32.95718,22,1000,1022
2024-01-17 13:07:32.95734,22,1000,1024
2024-01-17 13:07:32.95751,22,1000,1026
2024-01-17 13:07:32.95761,22,1000,1028
2024-01-17 13:07:32.95770,22,1000,1028
2024-01-17 13:07:32.95781,22,1000,1030
2024-01-17 13:07:32.95795,22,1000,1032
2024-01-17 13:07:34.30609,23,1000,0
2024-01-17 13:07:34.30628,23,1000,0
2024-01-17 13:07:34.30643,23,1000,0
2024-01-17 13:07:34.30653,23,1000,0
2024-01-17 13:07:34.30669,23,1000,0
2024-01-17 13:07:34.30686,23,1000,0
2024-01-17 13:07:34.30696,23,1000,0
2024-01-17 13:07:34.30705,23,1000,0
2024-01-17 13:07:34.30713,23,1000,0
2024-01-17 13:07:34.30722,23,1000,0
2024-01-17 13:07:34.30737,23,1000,0
2024-01-17 13:07:34.30747,23,1000,0
2024-01-17 13:07:34.30756,23,1000,0
2024-01-17 13:07:34.30766,23,1000,0
2024-01-17 13:07:34.30774,23,1000,0
2024-01-17 13:07:34.30794,23,1000,0
2024-01-17 13:07:34.30806,23,1000,0
2024-01-17 13:07:34.30815,23,1000,0
2024-01-17 13:07:34.30823,23,1000,0
2024-01-17 13:07:34.30833,23,1000,0
2024-01-17 13:07:34.30848,23,1000,0
2024-01-17 13:07:34.30862,23,1000,0
2024-01-17 13:07:34.30877,23,1000,0
2024-01-17 13:07:34.30889,23,1000,0
2024-01-17 13:07:34.30898,23,1000,0
2024-01-17 13:07:34.30909,23,1000,0
2024-01-17 13:07:34.30921,23,1000,0
2024-01-17 13:07:34.30933,23,1000,0
2024-01-17 13:07:34.30942,23,1000,0
2024-01-17 13:07:34.30954,23,1000,0
2024-01-17 13:07:34.30964,23,1000,0
2024-01-17 13:07:34.30974,23,1000,0
2024-01-17 13:07:34.30983,23,1000,0
2024-01-17 13:07:34.30993,23,1000,0
2024-01-17 13:07:34.31001,23,1000,0
2024-01-17 13:07:34.31010,23,1000,0
2024-01-17 13:07:34.31020,23,1000,0
2024-01-17 13:07:34.31029,23,1000,2
2024-01-17 13:07:34.31046,23,1000,2
2024-01-17 13:07:34.31200,23,1000,2
2024-01-17 13:07:34.31210,23,1000,2
2024-01-17 13:07:34.31246,23,1000,2
2024-01-17 13:07:34.31267,23,1000,2
2024-01-17 13:07:34.31275,23,1000,2
2024-01-17 13:07:34.31284,23,1000,2
2024-01-17 13:07:34.31294,23,1000,4
2024-01-17 13:07:34.31303,23,1000,6
2024-01-17 13:07:34.31312,23,1000,8
2024-01-17 13:07:34.31323,23,1000,10
2024-01-17 13:07:34.31334,23,1000,10
2024-01-17 13:07:34.31348,23,1000,12
2024-01-17 13:07:34.31360,23,1000,12
2024-01-17 13:07:34.31373,23,1000,14
2024-01-17 13:07:34.31386,23,1000,14
2024-01-17 13:07:34.31398,23,1000,14
2024-01-17 13:07:34.31409,23,1000,14
2024-01-17 13:07:34.31423,23,1000,16
2024-01-17 13:07:34.31432,23,1000,18
2024-01-17 13:07:34.31440,23,1000,18
2024-01-17 13:07:34.31470,23,1000,18
2024-01-17 13:07:34.31481,23,1000,18
2024-01-17 13:07:34.31489,23,1000,18
2024-01-17 13:07:34.31500,23,1000,18
2024-01-17 13:07:34.31510,23,1000,18
2024-01-17 13:07:34.31531,23,1000,18
2024-01-17 13:07:34.31543,23,1000,18
2024-01-17 13:07:34.31562,23,1000,18
2024-01-17 13:07:34.31575,23,1000,18
2024-01-17 13:07:34.31595,23,1000,18
2024-01-17 13:07:34.31604,23,1000,18
2024-01-17 13:07:34.31611,23,1000,18
2024-01-17 13:07:34.31618,23,1000,18
2024-01-17 13:07:34.31626,23,1000,18
2024-01-17 13:07:34.31634,23,1000,18
2024-01-17 13:07:34.31642,23,1000,18
2024-01-17 13:07:34.31651,23,1000,18
2024-01-17 13:07:34.31662,23,1000,18
2024-01-17 13:07:34.31671,23,1000,18
2024-01-17 13:07:34.31686,23,1000,18
2024-01-17 13:07:34.31704,23,1000,18
2024-01-17 13:07:34.31729,23,1000,18
2024-01-17 13:07:34.31740,23,1000,18
2024-01-17 13:07:34.31751,23,1000,18
2024-01-17 13:07:34.31759,23,1000,18
2024-01-17 13:07:34.31800,23,1000,18
2024-01-17 13:07:34.31849,23,1000,18
2024-01-17 13:07:34.31861,23,1000,18
2024-01-17 13:07:34.31869,23,1000,18
2024-01-17 13:07:34.31900,23,1000,18
2024-01-17 13:07:34.31951,23,1000,18
2024-01-17 13:07:34.31988,23,1000,18
2024-01-17 13:07:34.31995,23,1000,18
2024-01-17 13:07:34.32001,23,1000,18
2024-01-17 13:07:34.32007,23,1000,18
2024-01-17 13:07:34.32014,23,1000,18
2024-01-17 13:07:34.32021,23,1000,18
2024-01-17 13:07:34.32028,23,1000,18
2024-01-17 13:07:34.32036,23,1000,18
2024-01-17 13:07:34.32042,23,1000,18
2024-01-17 13:07:34.32048,23,1000,18
2024-01-17 13:07:34.32054,23,1000,18
2024-01-17 13:07:34.32062,23,1000,18
2024-01-17 13:07:34.32069,23,1000,18
2024-01-17 13:07:34.32076,23,1000,18
2024-01-17 13:07:34.32084,23,1000,18
2024-01-17 13:07:34.32092,23,1000,18
2024-01-17 13:07:34.32099,23,1000,18
2024-01-17 13:07:34.32109,23,1000,18
2024-01-17 13:07:34.32117,23,1000,18
2024-01-17 13:07:34.32127,23,1000,18
2024-01-17 13:07:34.32134,23,1000,18
2024-01-17 13:07:34.32142,23,1000,18
2024-01-17 13:07:34.32151,23,1000,18
2024-01-17 13:07:34.32159,23,1000,18
2024-01-17 13:07:34.32165,23,1000,18
2024-01-17 13:07:34.32172,23,1000,18
2024-01-17 13:07:34.32179,23,1000,18
2024-01-17 13:07:34.32187,23,1000,18
2024-01-17 13:07:34.32194,23,1000,18
2024-01-17 13:07:34.32201,23,1000,18
2024-01-17 13:07:34.32208,23,1000,18
2024-01-17 13:07:34.32216,23,1000,18
2024-01-17 13:07:34.32223,23,1000,18
2024-01-17 13:07:34.32232,23,1000,18
2024-01-17 13:07:34.32243,23,1000,18
2024-01-17 13:07:34.32250,23,1000,18
2024-01-17 13:07:34.32261,23,1000,18
2024-01-17 13:07:34.32269,23,1000,18
2024-01-17 13:07:34.32276,23,1000,18
2024-01-17 13:07:34.32286,23,1000,18
2024-01-17 13:07:34.32293,23,1000,18
2024-01-17 13:07:34.32303,23,1000,18
2024-01-17 13:07:34.32310,23,1000,18
2024-01-17 13:07:34.32317,23,1000,18
2024-01-17 13:07:34.32327,23,1000,18
2024-01-17 13:07:34.32334,23,1000,18
2024-01-17 13:07:34.32342,23,1000,18
2024-01-17 13:07:34.32354,23,1000,18
2024-01-17 13:07:34.32370,23,1000,18
2024-01-17 13:07:34.32383,23,1000,18
2024-01-17 13:07:34.32394,23,1000,18
2024-01-17 13:07:34.32406,23,1000,18
2024-01-17 13:07:34.32420,23,1000,18
2024-01-17 13:07:34.32433,23,1000,18
2024-01-17 13:07:34.32472,23,1000,18
2024-01-17 13:07:34.32485,23,1000,18
2024-01-17 13:07:34.32501,23,1000,18
2024-01-17 13:07:34.32516,23,1000,18
2024-01-17 13:07:34.32526,23,1000,18
2024-01-17 13:07:34.32539,23,1000,18
2024-01-17 13:07:34.32547,23,1000,18
2024-01-17 13:07:34.32556,23,1000,18
2024-01-17 13:07:34.32563,23,1000,18
2024-01-17 13:07:34.32573,23,1000,18
2024-01-17 13:07:34.32579,23,1000,18
2024-01-17 13:07:34.32588,23,1000,18
2024-01-17 13:07:34.32596,23,1000,18
2024-01-17 13:07:34.32605,23,1000,18
2024-01-17 13:07:34.32613,23,1000,18
2024-01-17 13:07:34.32620,23,1000,18
2024-01-17 13:07:34.32628,23,1000,18
2024-01-17 13:07:34.32635,23,1000,18
2024-01-17 13:07:34.32649,23,1000,18
2024-01-17 13:07:34.32658,23,1000,18
2024-01-17 13:07:34.32666,23,1000,18
2024-01-17 13:07:34.32684,23,1000,18
2024-01-17 13:07:34.32696,23,1000,18
2024-01-17 13:07:34.32707,23,1000,18
2024-01-17 13:07:34.32720,23,1000,18
2024-01-17 13:07:34.32733,23,1000,18
2024-01-17 13:07:34.32746,23,1000,18
2024-01-17 13:07:34.32759,23,1000,18
2024-01-17 13:07:34.32771,23,1000,18
2024-01-17 13:07:34.32785,23,1000,18
2024-01-17 13:07:34.32792,23,1000,18
2024-01-17 13:07:34.32800,23,1000,18
2024-01-17 13:07:34.32809,23,1000,18
2024-01-17 13:07:34.32816,23,1000,18
2024-01-17 13:07:34.32829,23,1000,18
2024-01-17 13:07:34.32836,23,1000,18
2024-01-17 13:07:34.32842,23,1000,18
2024-01-17 13:07:34.32849,23,1000,18
2024-01-17 13:07:34.32858,23,1000,18
2024-01-17 13:07:34.32864,23,1000,18
2024-01-17 13:07:34.32872,23,1000,18
2024-01-17 13:07:34.32880,23,1000,18
2024-01-17 13:07:34.32888,23,1000,18
2024-01-17 13:07:34.32897,23,1000,18
2024-01-17 13:07:34.32905,23,1000,18
2024-01-17 13:07:34.32914,23,1000,18
2024-01-17 13:07:34.32921,23,1000,18
2024-01-17 13:07:34.32932,23,1000,18
2024-01-17 13:07:34.32941,23,1000,18
2024-01-17 13:07:34.32948,23,1000,18
2024-01-17 13:07:34.32955,23,1000,18
2024-01-17 13:07:34.32961,23,1000,18
2024-01-17 13:07:34.32969,23,1000,18
2024-01-17 13:07:34.32978,23,1000,18
2024-01-17 13:07:34.32985,23,1000,18
2024-01-17 13:07:34.32993,23,1000,18
2024-01-17 13:07:34.33005,23,1000,18
2024-01-17 13:07:34.33022,23,1000,18
2024-01-17 13:07:34.33030,23,1000,18
2024-01-17 13:07:34.33040,23,1000,18
2024-01-17 13:07:34.33048,23,1000,18
2024-01-17 13:07:34.33057,23,1000,18
2024-01-17 13:07:34.33066,23,1000,18
2024-01-17 13:07:34.33075,23,1000,18
2024-01-17 13:07:34.33083,23,1000,18
2024-01-17 13:07:34.33096,23,1000,18
2024-01-17 13:07:34.33106,23,1000,18
2024-01-17 13:07:34.33114,23,1000,18
2024-01-17 13:07:34.33135,23,1000,18
2024-01-17 13:07:34.33150,23,1000,18
2024-01-17 13:07:34.33162,23,1000,18
2024-01-17 13:07:34.33177,23,1000,18
2024-01-17 13:07:34.33188,23,1000,18
2024-01-17 13:07:34.33196,23,1000,18
2024-01-17 13:07:34.33228,23,1000,18
2024-01-17 13:07:34.33237,23,1000,18
2024-01-17 13:07:34.33246,23,1000,18
2024-01-17 13:07:34.33262,23,1000,18
2024-01-17 13:07:34.33282,23,1000,18
2024-01-17 13:07:34.33297,23,1000,18
2024-01-17 13:07:34.33309,23,1000,18
2024-01-17 13:07:34.33328,23,1000,18
2024-01-17 13:07:34.33340,23,1000,18
2024-01-17 13:07:34.33356,23,1000,18
2024-01-17 13:07:34.33365,23,1000,18
2024-01-17 13:07:34.33375,23,1000,18
2024-01-17 13:07:34.33385,23,1000,18
2024-01-17 13:07:34.33399,23,1000,18
2024-01-17 13:07:34.33411,23,1000,18
2024-01-17 13:07:34.33422,23,1000,18
2024-01-17 13:07:34.33432,23,1000,18
2024-01-17 13:07:34.33442,23,1000,18
2024-01-17 13:07:34.33455,23,1000,18
2024-01-17 13:07:34.33468,23,1000,18
2024-01-17 13:07:34.33477,23,1000,18
2024-01-17 13:07:34.33490,23,1000,18
2024-01-17 13:07:34.33501,23,1000,18
2024-01-17 13:07:34.33510,23,1000,18
2024-01-17 13:07:34.33518,23,1000,18
2024-01-17 13:07:34.33533,23,1000,18
2024-01-17 13:07:34.33541,23,1000,18
2024-01-17 13:07:34.33551,23,1000,18
2024-01-17 13:07:34.33561,23,1000,18
2024-01-17 13:07:34.33591,23,1000,18
2024-01-17 13:07:34.33604,23,1000,18
2024-01-17 13:07:34.33617,23,1000,18
2024-01-17 13:07:34.33633,23,1000,18
2024-01-17 13:07:34.33648,23,1000,18
2024-01-17 13:07:34.33662,23,1000,18
2024-01-17 13:07:34.33674,23,1000,18
2024-01-17 13:07:34.33687,23,1000,18
2024-01-17 13:07:34.33700,23,1000,18
2024-01-17 13:07:34.33712,23,1000,18
2024-01-17 13:07:34.33726,23,1000,18
2024-01-17 13:07:34.33746,23,1000,18
2024-01-17 13:07:34.33756,23,1000,18
2024-01-17 13:07:34.33765,23,1000,18
2024-01-17 13:07:34.33775,23,1000,18
2024-01-17 13:07:34.33789,23,1000,18
2024-01-17 13:07:34.33800,23,1000,18
2024-01-17 13:07:34.33811,23,1000,18
2024-01-17 13:07:34.33821,23,1000,18
2024-01-17 13:07:34.33841,23,1000,18
2024-01-17 13:07:34.33855,23,1000,18
2024-01-17 13:07:34.33871,23,1000,18
2024-01-17 13:07:34.33888,23,1000,18
2024-01-17 13:07:34.33907,23,1000,20
2024-01-17 13:07:34.33921,23,1000,20
2024-01-17 13:07:34.33929,23,1000,22
2024-01-17 13:07:34.33939,23,1000,22
2024-01-17 13:07:34.33949,23,1000,22
2024-01-17 13:07:34.33958,23,1000,22
2024-01-17 13:07:34.33966,23,1000,22
2024-01-17 13:07:34.33975,23,1000,22
2024-01-17 13:07:34.33985,23,1000,22
2024-01-17 13:07:34.33999,23,1000,22
2024-01-17 13:07:34.34014,23,1000,22
2024-01-17 13:07:34.34024,23,1000,22
2024-01-17 13:07:34.34034,23,1000,24
2024-01-17 13:07:34.34046,23,1000,24
2024-01-17 13:07:34.34060,23,1000,24
2024-01-17 13:07:34.34073,23,1000,24
2024-01-17 13:07:34.34088,23,1000,24
2024-01-17 13:07:34.34101,23,1000,24
2024-01-17 13:07:34.34113,23,1000,26
2024-01-17 13:07:34.34124,23,1000,26
2024-01-17 13:07:34.34137,23,1000,26
2024-01-17 13:07:34.34151,23,1000,26
2024-01-17 13:07:34.34166,23,1000,26
2024-01-17 13:07:34.34175,23,1000,26
2024-01-17 13:07:34.34185,23,1000,26
2024-01-17 13:07:34.34193,23,1000,26
2024-01-17 13:07:34.34208,23,1000,28
2024-01-17 13:07:34.34216,23,1000,28
2024-01-17 13:07:34.34224,23,1000,30
2024-01-17 13:07:34.34231,23,1000,30
2024-01-17 13:07:34.34237,23,1000,30
2024-01-17 13:07:34.34247,23,1000,30
2024-01-17 13:07:34.34253,23,1000,32
2024-01-17 13:07:34.34260,23,1000,32
2024-01-17 13:07:34.34268,23,1000,32
2024-01-17 13:07:34.34277,23,1000,34
2024-01-17 13:07:34.34285,23,1000,34
2024-01-17 13:07:34.34292,23,1000,36
2024-01-17 13:07:34.34299,23,1000,36
2024-01-17 13:07:34.34306,23,1000,38
2024-01-17 13:07:34.34315,23,1000,38
2024-01-17 13:07:34.34322,23,1000,38
2024-01-17 13:07:34.34331,23,1000,40
2024-01-17 13:07:34.34338,23,1000,42
2024-01-17 13:07:34.34346,23,1000,44
2024-01-17 13:07:34.34353,23,1000,44
2024-01-17 13:07:34.34362,23,1000,46
2024-01-17 13:07:34.34369,23,1000,48
2024-01-17 13:07:34.34376,23,1000,50
2024-01-17 13:07:34.34384,23,1000,52
2024-01-17 13:07:34.34395,23,1000,54
2024-01-17 13:07:34.34405,23,1000,56
2024-01-17 13:07:34.34414,23,1000,56
2024-01-17 13:07:34.34420,23,1000,58
2024-01-17 13:07:34.34427,23,1000,60
2024-01-17 13:07:34.34435,23,1000,62
2024-01-17 13:07:34.34442,23,1000,64
2024-01-17 13:07:34.34450,23,1000,64
2024-01-17 13:07:34.34459,23,1000,66
2024-01-17 13:07:34.34470,23,1000,68
2024-01-17 13:07:34.34478,23,1000,70
2024-01-17 13:07:34.34485,23,1000,70
2024-01-17 13:07:34.34493,23,1000,72
2024-01-17 13:07:34.34516,23,1000,72
2024-01-17 13:07:34.34530,23,1000,74
2024-01-17 13:07:34.34542,23,1000,76
2024-01-17 13:07:34.34551,23,1000,78
2024-01-17 13:07:34.34566,23,1000,80
2024-01-17 13:07:34.34582,23,1000,82
2024-01-17 13:07:34.34597,23,1000,82
2024-01-17 13:07:34.34616,23,1000,82
2024-01-17 13:07:34.34628,23,1000,82
2024-01-17 13:07:34.34640,23,1000,82
2024-01-17 13:07:34.34654,23,1000,84
2024-01-17 13:07:34.34665,23,1000,86
2024-01-17 13:07:34.34679,23,1000,86
2024-01-17 13:07:34.34704,23,1000,86
2024-01-17 13:07:34.34718,23,1000,86
2024-01-17 13:07:34.34730,23,1000,88
2024-01-17 13:07:34.34747,23,1000,88
2024-01-17 13:07:34.34754,23,1000,90
2024-01-17 13:07:34.34761,23,1000,90
2024-01-17 13:07:34.34767,23,1000,92
2024-01-17 13:07:34.34774,23,1000,92
2024-01-17 13:07:34.34782,23,1000,92
2024-01-17 13:07:34.34790,23,1000,92
2024-01-17 13:07:34.34797,23,1000,94
2024-01-17 13:07:34.34804,23,1000,96
2024-01-17 13:07:34.34811,23,1000,98
2024-01-17 13:07:34.34818,23,1000,98
2024-01-17 13:07:34.34826,23,1000,100
2024-01-17 13:07:34.34833,23,1000,100
2024-01-17 13:07:34.34857,23,1000,100
2024-01-17 13:07:34.34875,23,1000,100
2024-01-17 13:07:34.34893,23,1000,102
2024-01-17 13:07:34.34911,23,1000,102
2024-01-17 13:07:34.34929,23,1000,102
2024-01-17 13:07:34.34946,23,1000,102
2024-01-17 13:07:34.34964,23,1000,102
2024-01-17 13:07:34.34971,23,1000,102
2024-01-17 13:07:34.34978,23,1000,104
2024-01-17 13:07:34.34986,23,1000,106
2024-01-17 13:07:34.34993,23,1000,106
2024-01-17 13:07:34.35001,23,1000,108
2024-01-17 13:07:34.35009,23,1000,108
2024-01-17 13:07:34.35016,23,1000,110
2024-01-17 13:07:34.35024,23,1000,110
2024-01-17 13:07:34.35031,23,1000,112
2024-01-17 13:07:34.35038,23,1000,112
2024-01-17 13:07:34.35046,23,1000,114
2024-01-17 13:07:34.35056,23,1000,116
2024-01-17 13:07:34.35064,23,1000,118
2024-01-17 13:07:34.35072,23,1000,118
2024-01-17 13:07:34.35080,23,1000,120
2024-01-17 13:07:34.35091,23,1000,122
2024-01-17 13:07:34.35101,23,1000,124
2024-01-17 13:07:34.35109,23,1000,124
2024-01-17 13:07:34.35120,23,1000,126
2024-01-17 13:07:34.35130,23,1000,128
2024-01-17 13:07:34.35140,23,1000,128
2024-01-17 13:07:34.35148,23,1000,130
2024-01-17 13:07:34.35157,23,1000,130
2024-01-17 13:07:34.35173,23,1000,132
2024-01-17 13:07:34.35183,23,1000,132
2024-01-17 13:07:34.35195,23,1000,134
2024-01-17 13:07:34.35203,23,1000,134
2024-01-17 13:07:34.35211,23,1000,134
2024-01-17 13:07:34.35220,23,1000,136
2024-01-17 13:07:34.35229,23,1000,138
2024-01-17 13:07:34.35241,23,1000,140
2024-01-17 13:07:34.35249,23,1000,140
2024-01-17 13:07:34.35258,23,1000,142
2024-01-17 13:07:34.35283,23,1000,144
2024-01-17 13:07:34.35294,23,1000,146
2024-01-17 13:07:34.35302,23,1000,148
2024-01-17 13:07:34.35310,23,1000,150
2024-01-17 13:07:34.35333,23,1000,152
2024-01-17 13:07:34.35342,23,1000,154
2024-01-17 13:07:34.35350,23,1000,156
2024-01-17 13:07:34.35359,23,1000,158
2024-01-17 13:07:34.35367,23,1000,160
2024-01-17 13:07:34.35378,23,1000,162
2024-01-17 13:07:34.35388,23,1000,164
2024-01-17 13:07:34.35403,23,1000,166
2024-01-17 13:07:34.35415,23,1000,168
2024-01-17 13:07:34.35423,23,1000,170
2024-01-17 13:07:34.35468,23,1000,172
2024-01-17 13:07:34.35487,23,1000,174
2024-01-17 13:07:34.35502,23,1000,176
2024-01-17 13:07:34.35518,23,1000,178
2024-01-17 13:07:34.35536,23,1000,180
2024-01-17 13:07:34.35546,23,1000,182
2024-01-17 13:07:34.35556,23,1000,184
2024-01-17 13:07:34.35567,23,1000,186
2024-01-17 13:07:34.35584,23,1000,188
2024-01-17 13:07:34.35594,23,1000,190
2024-01-17 13:07:34.35606,23,1000,192
2024-01-17 13:07:34.35617,23,1000,194
2024-01-17 13:07:34.35630,23,1000,196
2024-01-17 13:07:34.35640,23,1000,198
2024-01-17 13:07:34.35650,23,1000,200
2024-01-17 13:07:34.35662,23,1000,202
2024-01-17 13:07:34.35674,23,1000,204
2024-01-17 13:07:34.35683,23,1000,206
2024-01-17 13:07:34.35694,23,1000,208
2024-01-17 13:07:34.35705,23,1000,210
2024-01-17 13:07:34.35718,23,1000,210
2024-01-17 13:07:34.35734,23,1000,210
2024-01-17 13:07:34.35764,23,1000,212
2024-01-17 13:07:34.35788,23,1000,212
2024-01-17 13:07:34.35801,23,1000,214
2024-01-17 13:07:34.35810,23,1000,214
2024-01-17 13:07:34.35821,23,1000,216
2024-01-17 13:07:34.35831,23,1000,218
2024-01-17 13:07:34.35839,23,1000,220
2024-01-17 13:07:34.35852,23,1000,220
2024-01-17 13:07:34.35862,23,1000,220
2024-01-17 13:07:34.35876,23,1000,220
2024-01-17 13:07:34.35891,23,1000,222
2024-01-17 13:07:34.35901,23,1000,224
2024-01-17 13:07:34.35909,23,1000,224
2024-01-17 13:07:34.35918,23,1000,226
2024-01-17 13:07:34.35927,23,1000,226
2024-01-17 13:07:34.35936,23,1000,226
2024-01-17 13:07:34.35947,23,1000,226
2024-01-17 13:07:34.35960,23,1000,226
2024-01-17 13:07:34.35968,23,1000,226
2024-01-17 13:07:34.35976,23,1000,226
2024-01-17 13:07:34.35984,23,1000,226
2024-01-17 13:07:34.35994,23,1000,228
2024-01-17 13:07:34.36010,23,1000,230
2024-01-17 13:07:34.36018,23,1000,230
2024-01-17 13:07:34.36027,23,1000,230
2024-01-17 13:07:34.36038,23,1000,232
2024-01-17 13:07:34.36049,23,1000,234
2024-01-17 13:07:34.36061,23,1000,236
2024-01-17 13:07:34.36073,23,1000,236
2024-01-17 13:07:34.36082,23,1000,238
2024-01-17 13:07:34.36090,23,1000,240
2024-01-17 13:07:34.36103,23,1000,242
2024-01-17 13:07:34.36117,23,1000,242
2024-01-17 13:07:34.36134,23,1000,242
2024-01-17 13:07:34.36147,23,1000,242
2024-01-17 13:07:34.36158,23,1000,242
2024-01-17 13:07:34.36168,23,1000,244
2024-01-17 13:07:34.36182,23,1000,246
2024-01-17 13:07:34.36194,23,1000,248
2024-01-17 13:07:34.36203,23,1000,248
2024-01-17 13:07:34.36215,23,1000,248
2024-01-17 13:07:34.36225,23,1000,248
2024-01-17 13:07:34.36235,23,1000,248
2024-01-17 13:07:34.36249,23,1000,248
2024-01-17 13:07:34.36269,23,1000,250
2024-01-17 13:07:34.36314,23,1000,250
2024-01-17 13:07:34.36407,23,1000,252
2024-01-17 13:07:34.36420,23,1000,252
2024-01-17 13:07:34.36453,23,1000,254
2024-01-17 13:07:34.36471,23,1000,256
2024-01-17 13:07:34.36484,23,1000,258
2024-01-17 13:07:34.36498,23,1000,260
2024-01-17 13:07:34.36511,23,1000,262
2024-01-17 13:07:34.36522,23,1000,262
2024-01-17 13:07:34.36534,23,1000,262
2024-01-17 13:07:34.36546,23,1000,262
2024-01-17 13:07:34.36557,23,1000,262
2024-01-17 13:07:34.36569,23,1000,262
2024-01-17 13:07:34.36577,23,1000,262
2024-01-17 13:07:34.36588,23,1000,262
2024-01-17 13:07:34.36606,23,1000,264
2024-01-17 13:07:34.36898,23,1000,266
2024-01-17 13:07:34.36923,23,1000,268
2024-01-17 13:07:34.36972,23,1000,268
2024-01-17 13:07:34.37007,23,1000,270
2024-01-17 13:07:34.37018,23,1000,272
2024-01-17 13:07:34.37157,23,1000,272
2024-01-17 13:07:34.37183,23,1000,272
2024-01-17 13:07:34.37198,23,1000,274
2024-01-17 13:07:34.37206,23,1000,274
2024-01-17 13:07:34.37219,23,1000,276
2024-01-17 13:07:34.37235,23,1000,278
2024-01-17 13:07:34.37249,23,1000,278
2024-01-17 13:07:34.37265,23,1000,278
2024-01-17 13:07:34.37272,23,1000,280
2024-01-17 13:07:34.37288,23,1000,282
2024-01-17 13:07:34.37306,23,1000,282
2024-01-17 13:07:34.37315,23,1000,282
2024-01-17 13:07:34.37346,23,1000,284
2024-01-17 13:07:34.37366,23,1000,284
2024-01-17 13:07:34.37374,23,1000,284
2024-01-17 13:07:34.37382,23,1000,284
2024-01-17 13:07:34.37389,23,1000,284
2024-01-17 13:07:34.37399,23,1000,286
2024-01-17 13:07:34.37407,23,1000,288
2024-01-17 13:07:34.37419,23,1000,288
2024-01-17 13:07:34.37427,23,1000,290
2024-01-17 13:07:34.37434,23,1000,290
2024-01-17 13:07:34.37442,23,1000,290
2024-01-17 13:07:34.37450,23,1000,292
2024-01-17 13:07:34.37458,23,1000,294
2024-01-17 13:07:34.37468,23,1000,296
2024-01-17 13:07:34.37476,23,1000,296
2024-01-17 13:07:34.37482,23,1000,298
2024-01-17 13:07:34.37489,23,1000,300
2024-01-17 13:07:34.37497,23,1000,302
2024-01-17 13:07:34.37504,23,1000,302
2024-01-17 13:07:34.37511,23,1000,302
2024-01-17 13:07:34.37518,23,1000,304
2024-01-17 13:07:34.37525,23,1000,306
2024-01-17 13:07:34.37532,23,1000,308
2024-01-17 13:07:34.37538,23,1000,310
2024-01-17 13:07:34.37545,23,1000,312
2024-01-17 13:07:34.37553,23,1000,314
2024-01-17 13:07:34.37560,23,1000,316
2024-01-17 13:07:34.37567,23,1000,318
2024-01-17 13:07:34.37574,23,1000,320
2024-01-17 13:07:34.37581,23,1000,322
2024-01-17 13:07:34.37588,23,1000,324
2024-01-17 13:07:34.37595,23,1000,326
2024-01-17 13:07:34.37601,23,1000,328
2024-01-17 13:07:34.37608,23,1000,330
2024-01-17 13:07:34.37615,23,1000,332
2024-01-17 13:07:34.37624,23,1000,334
2024-01-17 13:07:34.37633,23,1000,336
2024-01-17 13:07:34.37640,23,1000,338
2024-01-17 13:07:34.37648,23,1000,340
2024-01-17 13:07:34.37655,23,1000,342
2024-01-17 13:07:34.37663,23,1000,344
2024-01-17 13:07:34.37673,23,1000,346
2024-01-17 13:07:34.37682,23,1000,346
2024-01-17 13:07:34.37689,23,1000,348
2024-01-17 13:07:34.37697,23,1000,350
2024-01-17 13:07:34.37704,23,1000,352
2024-01-17 13:07:34.37713,23,1000,354
2024-01-17 13:07:34.37721,23,1000,356
2024-01-17 13:07:34.37729,23,1000,358
2024-01-17 13:07:34.37736,23,1000,358
2024-01-17 13:07:34.37743,23,1000,360
2024-01-17 13:07:34.37750,23,1000,362
2024-01-17 13:07:34.37757,23,1000,364
2024-01-17 13:07:34.37765,23,1000,366
2024-01-17 13:07:34.37772,23,1000,368
2024-01-17 13:07:34.37780,23,1000,370
2024-01-17 13:07:34.37790,23,1000,372
2024-01-17 13:07:34.37799,23,1000,374
2024-01-17 13:07:34.37809,23,1000,374
2024-01-17 13:07:34.37818,23,1000,374
2024-01-17 13:07:34.37825,23,1000,376
2024-01-17 13:07:34.37839,23,1000,378
2024-01-17 13:07:34.37848,23,1000,380
2024-01-17 13:07:34.37856,23,1000,382
2024-01-17 13:07:34.37865,23,1000,384
2024-01-17 13:07:34.37873,23,1000,384
2024-01-17 13:07:34.37884,23,1000,386
2024-01-17 13:07:34.37890,23,1000,388
2024-01-17 13:07:34.37898,23,1000,390
2024-01-17 13:07:34.37905,23,1000,392
2024-01-17 13:07:34.37912,23,1000,394
2024-01-17 13:07:34.37920,23,1000,394
2024-01-17 13:07:34.37927,23,1000,396
2024-01-17 13:07:34.37934,23,1000,398
2024-01-17 13:07:34.37943,23,1000,400
2024-01-17 13:07:34.37985,23,1000,402
2024-01-17 13:07:34.38000,23,1000,404
2024-01-17 13:07:34.38019,23,1000,406
2024-01-17 13:07:34.38036,23,1000,408
2024-01-17 13:07:34.38045,23,1000,410
2024-01-17 13:07:34.38053,23,1000,412
2024-01-17 13:07:34.38062,23,1000,414
2024-01-17 13:07:34.38073,23,1000,414
2024-01-17 13:07:34.38082,23,1000,416
2024-01-17 13:07:34.38094,23,1000,418
2024-01-17 13:07:34.38102,23,1000,420
2024-01-17 13:07:34.38111,23,1000,422
2024-01-17 13:07:34.38119,23,1000,424
2024-01-17 13:07:34.38129,23,1000,426
2024-01-17 13:07:34.38139,23,1000,428
2024-01-17 13:07:34.38148,23,1000,430
2024-01-17 13:07:34.38156,23,1000,430
2024-01-17 13:07:34.38163,23,1000,432
2024-01-17 13:07:34.38170,23,1000,432
2024-01-17 13:07:34.38178,23,1000,434
2024-01-17 13:07:34.38186,23,1000,436
2024-01-17 13:07:34.38195,23,1000,438
2024-01-17 13:07:34.38203,23,1000,440
2024-01-17 13:07:34.38211,23,1000,442
2024-01-17 13:07:34.38218,23,1000,444
2024-01-17 13:07:34.38225,23,1000,444
2024-01-17 13:07:34.38233,23,1000,446
2024-01-17 13:07:34.38241,23,1000,448
2024-01-17 13:07:34.38250,23,1000,448
2024-01-17 13:07:34.38256,23,1000,450
2024-01-17 13:07:34.38266,23,1000,450
2024-01-17 13:07:34.38273,23,1000,452
2024-01-17 13:07:34.38281,23,1000,454
2024-01-17 13:07:34.38289,23,1000,456
2024-01-17 13:07:34.38297,23,1000,458
2024-01-17 13:07:34.38304,23,1000,460
2024-01-17 13:07:34.38312,23,1000,462
2024-01-17 13:07:34.38320,23,1000,462
2024-01-17 13:07:34.38327,23,1000,464
2024-01-17 13:07:34.38335,23,1000,466
2024-01-17 13:07:34.38342,23,1000,468
2024-01-17 13:07:34.38350,23,1000,470
2024-01-17 13:07:34.38357,23,1000,472
2024-01-17 13:07:34.38365,23,1000,472
2024-01-17 13:07:34.38372,23,1000,474
2024-01-17 13:07:34.38380,23,1000,476
2024-01-17 13:07:34.38387,23,1000,476
2024-01-17 13:07:34.38394,23,1000,478
2024-01-17 13:07:34.38402,23,1000,480
2024-01-17 13:07:34.38410,23,1000,482
2024-01-17 13:07:34.38418,23,1000,484
2024-01-17 13:07:34.38429,23,1000,486
2024-01-17 13:07:34.38437,23,1000,486
2024-01-17 13:07:34.38445,23,1000,486
2024-01-17 13:07:34.38452,23,1000,488
2024-01-17 13:07:34.38460,23,1000,490
2024-01-17 13:07:34.38467,23,1000,492
2024-01-17 13:07:34.38474,23,1000,494
2024-01-17 13:07:34.38483,23,1000,494
2024-01-17 13:07:34.38491,23,1000,496
2024-01-17 13:07:34.38498,23,1000,496
2024-01-17 13:07:34.38506,23,1000,498
2024-01-17 13:07:34.38513,23,1000,500
2024-01-17 13:07:34.38521,23,1000,500
2024-01-17 13:07:34.38529,23,1000,502
2024-01-17 13:07:34.38537,23,1000,504
2024-01-17 13:07:34.38545,23,1000,506
2024-01-17 13:07:34.38552,23,1000,508
2024-01-17 13:07:34.38561,23,1000,510
2024-01-17 13:07:34.38580,23,1000,512
2024-01-17 13:07:34.38630,23,1000,512
2024-01-17 13:07:34.38639,23,1000,514
2024-01-17 13:07:34.38648,23,1000,516
2024-01-17 13:07:34.38657,23,1000,518
2024-01-17 13:07:34.38669,23,1000,518
2024-01-17 13:07:34.38686,23,1000,520
2024-01-17 13:07:34.38694,23,1000,520
2024-01-17 13:07:34.38701,23,1000,522
2024-01-17 13:07:34.38711,23,1000,524
2024-01-17 13:07:34.38718,23,1000,526
2024-01-17 13:07:34.38725,23,1000,528
2024-01-17 13:07:34.38733,23,1000,528
2024-01-17 13:07:34.38740,23,1000,530
2024-01-17 13:07:34.38746,23,1000,532
2024-01-17 13:07:34.38753,23,1000,532
2024-01-17 13:07:34.38760,23,1000,532
2024-01-17 13:07:34.38767,23,1000,534
2024-01-17 13:07:34.38775,23,1000,536
2024-01-17 13:07:34.38782,23,1000,536
2024-01-17 13:07:34.38790,23,1000,538
2024-01-17 13:07:34.38797,23,1000,540
2024-01-17 13:07:34.38805,23,1000,542
2024-01-17 13:07:34.38814,23,1000,544
2024-01-17 13:07:34.38822,23,1000,546
2024-01-17 13:07:34.38832,23,1000,548
2024-01-17 13:07:34.38839,23,1000,550
2024-01-17 13:07:34.38847,23,1000,552
2024-01-17 13:07:34.38857,23,1000,552
2024-01-17 13:07:34.38866,23,1000,554
2024-01-17 13:07:34.38875,23,1000,556
2024-01-17 13:07:34.38882,23,1000,558
2024-01-17 13:07:34.38889,23,1000,560
2024-01-17 13:07:34.38895,23,1000,562
2024-01-17 13:07:34.38902,23,1000,564
2024-01-17 13:07:34.38909,23,1000,566
2024-01-17 13:07:34.38916,23,1000,568
2024-01-17 13:07:34.38923,23,1000,568
2024-01-17 13:07:34.38931,23,1000,570
2024-01-17 13:07:34.38938,23,1000,572
2024-01-17 13:07:34.38946,23,1000,574
2024-01-17 13:07:34.38954,23,1000,576
2024-01-17 13:07:34.38963,23,1000,576
2024-01-17 13:07:34.38972,23,1000,578
2024-01-17 13:07:34.38980,23,1000,580
2024-01-17 13:07:34.38997,23,1000,582
2024-01-17 13:07:34.39008,23,1000,584
2024-01-17 13:07:34.39015,23,1000,586
2024-01-17 13:07:34.39022,23,1000,586
2024-01-17 13:07:34.39031,23,1000,588
2024-01-17 13:07:34.39043,23,1000,590
2024-01-17 13:07:34.39056,23,1000,592
2024-01-17 13:07:34.39065,23,1000,594
2024-01-17 13:07:34.39088,23,1000,596
2024-01-17 13:07:34.39095,23,1000,598
2024-01-17 13:07:34.39105,23,1000,600
2024-01-17 13:07:34.39115,23,1000,602
2024-01-17 13:07:34.39125,23,1000,604
2024-01-17 13:07:34.39134,23,1000,606
2024-01-17 13:07:34.39142,23,1000,608
2024-01-17 13:07:34.39152,23,1000,610
2024-01-17 13:07:34.39161,23,1000,612
2024-01-17 13:07:34.39171,23,1000,614
2024-01-17 13:07:34.39186,23,1000,616
2024-01-17 13:07:34.39195,23,1000,618
2024-01-17 13:07:34.39204,23,1000,620
2024-01-17 13:07:34.39213,23,1000,622
2024-01-17 13:07:34.39222,23,1000,624
2024-01-17 13:07:34.39231,23,1000,626
2024-01-17 13:07:34.39242,23,1000,626
2024-01-17 13:07:34.39251,23,1000,628
2024-01-17 13:07:34.39261,23,1000,628
2024-01-17 13:07:34.39270,23,1000,630
2024-01-17 13:07:34.39281,23,1000,630
2024-01-17 13:07:34.39292,23,1000,632
2024-01-17 13:07:34.39302,23,1000,634
2024-01-17 13:07:34.39313,23,1000,636
2024-01-17 13:07:34.39324,23,1000,638
2024-01-17 13:07:34.39334,23,1000,640
2024-01-17 13:07:34.39343,23,1000,642
2024-01-17 13:07:34.39357,23,1000,644
2024-01-17 13:07:34.39366,23,1000,646
2024-01-17 13:07:34.39377,23,1000,648
2024-01-17 13:07:34.39391,23,1000,650
2024-01-17 13:07:34.39630,23,1000,652
2024-01-17 13:07:34.39655,23,1000,654
2024-01-17 13:07:34.39665,23,1000,656
2024-01-17 13:07:34.39680,23,1000,658
2024-01-17 13:07:34.39692,23,1000,660
2024-01-17 13:07:34.39704,23,1000,662
2024-01-17 13:07:34.39714,23,1000,664
2024-01-17 13:07:34.39723,23,1000,666
2024-01-17 13:07:34.39733,23,1000,668
2024-01-17 13:07:34.39741,23,1000,670
2024-01-17 13:07:34.39749,23,1000,672
2024-01-17 13:07:34.39805,23,1000,674
2024-01-17 13:07:34.39815,23,1000,676
2024-01-17 13:07:34.39827,23,1000,678
2024-01-17 13:07:34.39837,23,1000,680
2024-01-17 13:07:34.39847,23,1000,682
2024-01-17 13:07:34.39861,23,1000,684
2024-01-17 13:07:34.39869,23,1000,686
2024-01-17 13:07:34.39879,23,1000,688
2024-01-17 13:07:34.39891,23,1000,690
2024-01-17 13:07:34.39902,23,1000,692
2024-01-17 13:07:34.39911,23,1000,694
2024-01-17 13:07:34.39919,23,1000,696
2024-01-17 13:07:34.39927,23,1000,698
2024-01-17 13:07:34.39935,23,1000,700
2024-01-17 13:07:34.39946,23,1000,702
2024-01-17 13:07:34.39953,23,1000,704
2024-01-17 13:07:34.39961,23,1000,704
2024-01-17 13:07:34.39971,23,1000,706
2024-01-17 13:07:34.39979,23,1000,708
2024-01-17 13:07:34.39989,23,1000,710
2024-01-17 13:07:34.39998,23,1000,712
2024-01-17 13:07:34.40007,23,1000,714
2024-01-17 13:07:34.40022,23,1000,716
2024-01-17 13:07:34.40031,23,1000,718
2024-01-17 13:07:34.40042,23,1000,720
2024-01-17 13:07:34.40051,23,1000,722
2024-01-17 13:07:34.40060,23,1000,724
2024-01-17 13:07:34.40069,23,1000,726
2024-01-17 13:07:34.40083,23,1000,728
2024-01-17 13:07:34.40092,23,1000,730
2024-01-17 13:07:34.40100,23,1000,732
2024-01-17 13:07:34.40114,23,1000,734
2024-01-17 13:07:34.40122,23,1000,736
2024-01-17 13:07:34.40131,23,1000,738
2024-01-17 13:07:34.40145,23,1000,740
2024-01-17 13:07:34.40159,23,1000,742
2024-01-17 13:07:34.40169,23,1000,744
2024-01-17 13:07:34.40177,23,1000,746
2024-01-17 13:07:34.40199,23,1000,748
2024-01-17 13:07:34.40210,23,1000,750
2024-01-17 13:07:34.40226,23,1000,752
2024-01-17 13:07:34.40236,23,1000,754
2024-01-17 13:07:34.40246,23,1000,756
2024-01-17 13:07:34.40261,23,1000,758
2024-01-17 13:07:34.40275,23,1000,760
2024-01-17 13:07:34.40289,23,1000,762
2024-01-17 13:07:34.40298,23,1000,764
2024-01-17 13:07:34.40306,23,1000,766
2024-01-17 13:07:34.40313,23,1000,768
2024-01-17 13:07:34.40321,23,1000,770
2024-01-17 13:07:34.40329,23,1000,772
2024-01-17 13:07:34.40336,23,1000,772
2024-01-17 13:07:34.40344,23,1000,774
2024-01-17 13:07:34.40352,23,1000,776
2024-01-17 13:07:34.40358,23,1000,776
2024-01-17 13:07:34.40368,23,1000,778
2024-01-17 13:07:34.40375,23,1000,780
2024-01-17 13:07:34.40381,23,1000,782
2024-01-17 13:07:34.40389,23,1000,784
2024-01-17 13:07:34.40395,23,1000,786
2024-01-17 13:07:34.40404,23,1000,788
2024-01-17 13:07:34.40411,23,1000,790
2024-01-17 13:07:34.40418,23,1000,792
2024-01-17 13:07:34.40426,23,1000,794
2024-01-17 13:07:34.40432,23,1000,796
2024-01-17 13:07:34.40442,23,1000,798
2024-01-17 13:07:34.40449,23,1000,800
2024-01-17 13:07:34.40458,23,1000,802
2024-01-17 13:07:34.40466,23,1000,804
2024-01-17 13:07:34.40478,23,1000,806
2024-01-17 13:07:34.40514,23,1000,808
2024-01-17 13:07:34.41745,23,1000,810
2024-01-17 13:07:34.42403,23,1000,812
2024-01-17 13:07:34.42492,23,1000,814
2024-01-17 13:07:34.42500,23,1000,816
2024-01-17 13:07:34.42507,23,1000,818
2024-01-17 13:07:34.42517,23,1000,818
2024-01-17 13:07:34.42525,23,1000,820
2024-01-17 13:07:34.42533,23,1000,822
2024-01-17 13:07:34.42543,23,1000,824
2024-01-17 13:07:34.42552,23,1000,826
2024-01-17 13:07:34.42560,23,1000,828
2024-01-17 13:07:34.42569,23,1000,830
2024-01-17 13:07:34.42577,23,1000,832
2024-01-17 13:07:34.42585,23,1000,834
2024-01-17 13:07:34.42595,23,1000,836
2024-01-17 13:07:34.42605,23,1000,838
2024-01-17 13:07:34.42612,23,1000,840
2024-01-17 13:07:34.42622,23,1000,842
2024-01-17 13:07:34.42630,23,1000,844
2024-01-17 13:07:34.42637,23,1000,846
2024-01-17 13:07:34.42644,23,1000,848
2024-01-17 13:07:34.42652,23,1000,850
2024-01-17 13:07:34.42659,23,1000,852
2024-01-17 13:07:34.42666,23,1000,854
2024-01-17 13:07:34.42673,23,1000,856
2024-01-17 13:07:34.42680,23,1000,858
2024-01-17 13:07:34.42687,23,1000,860
2024-01-17 13:07:34.42696,23,1000,862
2024-01-17 13:07:34.42705,23,1000,862
2024-01-17 13:07:34.42714,23,1000,864
2024-01-17 13:07:34.42721,23,1000,866
2024-01-17 13:07:34.42739,23,1000,868
2024-01-17 13:07:34.42755,23,1000,868
2024-01-17 13:07:34.42767,23,1000,870
2024-01-17 13:07:34.42790,23,1000,872
2024-01-17 13:07:34.42814,23,1000,874
2024-01-17 13:07:34.42822,23,1000,876
2024-01-17 13:07:34.42921,23,1000,878
2024-01-17 13:07:34.43014,23,1000,878
2024-01-17 13:07:34.43236,23,1000,880
2024-01-17 13:07:34.43246,23,1000,882
2024-01-17 13:07:34.43254,23,1000,884
2024-01-17 13:07:34.43264,23,1000,886
2024-01-17 13:07:34.43273,23,1000,886
2024-01-17 13:07:34.43281,23,1000,888
2024-01-17 13:07:34.43288,23,1000,890
2024-01-17 13:07:34.43297,23,1000,892
2024-01-17 13:07:34.43303,23,1000,892
2024-01-17 13:07:34.43311,23,1000,894
2024-01-17 13:07:34.43347,23,1000,896
2024-01-17 13:07:34.43360,23,1000,898
2024-01-17 13:07:34.43392,23,1000,898
2024-01-17 13:07:34.43403,23,1000,900
2024-01-17 13:07:34.43412,23,1000,900
2024-01-17 13:07:34.43421,23,1000,902
2024-01-17 13:07:34.43430,23,1000,904
2024-01-17 13:07:34.43441,23,1000,906
2024-01-17 13:07:34.43450,23,1000,908
2024-01-17 13:07:34.43459,23,1000,908
2024-01-17 13:07:34.43477,23,1000,910
2024-01-17 13:07:34.43488,23,1000,912
2024-01-17 13:07:34.43501,23,1000,914
2024-01-17 13:07:34.43514,23,1000,916
2024-01-17 13:07:34.43523,23,1000,918
2024-01-17 13:07:34.43530,23,1000,920
2024-01-17 13:07:34.43537,23,1000,922
2024-01-17 13:07:34.43544,23,1000,922
2024-01-17 13:07:34.43551,23,1000,924
2024-01-17 13:07:34.43558,23,1000,926
2024-01-17 13:07:34.43565,23,1000,928
2024-01-17 13:07:34.43571,23,1000,930
2024-01-17 13:07:34.43578,23,1000,932
2024-01-17 13:07:34.43586,23,1000,934
2024-01-17 13:07:34.43592,23,1000,936
2024-01-17 13:07:34.43599,23,1000,936
2024-01-17 13:07:34.43606,23,1000,938
2024-01-17 13:07:34.43613,23,1000,940
2024-01-17 13:07:34.43620,23,1000,942
2024-01-17 13:07:34.43627,23,1000,944
2024-01-17 13:07:34.43635,23,1000,946
2024-01-17 13:07:34.43646,23,1000,946
2024-01-17 13:07:34.43683,23,1000,948
2024-01-17 13:07:34.43697,23,1000,950
2024-01-17 13:07:34.43708,23,1000,952
2024-01-17 13:07:34.43730,23,1000,954
2024-01-17 13:07:34.43739,23,1000,956
2024-01-17 13:07:34.43748,23,1000,956
2024-01-17 13:07:34.53868,23,1000,956
2024-01-17 13:07:34.54080,23,1000,958
2024-01-17 13:07:34.54096,23,1000,960
2024-01-17 13:07:34.54103,23,1000,960
2024-01-17 13:07:34.54112,23,1000,962
2024-01-17 13:07:34.55756,23,1000,964
2024-01-17 13:07:34.55931,23,1000,966
2024-01-17 13:07:34.58172,23,1000,968
2024-01-17 13:07:34.58301,23,1000,970
2024-01-17 13:07:34.58309,23,1000,972
2024-01-17 13:07:34.58320,23,1000,972
2024-01-17 13:07:34.58328,23,1000,974
2024-01-17 13:07:34.58337,23,1000,976
2024-01-17 13:07:34.58345,23,1000,978
2024-01-17 13:07:34.58357,23,1000,980
2024-01-17 13:07:34.58366,23,1000,982
2024-01-17 13:07:34.58375,23,1000,984
2024-01-17 13:07:34.58389,23,1000,986
2024-01-17 13:07:34.58413,23,1000,986
2024-01-17 13:07:34.58422,23,1000,986
2024-01-17 13:07:34.58430,23,1000,988
2024-01-17 13:07:34.58438,23,1000,990
2024-01-17 13:07:34.58446,23,1000,992
2024-01-17 13:07:34.58456,23,1000,994
2024-01-17 13:07:34.58467,23,1000,994
2024-01-17 13:07:34.58475,23,1000,996
2024-01-17 13:07:34.58482,23,1000,998
2024-01-17 13:07:34.58493,23,1000,1000
2024-01-17 13:07:34.58502,23,1000,1002
2024-01-17 13:07:34.58511,23,1000,1004
2024-01-17 13:07:34.58520,23,1000,1006
2024-01-17 13:07:34.58530,23,1000,1008
2024-01-17 13:07:34.58550,23,1000,1010
2024-01-17 13:07:34.58570,23,1000,1012
2024-01-17 13:07:34.58578,23,1000,1014
2024-01-17 13:07:34.58585,23,1000,1014
2024-01-17 13:07:34.58591,23,1000,1016
2024-01-17 13:07:34.58598,23,1000,1018
2024-01-17 13:07:34.58607,23,1000,1018
2024-01-17 13:07:34.58624,23,1000,1018
2024-01-17 13:07:34.58634,23,1000,1020
2024-01-17 13:07:34.59014,23,1000,1022
2024-01-17 13:07:34.59022,23,1000,1024
2024-01-17 13:07:34.59029,23,1000,1026
2024-01-17 13:07:34.59038,23,1000,1028
2024-01-17 13:07:34.59048,23,1000,1028
2024-01-17 13:07:34.59056,23,1000,1030
2024-01-17 13:07:34.59065,23,1000,1030
2024-01-17 13:07:34.59073,23,1000,1032
2024-01-17 13:07:34.60409,23,1000,1034
2024-01-17 13:07:34.60464,23,1000,1036
2024-01-17 13:07:34.60478,23,1000,1038
2024-01-17 13:07:34.60487,23,1000,1040
2024-01-17 13:07:34.60498,23,1000,1042
2024-01-17 13:07:34.60508,23,1000,1044
2024-01-17 13:07:34.60516,23,1000,1046
2024-01-17 13:07:34.60525,23,1000,1046
2024-01-17 13:07:34.60533,23,1000,1048
2024-01-17 13:07:34.60541,23,1000,1048
2024-01-17 13:07:34.60551,23,1000,1050
2024-01-17 13:07:34.60560,23,1000,1052
2024-01-17 13:07:34.60569,23,1000,1054
2024-01-17 13:07:34.60577,23,1000,1054
2024-01-17 13:07:34.60585,23,1000,1054
2024-01-17 13:07:34.60597,23,1000,1054
2024-01-17 13:07:34.60606,23,1000,1054
2024-01-17 13:07:34.60615,23,1000,1054
2024-01-17 13:07:34.60623,23,1000,1056
2024-01-17 13:07:34.60631,23,1000,1056
2024-01-17 13:07:34.60640,23,1000,1056
2024-01-17 13:07:34.60649,23,1000,1056
2024-01-17 13:07:34.60678,23,1000,1058
2024-01-17 13:07:34.60690,23,1000,1058
2024-01-17 13:07:34.60700,23,1000,1060
2024-01-17 13:07:34.60712,23,1000,1062
2024-01-17 13:07:34.60727,23,1000,1064
2024-01-17 13:07:34.60736,23,1000,1066
2024-01-17 13:07:34.60746,23,1000,1068
2024-01-17 13:07:34.60758,23,1000,1070
2024-01-17 13:07:34.60770,23,1000,1072
2024-01-17 13:07:34.60781,23,1000,1074
2024-01-17 13:07:34.60795,23,1000,1076
2024-01-17 13:07:34.60806,23,1000,1078
2024-01-17 13:07:34.60818,23,1000,1080
2024-01-17 13:07:34.60829,23,1000,1082
2024-01-17 13:07:34.60840,23,1000,1082
2024-01-17 13:07:34.60851,23,1000,1084
2024-01-17 13:07:35.45894,24,1000,0
2024-01-17 13:07:35.45916,24,1000,0
2024-01-17 13:07:35.45924,24,1000,0
2024-01-17 13:07:35.45932,24,1000,0
2024-01-17 13:07:35.45940,24,1000,0
2024-01-17 13:07:35.45949,24,1000,0
2024-01-17 13:07:35.45956,24,1000,0
2024-01-17 13:07:35.45964,24,1000,0
2024-01-17 13:07:35.45971,24,1000,0
2024-01-17 13:07:35.45979,24,1000,0
2024-01-17 13:07:35.45989,24,1000,0
2024-01-17 13:07:35.45997,24,1000,0
2024-01-17 13:07:35.46005,24,1000,0
2024-01-17 13:07:35.46013,24,1000,0
2024-01-17 13:07:35.46023,24,1000,0
2024-01-17 13:07:35.46031,24,1000,0
2024-01-17 13:07:35.46038,24,1000,0
2024-01-17 13:07:35.46045,24,1000,0
2024-01-17 13:07:35.46053,24,1000,0
2024-01-17 13:07:35.46060,24,1000,0
2024-01-17 13:07:35.46072,24,1000,0
2024-01-17 13:07:35.46089,24,1000,0
2024-01-17 13:07:35.46101,24,1000,0
2024-01-17 13:07:35.46114,24,1000,0
2024-01-17 13:07:35.46123,24,1000,0
2024-01-17 13:07:35.46131,24,1000,0
2024-01-17 13:07:35.46140,24,1000,0
2024-01-17 13:07:35.46151,24,1000,0
2024-01-17 13:07:35.46162,24,1000,0
2024-01-17 13:07:35.46170,24,1000,0
2024-01-17 13:07:35.46179,24,1000,0
2024-01-17 13:07:35.46193,24,1000,0
2024-01-17 13:07:35.46202,24,1000,0
2024-01-17 13:07:35.46214,24,1000,0
2024-01-17 13:07:35.46222,24,1000,0
2024-01-17 13:07:35.46233,24,1000,0
2024-01-17 13:07:35.46241,24,1000,0
2024-01-17 13:07:35.46253,24,1000,0
2024-01-17 13:07:35.46262,24,1000,0
2024-01-17 13:07:35.46270,24,1000,0
2024-01-17 13:07:35.46290,24,1000,0
2024-01-17 13:07:35.46306,24,1000,0
2024-01-17 13:07:35.46322,24,1000,0
2024-01-17 13:07:35.46335,24,1000,0
2024-01-17 13:07:35.46350,24,1000,0
2024-01-17 13:07:35.46380,24,1000,0
2024-01-17 13:07:35.46413,24,1000,0
2024-01-17 13:07:35.46431,24,1000,0
2024-01-17 13:07:35.46443,24,1000,0
2024-01-17 13:07:35.46467,24,1000,0
2024-01-17 13:07:35.46479,24,1000,0
2024-01-17 13:07:35.46493,24,1000,0
2024-01-17 13:07:35.46506,24,1000,0
2024-01-17 13:07:35.46521,24,1000,0
2024-01-17 13:07:35.46533,24,1000,0
2024-01-17 13:07:35.46544,24,1000,0
2024-01-17 13:07:35.46552,24,1000,0
2024-01-17 13:07:35.46561,24,1000,0
2024-01-17 13:07:35.46576,24,1000,0
2024-01-17 13:07:35.46586,24,1000,0
2024-01-17 13:07:35.46597,24,1000,0
2024-01-17 13:07:35.46606,24,1000,0
2024-01-17 13:07:35.46613,24,1000,0
2024-01-17 13:07:35.46621,24,1000,0
2024-01-17 13:07:35.46628,24,1000,0
2024-01-17 13:07:35.46637,24,1000,0
2024-01-17 13:07:35.46645,24,1000,0
2024-01-17 13:07:35.46681,24,1000,0
2024-01-17 13:07:35.46696,24,1000,0
2024-01-17 13:07:35.46712,24,1000,0
2024-01-17 13:07:35.46722,24,1000,0
2024-01-17 13:07:35.46730,24,1000,0
2024-01-17 13:07:35.46738,24,1000,0
2024-01-17 13:07:35.46747,24,1000,0
2024-01-17 13:07:35.46755,24,1000,0
2024-01-17 13:07:35.46764,24,1000,0
2024-01-17 13:07:35.46773,24,1000,0
2024-01-17 13:07:35.46782,24,1000,0
2024-01-17 13:07:35.46791,24,1000,0
2024-01-17 13:07:35.46801,24,1000,0
2024-01-17 13:07:35.46808,24,1000,0
2024-01-17 13:07:35.46815,24,1000,0
2024-01-17 13:07:35.46832,24,1000,0
2024-01-17 13:07:35.46847,24,1000,0
2024-01-17 13:07:35.46862,24,1000,0
2024-01-17 13:07:35.46873,24,1000,0
2024-01-17 13:07:35.46886,24,1000,0
2024-01-17 13:07:35.46899,24,1000,0
2024-01-17 13:07:35.46911,24,1000,0
2024-01-17 13:07:35.46922,24,1000,0
2024-01-17 13:07:35.46937,24,1000,0
2024-01-17 13:07:35.46949,24,1000,0
2024-01-17 13:07:35.46964,24,1000,0
2024-01-17 13:07:35.46972,24,1000,0
2024-01-17 13:07:35.46979,24,1000,0
2024-01-17 13:07:35.46989,24,1000,0
2024-01-17 13:07:35.46998,24,1000,0
2024-01-17 13:07:35.47008,24,1000,0
2024-01-17 13:07:35.47018,24,1000,0
2024-01-17 13:07:35.47027,24,1000,0
2024-01-17 13:07:35.47035,24,1000,0
2024-01-17 13:07:35.47050,24,1000,0
2024-01-17 13:07:35.47060,24,1000,0
2024-01-17 13:07:35.47069,24,1000,0
2024-01-17 13:07:35.47089,24,1000,0
2024-01-17 13:07:35.47098,24,1000,0
2024-01-17 13:07:35.47108,24,1000,0
2024-01-17 13:07:35.47117,24,1000,0
2024-01-17 13:07:35.47126,24,1000,0
2024-01-17 13:07:35.47135,24,1000,0
2024-01-17 13:07:35.47145,24,1000,0
2024-01-17 13:07:35.47154,24,1000,0
2024-01-17 13:07:35.47162,24,1000,0
2024-01-17 13:07:35.47170,24,1000,0
2024-01-17 13:07:35.47182,24,1000,0
2024-01-17 13:07:35.47189,24,1000,0
2024-01-17 13:07:35.47198,24,1000,0
2024-01-17 13:07:35.47206,24,1000,0
2024-01-17 13:07:35.47214,24,1000,0
2024-01-17 13:07:35.47253,24,1000,0
2024-01-17 13:07:35.47262,24,1000,0
2024-01-17 13:07:35.47270,24,1000,0
2024-01-17 13:07:35.47279,24,1000,0
2024-01-17 13:07:35.47288,24,1000,0
2024-01-17 13:07:35.47295,24,1000,0
2024-01-17 13:07:35.47306,24,1000,0
2024-01-17 13:07:35.47316,24,1000,0
2024-01-17 13:07:35.47324,24,1000,0
2024-01-17 13:07:35.47333,24,1000,0
2024-01-17 13:07:35.47341,24,1000,0
2024-01-17 13:07:35.47350,24,1000,0
2024-01-17 13:07:35.47357,24,1000,0
2024-01-17 13:07:35.47371,24,1000,0
2024-01-17 13:07:35.47379,24,1000,0
2024-01-17 13:07:35.47389,24,1000,0
2024-01-17 13:07:35.47398,24,1000,0
2024-01-17 13:07:35.47406,24,1000,0
2024-01-17 13:07:35.47419,24,1000,0
2024-01-17 13:07:35.47430,24,1000,0
2024-01-17 13:07:35.47441,24,1000,0
2024-01-17 13:07:35.47450,24,1000,0
2024-01-17 13:07:35.47459,24,1000,0
2024-01-17 13:07:35.47472,24,1000,0
2024-01-17 13:07:35.47484,24,1000,0
2024-01-17 13:07:35.47492,24,1000,0
2024-01-17 13:07:35.47502,24,1000,0
2024-01-17 13:07:35.47517,24,1000,0
2024-01-17 13:07:35.47526,24,1000,0
2024-01-17 13:07:35.47536,24,1000,0
2024-01-17 13:07:35.47546,24,1000,0
2024-01-17 13:07:35.47556,24,1000,0
2024-01-17 13:07:35.47576,24,1000,0
2024-01-17 13:07:35.47592,24,1000,0
2024-01-17 13:07:35.47604,24,1000,0
2024-01-17 13:07:35.47615,24,1000,0
2024-01-17 13:07:35.47638,24,1000,0
2024-01-17 13:07:35.47655,24,1000,0
2024-01-17 13:07:35.47667,24,1000,0
2024-01-17 13:07:35.47684,24,1000,0
2024-01-17 13:07:35.47697,24,1000,0
2024-01-17 13:07:35.47710,24,1000,0
2024-01-17 13:07:35.47727,24,1000,0
2024-01-17 13:07:35.47739,24,1000,0
2024-01-17 13:07:35.47751,24,1000,0
2024-01-17 13:07:35.47761,24,1000,0
2024-01-17 13:07:35.47772,24,1000,0
2024-01-17 13:07:35.47783,24,1000,0
2024-01-17 13:07:35.47794,24,1000,0
2024-01-17 13:07:35.47804,24,1000,0
2024-01-17 13:07:35.47815,24,1000,0
2024-01-17 13:07:35.47828,24,1000,0
2024-01-17 13:07:35.47837,24,1000,0
2024-01-17 13:07:35.47844,24,1000,0
2024-01-17 13:07:35.47853,24,1000,0
2024-01-17 13:07:35.47862,24,1000,0
2024-01-17 13:07:35.47870,24,1000,0
2024-01-17 13:07:35.47880,24,1000,0
2024-01-17 13:07:35.47888,24,1000,0
2024-01-17 13:07:35.47896,24,1000,0
2024-01-17 13:07:35.47907,24,1000,0
2024-01-17 13:07:35.47917,24,1000,0
2024-01-17 13:07:35.47927,24,1000,0
2024-01-17 13:07:35.47936,24,1000,0
2024-01-17 13:07:35.47943,24,1000,0
2024-01-17 13:07:35.47949,24,1000,0
2024-01-17 13:07:35.47956,24,1000,0
2024-01-17 13:07:35.47965,24,1000,0
2024-01-17 13:07:35.47974,24,1000,0
2024-01-17 13:07:35.48001,24,1000,0
2024-01-17 13:07:35.48015,24,1000,0
2024-01-17 13:07:35.48027,24,1000,0
2024-01-17 13:07:35.48035,24,1000,0
2024-01-17 13:07:35.48046,24,1000,0
2024-01-17 13:07:35.48054,24,1000,0
2024-01-17 13:07:35.48063,24,1000,0
2024-01-17 13:07:35.48072,24,1000,0
2024-01-17 13:07:35.48080,24,1000,0
2024-01-17 13:07:35.48089,24,1000,0
2024-01-17 13:07:35.48104,24,1000,0
2024-01-17 13:07:35.48115,24,1000,0
2024-01-17 13:07:35.48123,24,1000,0
2024-01-17 13:07:35.48132,24,1000,0
2024-01-17 13:07:35.48145,24,1000,0
2024-01-17 13:07:35.48153,24,1000,0
2024-01-17 13:07:35.48164,24,1000,0
2024-01-17 13:07:35.48177,24,1000,0
2024-01-17 13:07:35.48186,24,1000,0
2024-01-17 13:07:35.48195,24,1000,0
2024-01-17 13:07:35.48204,24,1000,0
2024-01-17 13:07:35.48214,24,1000,0
2024-01-17 13:07:35.48224,24,1000,0
2024-01-17 13:07:35.48232,24,1000,0
2024-01-17 13:07:35.48241,24,1000,0
2024-01-17 13:07:35.48249,24,1000,0
2024-01-17 13:07:35.48257,24,1000,0
2024-01-17 13:07:35.48267,24,1000,0
2024-01-17 13:07:35.48275,24,1000,0
2024-01-17 13:07:35.48283,24,1000,0
2024-01-17 13:07:35.48294,24,1000,0
2024-01-17 13:07:35.48301,24,1000,0
2024-01-17 13:07:35.48309,24,1000,0
2024-01-17 13:07:35.48318,24,1000,0
2024-01-17 13:07:35.48326,24,1000,0
2024-01-17 13:07:35.48334,24,1000,0
2024-01-17 13:07:35.48345,24,1000,0
2024-01-17 13:07:35.48353,24,1000,0
2024-01-17 13:07:35.48362,24,1000,0
2024-01-17 13:07:35.48371,24,1000,0
2024-01-17 13:07:35.48380,24,1000,0
2024-01-17 13:07:35.48388,24,1000,0
2024-01-17 13:07:35.48399,24,1000,0
2024-01-17 13:07:35.48408,24,1000,0
2024-01-17 13:07:35.48420,24,1000,0
2024-01-17 13:07:35.48429,24,1000,0
2024-01-17 13:07:35.48439,24,1000,0
2024-01-17 13:07:35.48446,24,1000,0
2024-01-17 13:07:35.48454,24,1000,0
2024-01-17 13:07:35.48463,24,1000,0
2024-01-17 13:07:35.48472,24,1000,0
2024-01-17 13:07:35.48483,24,1000,0
2024-01-17 13:07:35.48490,24,1000,0
2024-01-17 13:07:35.48498,24,1000,0
2024-01-17 13:07:35.48508,24,1000,0
2024-01-17 13:07:35.48519,24,1000,0
2024-01-17 13:07:35.48528,24,1000,0
2024-01-17 13:07:35.48536,24,1000,0
2024-01-17 13:07:35.48545,24,1000,0
2024-01-17 13:07:35.48552,24,1000,0
2024-01-17 13:07:35.48560,24,1000,0
2024-01-17 13:07:35.48569,24,1000,0
2024-01-17 13:07:35.48577,24,1000,0
2024-01-17 13:07:35.48588,24,1000,0
2024-01-17 13:07:35.48596,24,1000,2
2024-01-17 13:07:35.48604,24,1000,2
2024-01-17 13:07:35.48617,24,1000,2
2024-01-17 13:07:35.48630,24,1000,4
2024-01-17 13:07:35.48639,24,1000,6
2024-01-17 13:07:35.48649,24,1000,8
2024-01-17 13:07:35.48656,24,1000,10
2024-01-17 13:07:35.48664,24,1000,12
2024-01-17 13:07:35.48672,24,1000,14
2024-01-17 13:07:35.48681,24,1000,16
2024-01-17 13:07:35.48689,24,1000,18
2024-01-17 13:07:35.48698,24,1000,20
2024-01-17 13:07:35.48705,24,1000,20
2024-01-17 13:07:35.48712,24,1000,20
2024-01-17 13:07:35.48719,24,1000,20
2024-01-17 13:07:35.48725,24,1000,20
2024-01-17 13:07:35.48732,24,1000,20
2024-01-17 13:07:35.48739,24,1000,20
2024-01-17 13:07:35.48745,24,1000,20
2024-01-17 13:07:35.48753,24,1000,22
2024-01-17 13:07:35.48761,24,1000,22
2024-01-17 13:07:35.48768,24,1000,24
2024-01-17 13:07:35.48774,24,1000,24
2024-01-17 13:07:35.48781,24,1000,26
2024-01-17 13:07:35.48788,24,1000,26
2024-01-17 13:07:35.48795,24,1000,26
2024-01-17 13:07:35.48803,24,1000,28
2024-01-17 13:07:35.48809,24,1000,28
2024-01-17 13:07:35.48816,24,1000,30
2024-01-17 13:07:35.48832,24,1000,32
2024-01-17 13:07:35.48847,24,1000,32
2024-01-17 13:07:35.48868,24,1000,34
2024-01-17 13:07:35.48887,24,1000,36
2024-01-17 13:07:35.48901,24,1000,36
2024-01-17 13:07:35.48916,24,1000,38
2024-01-17 13:07:35.48933,24,1000,38
2024-01-17 13:07:35.48945,24,1000,40
2024-01-17 13:07:35.48957,24,1000,42
2024-01-17 13:07:35.48968,24,1000,42
2024-01-17 13:07:35.48981,24,1000,42
2024-01-17 13:07:35.48993,24,1000,42
2024-01-17 13:07:35.49008,24,1000,44
2024-01-17 13:07:35.49023,24,1000,44
2024-01-17 13:07:35.49037,24,1000,46
2024-01-17 13:07:35.49043,24,1000,48
2024-01-17 13:07:35.49050,24,1000,50
2024-01-17 13:07:35.49061,24,1000,50
2024-01-17 13:07:35.49069,24,1000,50
2024-01-17 13:07:35.49078,24,1000,52
2024-01-17 13:07:35.49084,24,1000,54
2024-01-17 13:07:35.49092,24,1000,56
2024-01-17 13:07:35.49101,24,1000,58
2024-01-17 13:07:35.49120,24,1000,58
2024-01-17 13:07:35.49131,24,1000,60
2024-01-17 13:07:35.49142,24,1000,60
2024-01-17 13:07:35.49152,24,1000,60
2024-01-17 13:07:35.49164,24,1000,62
2024-01-17 13:07:35.49175,24,1000,64
2024-01-17 13:07:35.49186,24,1000,64
2024-01-17 13:07:35.49195,24,1000,66
2024-01-17 13:07:35.49203,24,1000,66
2024-01-17 13:07:35.49214,24,1000,66
2024-01-17 13:07:35.49228,24,1000,68
2024-01-17 13:07:35.49239,24,1000,68
2024-01-17 13:07:35.49250,24,1000,70
2024-01-17 13:07:35.49263,24,1000,70
2024-01-17 13:07:35.49276,24,1000,72
2024-01-17 13:07:35.49283,24,1000,72
2024-01-17 13:07:35.49292,24,1000,74
2024-01-17 13:07:35.49300,24,1000,74
2024-01-17 13:07:35.49309,24,1000,74
2024-01-17 13:07:35.49317,24,1000,74
2024-01-17 13:07:35.49325,24,1000,74
2024-01-17 13:07:35.49333,24,1000,74
2024-01-17 13:07:35.49344,24,1000,76
2024-01-17 13:07:35.49354,24,1000,78
2024-01-17 13:07:35.49367,24,1000,80
2024-01-17 13:07:35.49384,24,1000,82
2024-01-17 13:07:35.49399,24,1000,82
2024-01-17 13:07:35.49412,24,1000,84
2024-01-17 13:07:35.49422,24,1000,86
2024-01-17 13:07:35.49434,24,1000,88
2024-01-17 13:07:35.49442,24,1000,90
2024-01-17 13:07:35.49449,24,1000,90
2024-01-17 13:07:35.49455,24,1000,92
2024-01-17 13:07:35.49461,24,1000,94
2024-01-17 13:07:35.49468,24,1000,94
2024-01-17 13:07:35.49475,24,1000,96
2024-01-17 13:07:35.49487,24,1000,96
2024-01-17 13:07:35.49495,24,1000,96
2024-01-17 13:07:35.49502,24,1000,98
2024-01-17 13:07:35.49510,24,1000,100
2024-01-17 13:07:35.49516,24,1000,100
2024-01-17 13:07:35.49524,24,1000,102
2024-01-17 13:07:35.49538,24,1000,102
2024-01-17 13:07:35.49549,24,1000,104
2024-01-17 13:07:35.49558,24,1000,106
2024-01-17 13:07:35.49568,24,1000,108
2024-01-17 13:07:35.49577,24,1000,110
2024-01-17 13:07:35.49588,24,1000,110
2024-01-17 13:07:35.49599,24,1000,112
2024-01-17 13:07:35.49609,24,1000,112
2024-01-17 13:07:35.49620,24,1000,114
2024-01-17 13:07:35.49632,24,1000,114
2024-01-17 13:07:35.49642,24,1000,114
2024-01-17 13:07:35.49656,24,1000,114
2024-01-17 13:07:35.49664,24,1000,114
2024-01-17 13:07:35.49670,24,1000,114
2024-01-17 13:07:35.49677,24,1000,114
2024-01-17 13:07:35.49683,24,1000,114
2024-01-17 13:07:35.49690,24,1000,114
2024-01-17 13:07:35.49696,24,1000,116
2024-01-17 13:07:35.49702,24,1000,116
2024-01-17 13:07:35.49710,24,1000,116
2024-01-17 13:07:35.49718,24,1000,116
2024-01-17 13:07:35.49724,24,1000,116
2024-01-17 13:07:35.49738,24,1000,116
2024-01-17 13:07:35.49744,24,1000,118
2024-01-17 13:07:35.49753,24,1000,118
2024-01-17 13:07:35.49761,24,1000,120
2024-01-17 13:07:35.49768,24,1000,120
2024-01-17 13:07:35.49775,24,1000,122
2024-01-17 13:07:35.49782,24,1000,124
2024-01-17 13:07:35.49790,24,1000,124
2024-01-17 13:07:35.49796,24,1000,126
2024-01-17 13:07:35.49812,24,1000,128
2024-01-17 13:07:35.49823,24,1000,130
2024-01-17 13:07:35.49834,24,1000,132
2024-01-17 13:07:35.49846,24,1000,134
2024-01-17 13:07:35.49856,24,1000,136
2024-01-17 13:07:35.49868,24,1000,138
2024-01-17 13:07:35.49880,24,1000,138
2024-01-17 13:07:35.49894,24,1000,138
2024-01-17 13:07:35.49904,24,1000,138
2024-01-17 13:07:35.49915,24,1000,140
2024-01-17 13:07:35.49925,24,1000,142
2024-01-17 13:07:35.49935,24,1000,142
2024-01-17 13:07:35.49944,24,1000,142
2024-01-17 13:07:35.49952,24,1000,144
2024-01-17 13:07:35.49960,24,1000,144
2024-01-17 13:07:35.49968,24,1000,144
2024-01-17 13:07:35.49976,24,1000,144
2024-01-17 13:07:35.49984,24,1000,144
2024-01-17 13:07:35.51132,24,1000,144
2024-01-17 13:07:35.51139,24,1000,144
2024-01-17 13:07:35.51146,24,1000,146
2024-01-17 13:07:35.51153,24,1000,148
2024-01-17 13:07:35.51160,24,1000,150
2024-01-17 13:07:35.51166,24,1000,152
2024-01-17 13:07:35.51173,24,1000,152
2024-01-17 13:07:35.51181,24,1000,152
2024-01-17 13:07:35.51188,24,1000,152
2024-01-17 13:07:35.51196,24,1000,154
2024-01-17 13:07:35.51202,24,1000,156
2024-01-17 13:07:35.51211,24,1000,156
2024-01-17 13:07:35.51217,24,1000,156
2024-01-17 13:07:35.51224,24,1000,158
2024-01-17 13:07:35.51230,24,1000,158
2024-01-17 13:07:35.51236,24,1000,160
2024-01-17 13:07:35.51243,24,1000,160
2024-01-17 13:07:35.53714,24,1000,160
2024-01-17 13:07:35.53725,24,1000,162
2024-01-17 13:07:35.53917,24,1000,162
2024-01-17 13:07:35.53927,24,1000,162
2024-01-17 13:07:35.53936,24,1000,164
2024-01-17 13:07:35.53955,24,1000,166
2024-01-17 13:07:35.53972,24,1000,166
2024-01-17 13:07:35.53984,24,1000,168
2024-01-17 13:07:35.54005,24,1000,170
2024-01-17 13:07:35.54021,24,1000,170
2024-01-17 13:07:35.54039,24,1000,172
2024-01-17 13:07:35.54095,24,1000,172
2024-01-17 13:07:35.54109,24,1000,174
2024-01-17 13:07:35.54131,24,1000,176
2024-01-17 13:07:35.54144,24,1000,176
2024-01-17 13:07:35.54158,24,1000,176
2024-01-17 13:07:35.54170,24,1000,178
2024-01-17 13:07:35.54201,24,1000,180
2024-01-17 13:07:35.54215,24,1000,180
2024-01-17 13:07:35.54228,24,1000,180
2024-01-17 13:07:35.54241,24,1000,180
2024-01-17 13:07:35.54252,24,1000,180
2024-01-17 13:07:35.54261,24,1000,180
2024-01-17 13:07:35.54275,24,1000,180
2024-01-17 13:07:35.54293,24,1000,180
2024-01-17 13:07:35.54313,24,1000,180
2024-01-17 13:07:35.54326,24,1000,182
2024-01-17 13:07:35.54337,24,1000,184
2024-01-17 13:07:35.54351,24,1000,186
2024-01-17 13:07:35.54364,24,1000,186
2024-01-17 13:07:35.54380,24,1000,188
2024-01-17 13:07:35.54396,24,1000,190
2024-01-17 13:07:35.54415,24,1000,192
2024-01-17 13:07:35.54432,24,1000,192
2024-01-17 13:07:35.54448,24,1000,194
2024-01-17 13:07:35.54458,24,1000,194
2024-01-17 13:07:35.54469,24,1000,196
2024-01-17 13:07:35.54481,24,1000,196
2024-01-17 13:07:35.54491,24,1000,198
2024-01-17 13:07:35.54499,24,1000,200
2024-01-17 13:07:35.54513,24,1000,200
2024-01-17 13:07:35.54525,24,1000,202
2024-01-17 13:07:35.54539,24,1000,202
2024-01-17 13:07:35.54553,24,1000,204
2024-01-17 13:07:35.54566,24,1000,206
2024-01-17 13:07:35.54581,24,1000,206
2024-01-17 13:07:35.54595,24,1000,206
2024-01-17 13:07:35.54619,24,1000,206
2024-01-17 13:07:35.54633,24,1000,206
2024-01-17 13:07:35.54655,24,1000,206
2024-01-17 13:07:35.54678,24,1000,206
2024-01-17 13:07:35.54693,24,1000,206
2024-01-17 13:07:35.54713,24,1000,206
2024-01-17 13:07:35.54721,24,1000,208
2024-01-17 13:07:35.54729,24,1000,208
2024-01-17 13:07:35.54738,24,1000,208
2024-01-17 13:07:35.54746,24,1000,210
2024-01-17 13:07:35.54754,24,1000,212
2024-01-17 13:07:35.54771,24,1000,214
2024-01-17 13:07:35.54790,24,1000,216
2024-01-17 13:07:35.54798,24,1000,216
2024-01-17 13:07:35.54808,24,1000,216
2024-01-17 13:07:35.54815,24,1000,216
2024-01-17 13:07:35.54821,24,1000,218
2024-01-17 13:07:35.54829,24,1000,220
2024-01-17 13:07:35.54836,24,1000,222
2024-01-17 13:07:35.54842,24,1000,222
2024-01-17 13:07:35.54848,24,1000,222
2024-01-17 13:07:35.54854,24,1000,224
2024-01-17 13:07:35.54874,24,1000,226
2024-01-17 13:07:35.54886,24,1000,226
2024-01-17 13:07:35.54893,24,1000,226
2024-01-17 13:07:35.54902,24,1000,226
2024-01-17 13:07:35.54911,24,1000,226
2024-01-17 13:07:35.54921,24,1000,228
2024-01-17 13:07:35.54960,24,1000,228
2024-01-17 13:07:35.54968,24,1000,228
2024-01-17 13:07:35.54974,24,1000,230
2024-01-17 13:07:35.54984,24,1000,230
2024-01-17 13:07:35.54992,24,1000,232
2024-01-17 13:07:35.54999,24,1000,232
2024-01-17 13:07:35.55007,24,1000,234
2024-01-17 13:07:35.55014,24,1000,236
2024-01-17 13:07:35.55022,24,1000,236
2024-01-17 13:07:35.55032,24,1000,238
2024-01-17 13:07:35.55042,24,1000,238
2024-01-17 13:07:35.55050,24,1000,240
2024-01-17 13:07:35.55059,24,1000,240
2024-01-17 13:07:35.55066,24,1000,242
2024-01-17 13:07:35.55073,24,1000,242
2024-01-17 13:07:35.55082,24,1000,244
2024-01-17 13:07:35.55088,24,1000,246
2024-01-17 13:07:35.55098,24,1000,246
2024-01-17 13:07:35.55105,24,1000,246
2024-01-17 13:07:35.55111,24,1000,246
2024-01-17 13:07:35.55119,24,1000,248
2024-01-17 13:07:35.55137,24,1000,248
2024-01-17 13:07:35.55147,24,1000,250
2024-01-17 13:07:35.55161,24,1000,252
2024-01-17 13:07:35.55169,24,1000,254
2024-01-17 13:07:35.55180,24,1000,254
2024-01-17 13:07:35.55192,24,1000,256
2024-01-17 13:07:35.55203,24,1000,258
2024-01-17 13:07:35.55213,24,1000,260
2024-01-17 13:07:35.55222,24,1000,260
2024-01-17 13:07:35.55231,24,1000,262
2024-01-17 13:07:35.55239,24,1000,264
2024-01-17 13:07:35.55249,24,1000,264
2024-01-17 13:07:35.55259,24,1000,266
2024-01-17 13:07:35.55269,24,1000,266
2024-01-17 13:07:35.55279,24,1000,266
2024-01-17 13:07:35.55288,24,1000,266
2024-01-17 13:07:35.55299,24,1000,266
2024-01-17 13:07:35.55308,24,1000,268
2024-01-17 13:07:35.55319,24,1000,270
2024-01-17 13:07:35.55330,24,1000,272
2024-01-17 13:07:35.55337,24,1000,272
2024-01-17 13:07:35.55748,24,1000,272
2024-01-17 13:07:35.58472,24,1000,272
2024-01-17 13:07:35.58489,24,1000,274
2024-01-17 13:07:35.58501,24,1000,274
2024-01-17 13:07:35.58507,24,1000,274
2024-01-17 13:07:35.58514,24,1000,274
2024-01-17 13:07:35.58520,24,1000,276
2024-01-17 13:07:35.58527,24,1000,276
2024-01-17 13:07:35.58534,24,1000,278
2024-01-17 13:07:35.58540,24,1000,278
2024-01-17 13:07:35.58548,24,1000,280
2024-01-17 13:07:35.58564,24,1000,280
2024-01-17 13:07:35.58575,24,1000,282
2024-01-17 13:07:35.58582,24,1000,284
2024-01-17 13:07:35.58589,24,1000,286
2024-01-17 13:07:35.58596,24,1000,288
2024-01-17 13:07:35.58604,24,1000,290
2024-01-17 13:07:35.58611,24,1000,292
2024-01-17 13:07:35.58618,24,1000,294
2024-01-17 13:07:35.58626,24,1000,296
2024-01-17 13:07:35.58633,24,1000,298
2024-01-17 13:07:35.58639,24,1000,300
2024-01-17 13:07:35.58647,24,1000,302
2024-01-17 13:07:35.58654,24,1000,304
2024-01-17 13:07:35.58670,24,1000,306
2024-01-17 13:07:35.58686,24,1000,306
2024-01-17 13:07:35.58692,24,1000,308
2024-01-17 13:07:35.58707,24,1000,310
2024-01-17 13:07:35.58721,24,1000,312
2024-01-17 13:07:35.58731,24,1000,314
2024-01-17 13:07:35.58741,24,1000,316
2024-01-17 13:07:35.58750,24,1000,318
2024-01-17 13:07:35.58761,24,1000,320
2024-01-17 13:07:35.58772,24,1000,322
2024-01-17 13:07:35.58780,24,1000,324
2024-01-17 13:07:35.58788,24,1000,326
2024-01-17 13:07:35.58794,24,1000,326
2024-01-17 13:07:35.58799,24,1000,326
2024-01-17 13:07:35.58805,24,1000,328
2024-01-17 13:07:35.58816,24,1000,330
2024-01-17 13:07:35.58838,24,1000,330
2024-01-17 13:07:35.58846,24,1000,332
2024-01-17 13:07:35.58854,24,1000,332
2024-01-17 13:07:35.58862,24,1000,334
2024-01-17 13:07:35.58874,24,1000,336
2024-01-17 13:07:35.58883,24,1000,338
2024-01-17 13:07:35.58892,24,1000,338
2024-01-17 13:07:35.58899,24,1000,340
2024-01-17 13:07:35.58905,24,1000,340
2024-01-17 13:07:35.58910,24,1000,342
2024-01-17 13:07:35.58917,24,1000,344
2024-01-17 13:07:35.58922,24,1000,346
2024-01-17 13:07:35.58927,24,1000,348
2024-01-17 13:07:35.58939,24,1000,350
2024-01-17 13:07:35.58963,24,1000,352
2024-01-17 13:07:35.58972,24,1000,354
2024-01-17 13:07:35.58980,24,1000,356
2024-01-17 13:07:35.58991,24,1000,356
2024-01-17 13:07:35.59001,24,1000,358
2024-01-17 13:07:35.59012,24,1000,360
2024-01-17 13:07:35.59024,24,1000,362
2024-01-17 13:07:35.59044,24,1000,364
2024-01-17 13:07:35.59051,24,1000,366
2024-01-17 13:07:35.59063,24,1000,368
2024-01-17 13:07:35.59070,24,1000,370
2024-01-17 13:07:35.59079,24,1000,372
2024-01-17 13:07:35.59086,24,1000,372
2024-01-17 13:07:35.59096,24,1000,374
2024-01-17 13:07:35.59110,24,1000,374
2024-01-17 13:07:35.59120,24,1000,376
2024-01-17 13:07:35.59136,24,1000,378
2024-01-17 13:07:35.59150,24,1000,380
2024-01-17 13:07:35.59157,24,1000,382
2024-01-17 13:07:35.59164,24,1000,384
2024-01-17 13:07:35.59171,24,1000,386
2024-01-17 13:07:35.59177,24,1000,388
2024-01-17 13:07:35.59188,24,1000,390
2024-01-17 13:07:35.59197,24,1000,392
2024-01-17 13:07:35.59205,24,1000,394
2024-01-17 13:07:35.59215,24,1000,394
2024-01-17 13:07:35.59223,24,1000,396
2024-01-17 13:07:35.59237,24,1000,398
2024-01-17 13:07:35.59244,24,1000,400
2024-01-17 13:07:35.59252,24,1000,400
2024-01-17 13:07:35.59260,24,1000,402
2024-01-17 13:07:35.59271,24,1000,404
2024-01-17 13:07:35.59281,24,1000,406
2024-01-17 13:07:35.59308,24,1000,408
2024-01-17 13:07:35.59325,24,1000,408
2024-01-17 13:07:35.59340,24,1000,410
2024-01-17 13:07:35.59349,24,1000,412
2024-01-17 13:07:35.59362,24,1000,414
2024-01-17 13:07:35.59378,24,1000,416
2024-01-17 13:07:35.59391,24,1000,418
2024-01-17 13:07:35.59410,24,1000,420
2024-01-17 13:07:35.59419,24,1000,422
2024-01-17 13:07:35.59426,24,1000,424
2024-01-17 13:07:35.59438,24,1000,426
2024-01-17 13:07:35.59445,24,1000,428
2024-01-17 13:07:35.59456,24,1000,430
2024-01-17 13:07:35.59468,24,1000,432
2024-01-17 13:07:35.59476,24,1000,434
2024-01-17 13:07:35.59487,24,1000,436
2024-01-17 13:07:35.59495,24,1000,438
2024-01-17 13:07:35.59504,24,1000,440
2024-01-17 13:07:35.59517,24,1000,442
2024-01-17 13:07:35.59529,24,1000,442
2024-01-17 13:07:35.59548,24,1000,444
2024-01-17 13:07:35.59560,24,1000,444
2024-01-17 13:07:35.59568,24,1000,444
2024-01-17 13:07:35.59577,24,1000,446
2024-01-17 13:07:35.59585,24,1000,448
2024-01-17 13:07:35.59591,24,1000,450
2024-01-17 13:07:35.59598,24,1000,452
2024-01-17 13:07:35.59604,24,1000,452
2024-01-17 13:07:35.59610,24,1000,454
2024-01-17 13:07:35.59616,24,1000,456
2024-01-17 13:07:35.59626,24,1000,456
2024-01-17 13:07:35.59634,24,1000,458
2024-01-17 13:07:35.59643,24,1000,460
2024-01-17 13:07:35.59661,24,1000,462
2024-01-17 13:07:35.59677,24,1000,464
2024-01-17 13:07:35.59690,24,1000,466
2024-01-17 13:07:35.59712,24,1000,468
2024-01-17 13:07:35.59734,24,1000,470
2024-01-17 13:07:35.59753,24,1000,472
2024-01-17 13:07:35.59781,24,1000,472
2024-01-17 13:07:35.59794,24,1000,474
2024-01-17 13:07:35.59805,24,1000,476
2024-01-17 13:07:35.59817,24,1000,478
2024-01-17 13:07:35.59850,24,1000,480
2024-01-17 13:07:35.59865,24,1000,482
2024-01-17 13:07:35.59879,24,1000,484
2024-01-17 13:07:35.59894,24,1000,486
2024-01-17 13:07:35.59907,24,1000,488
2024-01-17 13:07:35.59917,24,1000,490
2024-01-17 13:07:35.59935,24,1000,492
2024-01-17 13:07:35.59949,24,1000,492
2024-01-17 13:07:35.59967,24,1000,494
2024-01-17 13:07:35.59977,24,1000,496
2024-01-17 13:07:35.59985,24,1000,498
2024-01-17 13:07:35.59996,24,1000,500
2024-01-17 13:07:35.60010,24,1000,500
2024-01-17 13:07:35.60019,24,1000,502
2024-01-17 13:07:35.60033,24,1000,504
2024-01-17 13:07:35.60049,24,1000,506
2024-01-17 13:07:35.60064,24,1000,506
2024-01-17 13:07:35.60078,24,1000,508
2024-01-17 13:07:35.60090,24,1000,510
2024-01-17 13:07:35.60103,24,1000,512
2024-01-17 13:07:35.60117,24,1000,514
2024-01-17 13:07:35.60158,24,1000,516
2024-01-17 13:07:35.60196,24,1000,518
2024-01-17 13:07:35.60220,24,1000,520
2024-01-17 13:07:35.60233,24,1000,522
2024-01-17 13:07:35.60246,24,1000,524
2024-01-17 13:07:35.60282,24,1000,524
2024-01-17 13:07:35.60299,24,1000,526
2024-01-17 13:07:35.60406,24,1000,528
2024-01-17 13:07:35.60416,24,1000,530
2024-01-17 13:07:35.60426,24,1000,532
2024-01-17 13:07:35.60444,24,1000,534
2024-01-17 13:07:35.60459,24,1000,536
2024-01-17 13:07:35.60468,24,1000,538
2024-01-17 13:07:35.60479,24,1000,540
2024-01-17 13:07:35.60488,24,1000,542
2024-01-17 13:07:35.60497,24,1000,544
2024-01-17 13:07:35.60508,24,1000,546
2024-01-17 13:07:35.60526,24,1000,548
2024-01-17 13:07:35.60548,24,1000,550
2024-01-17 13:07:35.60562,24,1000,552
2024-01-17 13:07:35.60579,24,1000,554
2024-01-17 13:07:35.60588,24,1000,556
2024-01-17 13:07:35.60601,24,1000,558
2024-01-17 13:07:35.60613,24,1000,560
2024-01-17 13:07:35.60626,24,1000,562
2024-01-17 13:07:35.60636,24,1000,564
2024-01-17 13:07:35.60650,24,1000,566
2024-01-17 13:07:35.60662,24,1000,568
2024-01-17 13:07:35.60669,24,1000,570
2024-01-17 13:07:35.60677,24,1000,572
2024-01-17 13:07:35.60685,24,1000,574
2024-01-17 13:07:35.60693,24,1000,576
2024-01-17 13:07:35.60701,24,1000,578
2024-01-17 13:07:35.60708,24,1000,578
2024-01-17 13:07:35.60717,24,1000,580
2024-01-17 13:07:35.60733,24,1000,580
2024-01-17 13:07:35.60751,24,1000,582
2024-01-17 13:07:35.60767,24,1000,584
2024-01-17 13:07:35.60789,24,1000,586
2024-01-17 13:07:35.60881,24,1000,588
2024-01-17 13:07:35.60889,24,1000,590
2024-01-17 13:07:35.60895,24,1000,592
2024-01-17 13:07:35.60911,24,1000,594
2024-01-17 13:07:35.60922,24,1000,596
2024-01-17 13:07:35.60934,24,1000,598
2024-01-17 13:07:35.60947,24,1000,600
2024-01-17 13:07:35.60989,24,1000,600
2024-01-17 13:07:35.60999,24,1000,600
2024-01-17 13:07:35.61009,24,1000,602
2024-01-17 13:07:35.61023,24,1000,604
2024-01-17 13:07:35.61039,24,1000,606
2024-01-17 13:07:35.61054,24,1000,608
2024-01-17 13:07:35.61061,24,1000,608
2024-01-17 13:07:35.61070,24,1000,610
2024-01-17 13:07:35.61077,24,1000,612
2024-01-17 13:07:35.61087,24,1000,614
2024-01-17 13:07:35.61097,24,1000,616
2024-01-17 13:07:35.61143,24,1000,616
2024-01-17 13:07:35.61174,24,1000,618
2024-01-17 13:07:35.61263,24,1000,620
2024-01-17 13:07:35.61298,24,1000,622
2024-01-17 13:07:35.61319,24,1000,624
2024-01-17 13:07:35.61360,24,1000,626
2024-01-17 13:07:35.61625,24,1000,628
2024-01-17 13:07:35.61640,24,1000,630
2024-01-17 13:07:35.61660,24,1000,632
2024-01-17 13:07:35.61688,24,1000,634
2024-01-17 13:07:35.61697,24,1000,636
2024-01-17 13:07:35.61712,24,1000,636
2024-01-17 13:07:35.61728,24,1000,636
2024-01-17 13:07:35.61735,24,1000,638
2024-01-17 13:07:35.61742,24,1000,640
2024-01-17 13:07:35.61749,24,1000,642
2024-01-17 13:07:35.61762,24,1000,642
2024-01-17 13:07:35.61781,24,1000,644
2024-01-17 13:07:35.61797,24,1000,646
2024-01-17 13:07:35.61813,24,1000,646
2024-01-17 13:07:35.61826,24,1000,648
2024-01-17 13:07:35.61862,24,1000,648
2024-01-17 13:07:35.61869,24,1000,650
2024-01-17 13:07:35.61876,24,1000,650
2024-01-17 13:07:35.61885,24,1000,652
2024-01-17 13:07:35.61893,24,1000,652
2024-01-17 13:07:35.61900,24,1000,652
2024-01-17 13:07:35.61907,24,1000,652
2024-01-17 13:07:35.61914,24,1000,654
2024-01-17 13:07:35.61921,24,1000,656
2024-01-17 13:07:35.61927,24,1000,658
2024-01-17 13:07:35.61934,24,1000,660
2024-01-17 13:07:35.61941,24,1000,660
2024-01-17 13:07:35.61950,24,1000,660
2024-01-17 13:07:35.61958,24,1000,660
2024-01-17 13:07:35.61966,24,1000,662
2024-01-17 13:07:35.61973,24,1000,662
2024-01-17 13:07:35.61980,24,1000,664
2024-01-17 13:07:35.61988,24,1000,666
2024-01-17 13:07:35.61995,24,1000,668
2024-01-17 13:07:35.62004,24,1000,670
2024-01-17 13:07:35.62010,24,1000,672
2024-01-17 13:07:35.62020,24,1000,672
2024-01-17 13:07:35.62026,24,1000,674
2024-01-17 13:07:35.62038,24,1000,676
2024-01-17 13:07:35.62046,24,1000,676
2024-01-17 13:07:35.62056,24,1000,676
2024-01-17 13:07:35.62073,24,1000,678
2024-01-17 13:07:35.62089,24,1000,680
2024-01-17 13:07:35.62103,24,1000,680
2024-01-17 13:07:35.62116,24,1000,680
2024-01-17 13:07:35.62282,24,1000,682
2024-01-17 13:07:35.62310,24,1000,684
2024-01-17 13:07:35.62352,24,1000,684
2024-01-17 13:07:35.62365,24,1000,686
2024-01-17 13:07:35.62382,24,1000,688
2024-01-17 13:07:35.62401,24,1000,690
2024-01-17 13:07:35.62579,24,1000,692
2024-01-17 13:07:35.62591,24,1000,692
2024-01-17 13:07:35.62609,24,1000,694
2024-01-17 13:07:35.62623,24,1000,696
2024-01-17 13:07:35.62637,24,1000,696
2024-01-17 13:07:35.62647,24,1000,698
2024-01-17 13:07:35.62657,24,1000,698
2024-01-17 13:07:35.62668,24,1000,700
2024-01-17 13:07:35.62683,24,1000,702
2024-01-17 13:07:35.62690,24,1000,704
2024-01-17 13:07:35.62699,24,1000,706
2024-01-17 13:07:35.62706,24,1000,706
2024-01-17 13:07:35.62713,24,1000,708
2024-01-17 13:07:35.62722,24,1000,710
2024-01-17 13:07:35.62730,24,1000,712
2024-01-17 13:07:35.62737,24,1000,714
2024-01-17 13:07:35.62744,24,1000,716
2024-01-17 13:07:35.62756,24,1000,718
2024-01-17 13:07:35.62763,24,1000,720
2024-01-17 13:07:35.62773,24,1000,722
2024-01-17 13:07:35.62780,24,1000,724
2024-01-17 13:07:35.62787,24,1000,726
2024-01-17 13:07:35.62798,24,1000,728
2024-01-17 13:07:35.62809,24,1000,730
2024-01-17 13:07:35.62818,24,1000,732
2024-01-17 13:07:35.62828,24,1000,734
2024-01-17 13:07:35.62835,24,1000,736
2024-01-17 13:07:35.62842,24,1000,738
2024-01-17 13:07:35.62850,24,1000,740
2024-01-17 13:07:35.62857,24,1000,740
2024-01-17 13:07:35.62866,24,1000,742
2024-01-17 13:07:35.62876,24,1000,742
2024-01-17 13:07:35.62886,24,1000,744
2024-01-17 13:07:35.62895,24,1000,746
2024-01-17 13:07:35.62906,24,1000,748
2024-01-17 13:07:35.62916,24,1000,750
2024-01-17 13:07:35.62924,24,1000,752
2024-01-17 13:07:35.62930,24,1000,754
2024-01-17 13:07:35.62941,24,1000,756
2024-01-17 13:07:35.62952,24,1000,758
2024-01-17 13:07:35.62961,24,1000,758
2024-01-17 13:07:35.62968,24,1000,760
2024-01-17 13:07:35.62974,24,1000,762
2024-01-17 13:07:35.62981,24,1000,764
2024-01-17 13:07:35.62989,24,1000,766
2024-01-17 13:07:35.62996,24,1000,768
2024-01-17 13:07:35.63005,24,1000,770
2024-01-17 13:07:35.63012,24,1000,772
2024-01-17 13:07:35.63022,24,1000,774
2024-01-17 13:07:35.63029,24,1000,776
2024-01-17 13:07:35.63041,24,1000,778
2024-01-17 13:07:35.63049,24,1000,780
2024-01-17 13:07:35.63055,24,1000,782
2024-01-17 13:07:35.63062,24,1000,784
2024-01-17 13:07:35.63069,24,1000,786
2024-01-17 13:07:35.63075,24,1000,788
2024-01-17 13:07:35.63083,24,1000,790
2024-01-17 13:07:35.63105,24,1000,792
2024-01-17 13:07:35.63129,24,1000,794
2024-01-17 13:07:35.63149,24,1000,796
2024-01-17 13:07:35.63232,24,1000,798
2024-01-17 13:07:35.63248,24,1000,800
2024-01-17 13:07:35.63257,24,1000,802
2024-01-17 13:07:35.63267,24,1000,804
2024-01-17 13:07:35.63276,24,1000,806
2024-01-17 13:07:35.63306,24,1000,808
2024-01-17 13:07:35.63326,24,1000,810
2024-01-17 13:07:35.63338,24,1000,812
2024-01-17 13:07:35.63427,24,1000,814
2024-01-17 13:07:35.63439,24,1000,816
2024-01-17 13:07:35.63453,24,1000,818
2024-01-17 13:07:35.63470,24,1000,820
2024-01-17 13:07:35.63489,24,1000,822
2024-01-17 13:07:35.63502,24,1000,824
2024-01-17 13:07:35.63529,24,1000,824
2024-01-17 13:07:35.63541,24,1000,826
2024-01-17 13:07:35.63550,24,1000,828
2024-01-17 13:07:35.63558,24,1000,830
2024-01-17 13:07:35.63566,24,1000,832
2024-01-17 13:07:35.63576,24,1000,834
2024-01-17 13:07:35.63585,24,1000,836
2024-01-17 13:07:35.63596,24,1000,838
2024-01-17 13:07:35.63611,24,1000,840
2024-01-17 13:07:35.63631,24,1000,842
2024-01-17 13:07:35.63647,24,1000,844
2024-01-17 13:07:35.63661,24,1000,846
2024-01-17 13:07:35.63677,24,1000,848
2024-01-17 13:07:35.63688,24,1000,850
2024-01-17 13:07:35.63699,24,1000,852
2024-01-17 13:07:35.63713,24,1000,854
2024-01-17 13:07:35.63729,24,1000,856
2024-01-17 13:07:35.63740,24,1000,858
2024-01-17 13:07:35.63758,24,1000,860
2024-01-17 13:07:35.63770,24,1000,862
2024-01-17 13:07:35.63783,24,1000,862
2024-01-17 13:07:35.63795,24,1000,864
2024-01-17 13:07:35.63805,24,1000,864
2024-01-17 13:07:35.63817,24,1000,866
2024-01-17 13:07:35.63825,24,1000,868
2024-01-17 13:07:35.63834,24,1000,870
2024-01-17 13:07:35.63842,24,1000,872
2024-01-17 13:07:35.63851,24,1000,874
2024-01-17 13:07:35.63861,24,1000,874
2024-01-17 13:07:35.63870,24,1000,876
2024-01-17 13:07:35.63878,24,1000,878
2024-01-17 13:07:35.63887,24,1000,880
2024-01-17 13:07:35.63895,24,1000,882
2024-01-17 13:07:35.63903,24,1000,882
2024-01-17 13:07:35.63914,24,1000,884
2024-01-17 13:07:35.63926,24,1000,886
2024-01-17 13:07:35.63942,24,1000,888
2024-01-17 13:07:35.63954,24,1000,890
2024-01-17 13:07:35.63966,24,1000,892
2024-01-17 13:07:35.63984,24,1000,894
2024-01-17 13:07:35.63997,24,1000,894
2024-01-17 13:07:35.64012,24,1000,896
2024-01-17 13:07:35.64020,24,1000,898
2024-01-17 13:07:35.64026,24,1000,900
2024-01-17 13:07:35.64034,24,1000,902
2024-01-17 13:07:35.64059,24,1000,904
2024-01-17 13:07:35.64069,24,1000,906
2024-01-17 13:07:35.64078,24,1000,906
2024-01-17 13:07:35.64088,24,1000,908
2024-01-17 13:07:35.64099,24,1000,910
2024-01-17 13:07:35.64111,24,1000,912
2024-01-17 13:07:35.64122,24,1000,914
2024-01-17 13:07:35.64131,24,1000,914
2024-01-17 13:07:35.64148,24,1000,916
2024-01-17 13:07:35.64160,24,1000,918
2024-01-17 13:07:35.64173,24,1000,920
2024-01-17 13:07:35.64219,24,1000,922
2024-01-17 13:07:35.64228,24,1000,924
2024-01-17 13:07:35.64240,24,1000,926
2024-01-17 13:07:35.64248,24,1000,928
2024-01-17 13:07:35.64261,24,1000,930
2024-01-17 13:07:35.64299,24,1000,932
2024-01-17 13:07:35.64514,24,1000,934
2024-01-17 13:07:35.64539,24,1000,936
2024-01-17 13:07:35.64550,24,1000,938
2024-01-17 13:07:35.64569,24,1000,940
2024-01-17 13:07:35.64585,24,1000,942
2024-01-17 13:07:35.64613,24,1000,944
2024-01-17 13:07:35.64624,24,1000,946
2024-01-17 13:07:35.64639,24,1000,948
2024-01-17 13:07:35.64658,24,1000,950
2024-01-17 13:07:35.64678,24,1000,952
2024-01-17 13:07:35.64685,24,1000,954
2024-01-17 13:07:35.64692,24,1000,956
2024-01-17 13:07:35.64699,24,1000,958
2024-01-17 13:07:35.64707,24,1000,960
2024-01-17 13:07:35.64798,24,1000,962
2024-01-17 13:07:35.64813,24,1000,962
2024-01-17 13:07:35.64824,24,1000,964
2024-01-17 13:07:35.64837,24,1000,964
2024-01-17 13:07:35.64843,24,1000,964
2024-01-17 13:07:35.64850,24,1000,966
2024-01-17 13:07:35.64862,24,1000,968
2024-01-17 13:07:35.64869,24,1000,970
2024-01-17 13:07:35.64877,24,1000,972
2024-01-17 13:07:35.64884,24,1000,974
2024-01-17 13:07:35.64891,24,1000,976
2024-01-17 13:07:35.64899,24,1000,978
2024-01-17 13:07:35.64906,24,1000,980
2024-01-17 13:07:35.64912,24,1000,982
2024-01-17 13:07:35.64920,24,1000,982
2024-01-17 13:07:35.64927,24,1000,984
2024-01-17 13:07:35.64933,24,1000,986
2024-01-17 13:07:35.64940,24,1000,988
2024-01-17 13:07:35.65210,24,1000,990
2024-01-17 13:07:35.65227,24,1000,992
2024-01-17 13:07:35.65242,24,1000,994
2024-01-17 13:07:35.65249,24,1000,996
2024-01-17 13:07:35.65255,24,1000,998
2024-01-17 13:07:35.65338,24,1000,1000
2024-01-17 13:07:35.65355,24,1000,1002
2024-01-17 13:07:35.65370,24,1000,1004
2024-01-17 13:07:35.65387,24,1000,1004
2024-01-17 13:07:35.65404,24,1000,1004
2024-01-17 13:07:35.65418,24,1000,1006
2024-01-17 13:07:35.65430,24,1000,1008
2024-01-17 13:07:35.65443,24,1000,1010
2024-01-17 13:07:35.65455,24,1000,1012
2024-01-17 13:07:35.65470,24,1000,1014
2024-01-17 13:07:35.65486,24,1000,1016
2024-01-17 13:07:35.65831,24,1000,1018
2024-01-17 13:07:35.65889,24,1000,1020
2024-01-17 13:07:35.65907,24,1000,1022
2024-01-17 13:07:35.65922,24,1000,1024
2024-01-17 13:07:35.66053,24,1000,1026
2024-01-17 13:07:35.66099,24,1000,1028
2024-01-17 13:07:35.66134,24,1000,1030
2024-01-17 13:07:35.66207,24,1000,1032
2024-01-17 13:07:35.66259,24,1000,1034
2024-01-17 13:07:35.66295,24,1000,1036
2024-01-17 13:07:35.66371,24,1000,1038
2024-01-17 13:07:35.66385,24,1000,1040
2024-01-17 13:07:35.66393,24,1000,1042
2024-01-17 13:07:35.66401,24,1000,1044
2024-01-17 13:07:35.66410,24,1000,1046
2024-01-17 13:07:35.66418,24,1000,1048
2024-01-17 13:07:35.66426,24,1000,1050
2024-01-17 13:07:35.66432,24,1000,1050
2024-01-17 13:07:35.66439,24,1000,1052
2024-01-17 13:07:35.66446,24,1000,1054
2024-01-17 13:07:35.66452,24,1000,1054
2024-01-17 13:07:35.66461,24,1000,1056
2024-01-17 13:07:37.54820,25,1000,0
2024-01-17 13:07:37.54840,25,1000,0
2024-01-17 13:07:37.54898,25,1000,0
2024-01-17 13:07:37.54906,25,1000,0
2024-01-17 13:07:37.54913,25,1000,0
2024-01-17 13:07:37.54925,25,1000,0
2024-01-17 13:07:37.54946,25,1000,0
2024-01-17 13:07:37.54964,25,1000,0
2024-01-17 13:07:37.54986,25,1000,0
2024-01-17 13:07:37.54993,25,1000,0
2024-01-17 13:07:37.55003,25,1000,0
2024-01-17 13:07:37.55010,25,1000,0
2024-01-17 13:07:37.55019,25,1000,0
2024-01-17 13:07:37.55034,25,1000,0
2024-01-17 13:07:37.55047,25,1000,0
2024-01-17 13:07:37.55067,25,1000,0
2024-01-17 13:07:37.55081,25,1000,0
2024-01-17 13:07:37.55100,25,1000,0
2024-01-17 13:07:37.55116,25,1000,0
2024-01-17 13:07:37.55128,25,1000,0
2024-01-17 13:07:37.55143,25,1000,0
2024-01-17 13:07:37.55151,25,1000,0
2024-01-17 13:07:37.55172,25,1000,0
2024-01-17 13:07:37.55179,25,1000,0
2024-01-17 13:07:37.55189,25,1000,0
2024-01-17 13:07:37.55196,25,1000,0
2024-01-17 13:07:37.55204,25,1000,0
2024-01-17 13:07:37.55215,25,1000,0
2024-01-17 13:07:37.55222,25,1000,0
2024-01-17 13:07:37.55230,25,1000,0
2024-01-17 13:07:37.55237,25,1000,0
2024-01-17 13:07:37.55244,25,1000,0
2024-01-17 13:07:37.55253,25,1000,0
2024-01-17 13:07:37.55259,25,1000,0
2024-01-17 13:07:37.55269,25,1000,0
2024-01-17 13:07:37.55276,25,1000,0
2024-01-17 13:07:37.55284,25,1000,0
2024-01-17 13:07:37.55290,25,1000,0
2024-01-17 13:07:37.55298,25,1000,0
2024-01-17 13:07:37.55304,25,1000,0
2024-01-17 13:07:37.55312,25,1000,0
2024-01-17 13:07:37.55319,25,1000,0
2024-01-17 13:07:37.55327,25,1000,0
2024-01-17 13:07:37.55334,25,1000,0
2024-01-17 13:07:37.55341,25,1000,0
2024-01-17 13:07:37.55349,25,1000,0
2024-01-17 13:07:37.55356,25,1000,0
2024-01-17 13:07:37.55362,25,1000,0
2024-01-17 13:07:37.55369,25,1000,0
2024-01-17 13:07:37.55375,25,1000,0
2024-01-17 13:07:37.55383,25,1000,0
2024-01-17 13:07:37.55392,25,1000,0
2024-01-17 13:07:37.55401,25,1000,0
2024-01-17 13:07:37.55409,25,1000,0
2024-01-17 13:07:37.55421,25,1000,0
2024-01-17 13:07:37.55430,25,1000,0
2024-01-17 13:07:37.55438,25,1000,0
2024-01-17 13:07:37.55446,25,1000,0
2024-01-17 13:07:37.55453,25,1000,0
2024-01-17 13:07:37.55469,25,1000,0
2024-01-17 13:07:37.55478,25,1000,0
2024-01-17 13:07:37.55488,25,1000,0
2024-01-17 13:07:37.55502,25,1000,0
2024-01-17 13:07:37.55512,25,1000,0
2024-01-17 13:07:37.55524,25,1000,0
2024-01-17 13:07:37.55539,25,1000,0
2024-01-17 13:07:37.55561,25,1000,0
2024-01-17 13:07:37.55571,25,1000,0
2024-01-17 13:07:37.55581,25,1000,0
2024-01-17 13:07:37.55590,25,1000,0
2024-01-17 13:07:37.55600,25,1000,0
2024-01-17 13:07:37.55610,25,1000,0
2024-01-17 13:07:37.55622,25,1000,0
2024-01-17 13:07:37.55636,25,1000,0
2024-01-17 13:07:37.55649,25,1000,0
2024-01-17 13:07:37.55661,25,1000,0
2024-01-17 13:07:37.55677,25,1000,0
2024-01-17 13:07:37.55686,25,1000,0
2024-01-17 13:07:37.55699,25,1000,0
2024-01-17 13:07:37.55712,25,1000,0
2024-01-17 13:07:37.55734,25,1000,0
2024-01-17 13:07:37.55751,25,1000,0
2024-01-17 13:07:37.55765,25,1000,0
2024-01-17 13:07:37.55782,25,1000,0
2024-01-17 13:07:37.55797,25,1000,0
2024-01-17 13:07:37.55811,25,1000,0
2024-01-17 13:07:37.55836,25,1000,0
2024-01-17 13:07:37.55851,25,1000,0
2024-01-17 13:07:37.55864,25,1000,0
2024-01-17 13:07:37.55881,25,1000,0
2024-01-17 13:07:37.55896,25,1000,0
2024-01-17 13:07:37.55914,25,1000,0
2024-01-17 13:07:37.55935,25,1000,0
2024-01-17 13:07:37.55944,25,1000,0
2024-01-17 13:07:37.55954,25,1000,0
2024-01-17 13:07:37.55972,25,1000,0
2024-01-17 13:07:37.55985,25,1000,0
2024-01-17 13:07:37.55997,25,1000,0
2024-01-17 13:07:37.56010,25,1000,0
2024-01-17 13:07:37.56025,25,1000,0
2024-01-17 13:07:37.56034,25,1000,0
2024-01-17 13:07:37.56044,25,1000,0
2024-01-17 13:07:37.56053,25,1000,0
2024-01-17 13:07:37.56061,25,1000,0
2024-01-17 13:07:37.56086,25,1000,0
2024-01-17 13:07:37.56104,25,1000,0
2024-01-17 13:07:37.56140,25,1000,0
2024-01-17 13:07:37.56151,25,1000,0
2024-01-17 13:07:37.56165,25,1000,0
2024-01-17 13:07:37.56180,25,1000,0
2024-01-17 13:07:37.56192,25,1000,0
2024-01-17 13:07:37.56201,25,1000,0
2024-01-17 13:07:37.56211,25,1000,0
2024-01-17 13:07:37.56221,25,1000,0
2024-01-17 13:07:37.56230,25,1000,0
2024-01-17 13:07:37.56244,25,1000,0
2024-01-17 13:07:37.56256,25,1000,0
2024-01-17 13:07:37.56266,25,1000,0
2024-01-17 13:07:37.56279,25,1000,0
2024-01-17 13:07:37.56300,25,1000,0
2024-01-17 13:07:37.56318,25,1000,0
2024-01-17 13:07:37.56336,25,1000,0
2024-01-17 13:07:37.56350,25,1000,0
2024-01-17 13:07:37.56360,25,1000,0
2024-01-17 13:07:37.56370,25,1000,0
2024-01-17 13:07:37.56399,25,1000,0
2024-01-17 13:07:37.56412,25,1000,0
2024-01-17 13:07:37.56433,25,1000,0
2024-01-17 13:07:37.56445,25,1000,0
2024-01-17 13:07:37.56454,25,1000,0
2024-01-17 13:07:37.56464,25,1000,0
2024-01-17 13:07:37.56472,25,1000,0
2024-01-17 13:07:37.56482,25,1000,0
2024-01-17 13:07:37.56493,25,1000,0
2024-01-17 13:07:37.56502,25,1000,0
2024-01-17 13:07:37.56518,25,1000,0
2024-01-17 13:07:37.56527,25,1000,0
2024-01-17 13:07:37.56555,25,1000,0
2024-01-17 13:07:37.56594,25,1000,0
2024-01-17 13:07:37.56610,25,1000,0
2024-01-17 13:07:37.56619,25,1000,0
2024-01-17 13:07:37.56663,25,1000,0
2024-01-17 13:07:37.56672,25,1000,0
2024-01-17 13:07:37.56680,25,1000,2
2024-01-17 13:07:37.56689,25,1000,2
2024-01-17 13:07:37.56699,25,1000,2
2024-01-17 13:07:37.56708,25,1000,2
2024-01-17 13:07:37.56724,25,1000,2
2024-01-17 13:07:37.56741,25,1000,2
2024-01-17 13:07:37.56749,25,1000,2
2024-01-17 13:07:37.56763,25,1000,2
2024-01-17 13:07:37.56795,25,1000,2
2024-01-17 13:07:37.56818,25,1000,2
2024-01-17 13:07:37.56832,25,1000,2
2024-01-17 13:07:37.56844,25,1000,4
2024-01-17 13:07:37.56853,25,1000,4
2024-01-17 13:07:37.56864,25,1000,4
2024-01-17 13:07:37.56876,25,1000,4
2024-01-17 13:07:37.56890,25,1000,6
2024-01-17 13:07:37.56900,25,1000,6
2024-01-17 13:07:37.56909,25,1000,6
2024-01-17 13:07:37.56917,25,1000,6
2024-01-17 13:07:37.56931,25,1000,6
2024-01-17 13:07:37.56941,25,1000,8
2024-01-17 13:07:37.56947,25,1000,8
2024-01-17 13:07:37.56954,25,1000,10
2024-01-17 13:07:37.56960,25,1000,10
2024-01-17 13:07:37.56965,25,1000,10
2024-01-17 13:07:37.56971,25,1000,10
2024-01-17 13:07:37.56977,25,1000,10
2024-01-17 13:07:37.56982,25,1000,12
2024-01-17 13:07:37.56988,25,1000,12
2024-01-17 13:07:37.56995,25,1000,12
2024-01-17 13:07:37.57001,25,1000,14
2024-01-17 13:07:37.57007,25,1000,14
2024-01-17 13:07:37.57013,25,1000,14
2024-01-17 13:07:37.57020,25,1000,16
2024-01-17 13:07:37.57026,25,1000,16
2024-01-17 13:07:37.57031,25,1000,16
2024-01-17 13:07:37.57037,25,1000,16
2024-01-17 13:07:37.57044,25,1000,16
2024-01-17 13:07:37.57049,25,1000,18
2024-01-17 13:07:37.57056,25,1000,18
2024-01-17 13:07:37.57066,25,1000,18
2024-01-17 13:07:37.57103,25,1000,18
2024-01-17 13:07:37.57110,25,1000,20
2024-01-17 13:07:37.57116,25,1000,20
2024-01-17 13:07:37.57123,25,1000,20
2024-01-17 13:07:37.57129,25,1000,20
2024-01-17 13:07:37.57135,25,1000,20
2024-01-17 13:07:37.57141,25,1000,20
2024-01-17 13:07:37.57146,25,1000,20
2024-01-17 13:07:37.57160,25,1000,20
2024-01-17 13:07:37.57179,25,1000,20
2024-01-17 13:07:37.57189,25,1000,20
2024-01-17 13:07:37.57197,25,1000,20
2024-01-17 13:07:37.57208,25,1000,20
2024-01-17 13:07:37.57217,25,1000,22
2024-01-17 13:07:37.57225,25,1000,22
2024-01-17 13:07:37.57234,25,1000,22
2024-01-17 13:07:37.57242,25,1000,22
2024-01-17 13:07:37.57250,25,1000,22
2024-01-17 13:07:37.57259,25,1000,22
2024-01-17 13:07:37.57267,25,1000,22
2024-01-17 13:07:37.57275,25,1000,22
2024-01-17 13:07:37.57284,25,1000,22
2024-01-17 13:07:37.57293,25,1000,22
2024-01-17 13:07:37.57306,25,1000,22
2024-01-17 13:07:37.57317,25,1000,22
2024-01-17 13:07:37.57328,25,1000,22
2024-01-17 13:07:37.57341,25,1000,22
2024-01-17 13:07:37.57356,25,1000,22
2024-01-17 13:07:37.57369,25,1000,22
2024-01-17 13:07:37.57380,25,1000,22
2024-01-17 13:07:37.57393,25,1000,22
2024-01-17 13:07:37.57404,25,1000,22
2024-01-17 13:07:37.57415,25,1000,22
2024-01-17 13:07:37.57425,25,1000,22
2024-01-17 13:07:37.57436,25,1000,22
2024-01-17 13:07:37.57447,25,1000,22
2024-01-17 13:07:37.57457,25,1000,22
2024-01-17 13:07:37.57465,25,1000,22
2024-01-17 13:07:37.57474,25,1000,24
2024-01-17 13:07:37.57486,25,1000,24
2024-01-17 13:07:37.58039,25,1000,24
2024-01-17 13:07:37.58057,25,1000,24
2024-01-17 13:07:37.58071,25,1000,24
2024-01-17 13:07:37.58087,25,1000,24
2024-01-17 13:07:37.58114,25,1000,24
2024-01-17 13:07:37.58125,25,1000,24
2024-01-17 13:07:37.58135,25,1000,24
2024-01-17 13:07:37.58145,25,1000,24
2024-01-17 13:07:37.58174,25,1000,24
2024-01-17 13:07:37.58196,25,1000,24
2024-01-17 13:07:37.58211,25,1000,24
2024-01-17 13:07:37.58228,25,1000,24
2024-01-17 13:07:37.58244,25,1000,24
2024-01-17 13:07:37.58264,25,1000,24
2024-01-17 13:07:37.58281,25,1000,24
2024-01-17 13:07:37.58295,25,1000,24
2024-01-17 13:07:37.58305,25,1000,24
2024-01-17 13:07:37.58315,25,1000,24
2024-01-17 13:07:37.58325,25,1000,24
2024-01-17 13:07:37.58334,25,1000,24
2024-01-17 13:07:37.58343,25,1000,24
2024-01-17 13:07:37.58354,25,1000,24
2024-01-17 13:07:37.58363,25,1000,24
2024-01-17 13:07:37.58375,25,1000,24
2024-01-17 13:07:37.58384,25,1000,24
2024-01-17 13:07:37.58396,25,1000,24
2024-01-17 13:07:37.58406,25,1000,24
2024-01-17 13:07:37.58415,25,1000,26
2024-01-17 13:07:37.58424,25,1000,26
2024-01-17 13:07:37.58433,25,1000,28
2024-01-17 13:07:37.58444,25,1000,30
2024-01-17 13:07:37.58453,25,1000,30
2024-01-17 13:07:37.58461,25,1000,30
2024-01-17 13:07:37.58471,25,1000,32
2024-01-17 13:07:37.58480,25,1000,32
2024-01-17 13:07:37.58496,25,1000,34
2024-01-17 13:07:37.58513,25,1000,34
2024-01-17 13:07:37.58531,25,1000,34
2024-01-17 13:07:37.58546,25,1000,34
2024-01-17 13:07:37.58558,25,1000,34
2024-01-17 13:07:37.58571,25,1000,36
2024-01-17 13:07:37.58583,25,1000,38
2024-01-17 13:07:37.58595,25,1000,38
2024-01-17 13:07:37.58612,25,1000,40
2024-01-17 13:07:37.58628,25,1000,40
2024-01-17 13:07:37.58641,25,1000,42
2024-01-17 13:07:37.58653,25,1000,44
2024-01-17 13:07:37.58664,25,1000,44
2024-01-17 13:07:37.58682,25,1000,44
2024-01-17 13:07:37.58696,25,1000,44
2024-01-17 13:07:37.58708,25,1000,44
2024-01-17 13:07:37.58720,25,1000,44
2024-01-17 13:07:37.58729,25,1000,44
2024-01-17 13:07:37.58738,25,1000,44
2024-01-17 13:07:37.58751,25,1000,44
2024-01-17 13:07:37.58771,25,1000,44
2024-01-17 13:07:37.58788,25,1000,46
2024-01-17 13:07:37.58800,25,1000,46
2024-01-17 13:07:37.58814,25,1000,48
2024-01-17 13:07:37.58825,25,1000,48
2024-01-17 13:07:37.58836,25,1000,50
2024-01-17 13:07:37.58846,25,1000,50
2024-01-17 13:07:37.58858,25,1000,50
2024-01-17 13:07:37.58875,25,1000,52
2024-01-17 13:07:37.58887,25,1000,54
2024-01-17 13:07:37.58897,25,1000,56
2024-01-17 13:07:37.58909,25,1000,56
2024-01-17 13:07:37.58919,25,1000,56
2024-01-17 13:07:37.58927,25,1000,56
2024-01-17 13:07:37.58935,25,1000,56
2024-01-17 13:07:37.58950,25,1000,58
2024-01-17 13:07:37.58969,25,1000,58
2024-01-17 13:07:37.58991,25,1000,58
2024-01-17 13:07:37.59003,25,1000,58
2024-01-17 13:07:37.59015,25,1000,58
2024-01-17 13:07:37.59025,25,1000,60
2024-01-17 13:07:37.59036,25,1000,60
2024-01-17 13:07:37.59046,25,1000,60
2024-01-17 13:07:37.59058,25,1000,60
2024-01-17 13:07:37.59069,25,1000,60
2024-01-17 13:07:37.59079,25,1000,60
2024-01-17 13:07:37.59092,25,1000,60
2024-01-17 13:07:37.59104,25,1000,60
2024-01-17 13:07:37.59114,25,1000,60
2024-01-17 13:07:37.59124,25,1000,60
2024-01-17 13:07:37.59137,25,1000,60
2024-01-17 13:07:37.59149,25,1000,60
2024-01-17 13:07:37.59158,25,1000,60
2024-01-17 13:07:37.59168,25,1000,60
2024-01-17 13:07:37.59181,25,1000,60
2024-01-17 13:07:37.59191,25,1000,60
2024-01-17 13:07:37.59201,25,1000,60
2024-01-17 13:07:37.59212,25,1000,60
2024-01-17 13:07:37.59221,25,1000,60
2024-01-17 13:07:37.59248,25,1000,60
2024-01-17 13:07:37.59259,25,1000,60
2024-01-17 13:07:37.59267,25,1000,60
2024-01-17 13:07:37.59276,25,1000,60
2024-01-17 13:07:37.59297,25,1000,60
2024-01-17 13:07:37.59307,25,1000,60
2024-01-17 13:07:37.59318,25,1000,60
2024-01-17 13:07:37.59327,25,1000,60
2024-01-17 13:07:37.59336,25,1000,60
2024-01-17 13:07:37.59344,25,1000,60
2024-01-17 13:07:37.59353,25,1000,60
2024-01-17 13:07:37.59376,25,1000,60
2024-01-17 13:07:37.59388,25,1000,60
2024-01-17 13:07:37.59400,25,1000,60
2024-01-17 13:07:37.59409,25,1000,60
2024-01-17 13:07:37.59417,25,1000,60
2024-01-17 13:07:37.59428,25,1000,60
2024-01-17 13:07:37.59437,25,1000,60
2024-01-17 13:07:37.59447,25,1000,62
2024-01-17 13:07:37.59456,25,1000,64
2024-01-17 13:07:37.59471,25,1000,64
2024-01-17 13:07:37.59485,25,1000,64
2024-01-17 13:07:37.59501,25,1000,64
2024-01-17 13:07:37.59518,25,1000,64
2024-01-17 13:07:37.59532,25,1000,64
2024-01-17 13:07:37.59551,25,1000,64
2024-01-17 13:07:37.59560,25,1000,64
2024-01-17 13:07:37.59569,25,1000,64
2024-01-17 13:07:37.59577,25,1000,64
2024-01-17 13:07:37.59590,25,1000,64
2024-01-17 13:07:37.59597,25,1000,66
2024-01-17 13:07:37.59612,25,1000,66
2024-01-17 13:07:37.59624,25,1000,66
2024-01-17 13:07:37.59632,25,1000,66
2024-01-17 13:07:37.59649,25,1000,68
2024-01-17 13:07:37.59658,25,1000,68
2024-01-17 13:07:37.59667,25,1000,70
2024-01-17 13:07:37.59682,25,1000,70
2024-01-17 13:07:37.59690,25,1000,72
2024-01-17 13:07:37.59698,25,1000,72
2024-01-17 13:07:37.59706,25,1000,72
2024-01-17 13:07:37.59716,25,1000,72
2024-01-17 13:07:37.59726,25,1000,74
2024-01-17 13:07:37.59734,25,1000,74
2024-01-17 13:07:37.59742,25,1000,74
2024-01-17 13:07:37.59750,25,1000,74
2024-01-17 13:07:37.59761,25,1000,76
2024-01-17 13:07:37.59770,25,1000,76
2024-01-17 13:07:37.59779,25,1000,78
2024-01-17 13:07:37.59786,25,1000,80
2024-01-17 13:07:37.59794,25,1000,80
2024-01-17 13:07:37.59805,25,1000,82
2024-01-17 13:07:37.59814,25,1000,82
2024-01-17 13:07:37.59827,25,1000,84
2024-01-17 13:07:37.59834,25,1000,86
2024-01-17 13:07:37.59845,25,1000,86
2024-01-17 13:07:37.59861,25,1000,86
2024-01-17 13:07:37.59876,25,1000,88
2024-01-17 13:07:37.59889,25,1000,88
2024-01-17 13:07:37.59904,25,1000,88
2024-01-17 13:07:37.59919,25,1000,88
2024-01-17 13:07:37.59928,25,1000,88
2024-01-17 13:07:37.59935,25,1000,88
2024-01-17 13:07:37.59944,25,1000,88
2024-01-17 13:07:37.59957,25,1000,88
2024-01-17 13:07:37.59965,25,1000,90
2024-01-17 13:07:37.59977,25,1000,90
2024-01-17 13:07:37.59988,25,1000,90
2024-01-17 13:07:37.60017,25,1000,90
2024-01-17 13:07:37.60042,25,1000,92
2024-01-17 13:07:37.60055,25,1000,94
2024-01-17 13:07:37.60074,25,1000,94
2024-01-17 13:07:37.60090,25,1000,96
2024-01-17 13:07:37.60107,25,1000,98
2024-01-17 13:07:37.60133,25,1000,98
2024-01-17 13:07:37.60153,25,1000,100
2024-01-17 13:07:37.60169,25,1000,100
2024-01-17 13:07:37.60185,25,1000,100
2024-01-17 13:07:37.60209,25,1000,100
2024-01-17 13:07:37.60217,25,1000,102
2024-01-17 13:07:37.60224,25,1000,104
2024-01-17 13:07:37.60234,25,1000,104
2024-01-17 13:07:37.60242,25,1000,106
2024-01-17 13:07:37.60252,25,1000,108
2024-01-17 13:07:37.60263,25,1000,110
2024-01-17 13:07:37.60271,25,1000,112
2024-01-17 13:07:37.60280,25,1000,112
2024-01-17 13:07:37.60305,25,1000,114
2024-01-17 13:07:37.60319,25,1000,114
2024-01-17 13:07:37.60341,25,1000,116
2024-01-17 13:07:37.60349,25,1000,118
2024-01-17 13:07:37.60357,25,1000,118
2024-01-17 13:07:37.60368,25,1000,118
2024-01-17 13:07:37.60375,25,1000,120
2024-01-17 13:07:37.60384,25,1000,120
2024-01-17 13:07:37.60394,25,1000,122
2024-01-17 13:07:37.60403,25,1000,124
2024-01-17 13:07:37.60413,25,1000,124
2024-01-17 13:07:37.60424,25,1000,126
2024-01-17 13:07:37.60441,25,1000,126
2024-01-17 13:07:37.60459,25,1000,128
2024-01-17 13:07:37.60478,25,1000,130
2024-01-17 13:07:37.60489,25,1000,132
2024-01-17 13:07:37.60499,25,1000,132
2024-01-17 13:07:37.60517,25,1000,132
2024-01-17 13:07:37.60529,25,1000,132
2024-01-17 13:07:37.60538,25,1000,132
2024-01-17 13:07:37.60550,25,1000,134
2024-01-17 13:07:37.60563,25,1000,134
2024-01-17 13:07:37.60573,25,1000,136
2024-01-17 13:07:37.60586,25,1000,136
2024-01-17 13:07:37.60601,25,1000,138
2024-01-17 13:07:37.60616,25,1000,140
2024-01-17 13:07:37.60630,25,1000,140
2024-01-17 13:07:37.60650,25,1000,140
2024-01-17 13:07:37.60683,25,1000,140
2024-01-17 13:07:37.60702,25,1000,142
2024-01-17 13:07:37.60723,25,1000,142
2024-01-17 13:07:37.60740,25,1000,142
2024-01-17 13:07:37.60754,25,1000,144
2024-01-17 13:07:37.60767,25,1000,146
2024-01-17 13:07:37.60782,25,1000,146
2024-01-17 13:07:37.60794,25,1000,146
2024-01-17 13:07:37.60808,25,1000,146
2024-01-17 13:07:37.60820,25,1000,146
2024-01-17 13:07:37.60832,25,1000,148
2024-01-17 13:07:37.60844,25,1000,150
2024-01-17 13:07:37.60855,25,1000,150
2024-01-17 13:07:37.60869,25,1000,150
2024-01-17 13:07:37.60883,25,1000,152
2024-01-17 13:07:37.60900,25,1000,152
2024-01-17 13:07:37.60929,25,1000,152
2024-01-17 13:07:37.60939,25,1000,154
2024-01-17 13:07:37.60956,25,1000,156
2024-01-17 13:07:37.60977,25,1000,156
2024-01-17 13:07:37.60990,25,1000,156
2024-01-17 13:07:37.61001,25,1000,158
2024-01-17 13:07:37.61009,25,1000,160
2024-01-17 13:07:37.61018,25,1000,160
2024-01-17 13:07:37.61031,25,1000,162
2024-01-17 13:07:37.61045,25,1000,162
2024-01-17 13:07:37.61057,25,1000,164
2024-01-17 13:07:37.61070,25,1000,166
2024-01-17 13:07:37.61087,25,1000,168
2024-01-17 13:07:37.61097,25,1000,168
2024-01-17 13:07:37.61108,25,1000,168
2024-01-17 13:07:37.61130,25,1000,170
2024-01-17 13:07:37.61139,25,1000,172
2024-01-17 13:07:37.61152,25,1000,172
2024-01-17 13:07:37.61175,25,1000,174
2024-01-17 13:07:37.61190,25,1000,176
2024-01-17 13:07:37.61210,25,1000,178
2024-01-17 13:07:37.61218,25,1000,180
2024-01-17 13:07:37.61228,25,1000,182
2024-01-17 13:07:37.61241,25,1000,184
2024-01-17 13:07:37.61252,25,1000,186
2024-01-17 13:07:37.61260,25,1000,188
2024-01-17 13:07:37.61273,25,1000,190
2024-01-17 13:07:37.61285,25,1000,192
2024-01-17 13:07:37.61297,25,1000,194
2024-01-17 13:07:37.61305,25,1000,196
2024-01-17 13:07:37.61321,25,1000,198
2024-01-17 13:07:37.61340,25,1000,200
2024-01-17 13:07:37.61353,25,1000,202
2024-01-17 13:07:37.61367,25,1000,204
2024-01-17 13:07:37.61378,25,1000,206
2024-01-17 13:07:37.61399,25,1000,208
2024-01-17 13:07:37.61412,25,1000,210
2024-01-17 13:07:37.61424,25,1000,210
2024-01-17 13:07:37.61435,25,1000,210
2024-01-17 13:07:37.61446,25,1000,210
2024-01-17 13:07:37.61460,25,1000,210
2024-01-17 13:07:37.61470,25,1000,210
2024-01-17 13:07:37.61479,25,1000,210
2024-01-17 13:07:37.61501,25,1000,210
2024-01-17 13:07:37.61510,25,1000,210
2024-01-17 13:07:37.61522,25,1000,210
2024-01-17 13:07:37.61537,25,1000,210
2024-01-17 13:07:37.61559,25,1000,210
2024-01-17 13:07:37.61571,25,1000,212
2024-01-17 13:07:37.61584,25,1000,212
2024-01-17 13:07:37.61598,25,1000,212
2024-01-17 13:07:37.61610,25,1000,212
2024-01-17 13:07:37.61623,25,1000,214
2024-01-17 13:07:37.61635,25,1000,214
2024-01-17 13:07:37.61649,25,1000,214
2024-01-17 13:07:37.61666,25,1000,216
2024-01-17 13:07:37.61676,25,1000,218
2024-01-17 13:07:37.61686,25,1000,220
2024-01-17 13:07:37.61698,25,1000,222
2024-01-17 13:07:37.61710,25,1000,222
2024-01-17 13:07:37.61719,25,1000,222
2024-01-17 13:07:37.61726,25,1000,224
2024-01-17 13:07:37.61734,25,1000,226
2024-01-17 13:07:37.61742,25,1000,228
2024-01-17 13:07:37.61751,25,1000,228
2024-01-17 13:07:37.61757,25,1000,230
2024-01-17 13:07:37.61765,25,1000,230
2024-01-17 13:07:37.61772,25,1000,230
2024-01-17 13:07:37.61779,25,1000,232
2024-01-17 13:07:37.61786,25,1000,232
2024-01-17 13:07:37.61793,25,1000,234
2024-01-17 13:07:37.61798,25,1000,236
2024-01-17 13:07:37.61806,25,1000,238
2024-01-17 13:07:37.61818,25,1000,240
2024-01-17 13:07:37.61832,25,1000,240
2024-01-17 13:07:37.61845,25,1000,242
2024-01-17 13:07:37.61851,25,1000,242
2024-01-17 13:07:37.61859,25,1000,242
2024-01-17 13:07:37.61866,25,1000,242
2024-01-17 13:07:37.61873,25,1000,244
2024-01-17 13:07:37.61896,25,1000,246
2024-01-17 13:07:37.61921,25,1000,248
2024-01-17 13:07:37.61933,25,1000,250
2024-01-17 13:07:37.61941,25,1000,250
2024-01-17 13:07:37.61956,25,1000,252
2024-01-17 13:07:37.61973,25,1000,254
2024-01-17 13:07:37.61988,25,1000,256
2024-01-17 13:07:37.61998,25,1000,256
2024-01-17 13:07:37.62010,25,1000,258
2024-01-17 13:07:37.62021,25,1000,258
2024-01-17 13:07:37.62038,25,1000,260
2024-01-17 13:07:37.62047,25,1000,262
2024-01-17 13:07:37.62057,25,1000,264
2024-01-17 13:07:37.62065,25,1000,266
2024-01-17 13:07:37.62082,25,1000,268
2024-01-17 13:07:37.62090,25,1000,270
2024-01-17 13:07:37.62100,25,1000,272
2024-01-17 13:07:37.62109,25,1000,274
2024-01-17 13:07:37.62117,25,1000,276
2024-01-17 13:07:37.62125,25,1000,278
2024-01-17 13:07:37.62132,25,1000,280
2024-01-17 13:07:37.62145,25,1000,282
2024-01-17 13:07:37.62152,25,1000,284
2024-01-17 13:07:37.62164,25,1000,286
2024-01-17 13:07:37.62172,25,1000,288
2024-01-17 13:07:37.62180,25,1000,290
2024-01-17 13:07:37.62187,25,1000,292
2024-01-17 13:07:37.62200,25,1000,294
2024-01-17 13:07:37.62206,25,1000,296
2024-01-17 13:07:37.62215,25,1000,298
2024-01-17 13:07:37.62240,25,1000,300
2024-01-17 13:07:37.62248,25,1000,302
2024-01-17 13:07:37.62261,25,1000,304
2024-01-17 13:07:37.62275,25,1000,306
2024-01-17 13:07:37.62291,25,1000,308
2024-01-17 13:07:37.62305,25,1000,310
2024-01-17 13:07:37.62319,25,1000,312
2024-01-17 13:07:37.62332,25,1000,314
2024-01-17 13:07:37.62351,25,1000,316
2024-01-17 13:07:37.62360,25,1000,318
2024-01-17 13:07:37.62367,25,1000,320
2024-01-17 13:07:37.62377,25,1000,322
2024-01-17 13:07:37.62383,25,1000,324
2024-01-17 13:07:37.62389,25,1000,326
2024-01-17 13:07:37.62396,25,1000,328
2024-01-17 13:07:37.62407,25,1000,330
2024-01-17 13:07:37.62423,25,1000,332
2024-01-17 13:07:37.62434,25,1000,334
2024-01-17 13:07:37.62442,25,1000,336
2024-01-17 13:07:37.62450,25,1000,338
2024-01-17 13:07:37.62467,25,1000,340
2024-01-17 13:07:37.62474,25,1000,342
2024-01-17 13:07:37.62484,25,1000,344
2024-01-17 13:07:37.62501,25,1000,346
2024-01-17 13:07:37.62515,25,1000,348
2024-01-17 13:07:37.62536,25,1000,350
2024-01-17 13:07:37.62549,25,1000,352
2024-01-17 13:07:37.62576,25,1000,354
2024-01-17 13:07:37.62584,25,1000,356
2024-01-17 13:07:37.62591,25,1000,356
2024-01-17 13:07:37.62598,25,1000,358
2024-01-17 13:07:37.62610,25,1000,360
2024-01-17 13:07:37.62618,25,1000,362
2024-01-17 13:07:37.62630,25,1000,364
2024-01-17 13:07:37.62639,25,1000,366
2024-01-17 13:07:37.62647,25,1000,368
2024-01-17 13:07:37.62666,25,1000,370
2024-01-17 13:07:37.62674,25,1000,372
2024-01-17 13:07:37.62684,25,1000,374
2024-01-17 13:07:37.62696,25,1000,376
2024-01-17 13:07:37.62703,25,1000,378
2024-01-17 13:07:37.62712,25,1000,378
2024-01-17 13:07:37.62728,25,1000,380
2024-01-17 13:07:37.62741,25,1000,382
2024-01-17 13:07:37.62749,25,1000,384
2024-01-17 13:07:37.62757,25,1000,386
2024-01-17 13:07:37.62764,25,1000,388
2024-01-17 13:07:37.62783,25,1000,390
2024-01-17 13:07:37.62793,25,1000,390
2024-01-17 13:07:37.62801,25,1000,392
2024-01-17 13:07:37.62809,25,1000,392
2024-01-17 13:07:37.62819,25,1000,394
2024-01-17 13:07:37.62827,25,1000,396
2024-01-17 13:07:37.62839,25,1000,398
2024-01-17 13:07:37.62850,25,1000,400
2024-01-17 13:07:37.62866,25,1000,400
2024-01-17 13:07:37.62880,25,1000,400
2024-01-17 13:07:37.62887,25,1000,402
2024-01-17 13:07:37.62898,25,1000,402
2024-01-17 13:07:37.62910,25,1000,404
2024-01-17 13:07:37.62920,25,1000,406
2024-01-17 13:07:37.62927,25,1000,408
2024-01-17 13:07:37.62935,25,1000,410
2024-01-17 13:07:37.62954,25,1000,412
2024-01-17 13:07:37.62967,25,1000,412
2024-01-17 13:07:37.62977,25,1000,414
2024-01-17 13:07:37.62986,25,1000,414
2024-01-17 13:07:37.62997,25,1000,416
2024-01-17 13:07:37.63006,25,1000,418
2024-01-17 13:07:37.63017,25,1000,420
2024-01-17 13:07:37.63027,25,1000,422
2024-01-17 13:07:37.63035,25,1000,422
2024-01-17 13:07:37.63041,25,1000,424
2024-01-17 13:07:37.63049,25,1000,426
2024-01-17 13:07:37.63064,25,1000,428
2024-01-17 13:07:37.63078,25,1000,430
2024-01-17 13:07:37.63095,25,1000,430
2024-01-17 13:07:37.63112,25,1000,430
2024-01-17 13:07:37.63129,25,1000,432
2024-01-17 13:07:37.63136,25,1000,434
2024-01-17 13:07:37.63159,25,1000,434
2024-01-17 13:07:37.63166,25,1000,434
2024-01-17 13:07:37.63173,25,1000,434
2024-01-17 13:07:37.63179,25,1000,436
2024-01-17 13:07:37.63192,25,1000,436
2024-01-17 13:07:37.63199,25,1000,436
2024-01-17 13:07:37.63220,25,1000,438
2024-01-17 13:07:37.63229,25,1000,440
2024-01-17 13:07:37.63238,25,1000,442
2024-01-17 13:07:37.63245,25,1000,442
2024-01-17 13:07:37.63254,25,1000,444
2024-01-17 13:07:37.63261,25,1000,446
2024-01-17 13:07:37.63268,25,1000,446
2024-01-17 13:07:37.63276,25,1000,446
2024-01-17 13:07:37.63283,25,1000,448
2024-01-17 13:07:37.63298,25,1000,450
2024-01-17 13:07:37.63309,25,1000,450
2024-01-17 13:07:37.63316,25,1000,452
2024-01-17 13:07:37.63332,25,1000,452
2024-01-17 13:07:37.63348,25,1000,452
2024-01-17 13:07:37.63360,25,1000,454
2024-01-17 13:07:37.63374,25,1000,456
2024-01-17 13:07:37.63386,25,1000,456
2024-01-17 13:07:37.63399,25,1000,458
2024-01-17 13:07:37.63413,25,1000,460
2024-01-17 13:07:37.63426,25,1000,462
2024-01-17 13:07:37.63437,25,1000,464
2024-01-17 13:07:37.63450,25,1000,466
2024-01-17 13:07:37.63462,25,1000,466
2024-01-17 13:07:37.63470,25,1000,468
2024-01-17 13:07:37.63478,25,1000,468
2024-01-17 13:07:37.63489,25,1000,470
2024-01-17 13:07:37.63496,25,1000,472
2024-01-17 13:07:37.63505,25,1000,474
2024-01-17 13:07:37.63512,25,1000,476
2024-01-17 13:07:37.63519,25,1000,478
2024-01-17 13:07:37.63526,25,1000,480
2024-01-17 13:07:37.63537,25,1000,482
2024-01-17 13:07:37.63549,25,1000,484
2024-01-17 13:07:37.63556,25,1000,486
2024-01-17 13:07:37.63565,25,1000,488
2024-01-17 13:07:37.63575,25,1000,488
2024-01-17 13:07:37.63582,25,1000,488
2024-01-17 13:07:37.63591,25,1000,490
2024-01-17 13:07:37.63606,25,1000,492
2024-01-17 13:07:37.63613,25,1000,494
2024-01-17 13:07:37.63624,25,1000,496
2024-01-17 13:07:37.63633,25,1000,498
2024-01-17 13:07:37.63644,25,1000,500
2024-01-17 13:07:37.63651,25,1000,502
2024-01-17 13:07:37.63666,25,1000,504
2024-01-17 13:07:37.63681,25,1000,506
2024-01-17 13:07:37.63698,25,1000,508
2024-01-17 13:07:37.63705,25,1000,510
2024-01-17 13:07:37.63715,25,1000,512
2024-01-17 13:07:37.63726,25,1000,514
2024-01-17 13:07:37.63733,25,1000,516
2024-01-17 13:07:37.63742,25,1000,518
2024-01-17 13:07:37.63749,25,1000,520
2024-01-17 13:07:37.63759,25,1000,522
2024-01-17 13:07:37.63778,25,1000,524
2024-01-17 13:07:37.63794,25,1000,526
2024-01-17 13:07:37.63811,25,1000,528
2024-01-17 13:07:37.63821,25,1000,530
2024-01-17 13:07:37.63829,25,1000,532
2024-01-17 13:07:37.63838,25,1000,534
2024-01-17 13:07:37.63844,25,1000,536
2024-01-17 13:07:37.63850,25,1000,538
2024-01-17 13:07:37.63857,25,1000,540
2024-01-17 13:07:37.63867,25,1000,542
2024-01-17 13:07:37.63876,25,1000,542
2024-01-17 13:07:37.63884,25,1000,544
2024-01-17 13:07:37.63890,25,1000,546
2024-01-17 13:07:37.63902,25,1000,546
2024-01-17 13:07:37.63911,25,1000,546
2024-01-17 13:07:37.63919,25,1000,548
2024-01-17 13:07:37.63928,25,1000,550
2024-01-17 13:07:37.63938,25,1000,550
2024-01-17 13:07:37.63946,25,1000,550
2024-01-17 13:07:37.63956,25,1000,552
2024-01-17 13:07:37.63963,25,1000,554
2024-01-17 13:07:37.63979,25,1000,556
2024-01-17 13:07:37.63998,25,1000,558
2024-01-17 13:07:37.64016,25,1000,560
2024-01-17 13:07:37.64035,25,1000,560
2024-01-17 13:07:37.64055,25,1000,562
2024-01-17 13:07:37.64067,25,1000,564
2024-01-17 13:07:37.64075,25,1000,566
2024-01-17 13:07:37.64087,25,1000,566
2024-01-17 13:07:37.64095,25,1000,568
2024-01-17 13:07:37.64104,25,1000,570
2024-01-17 13:07:37.64114,25,1000,570
2024-01-17 13:07:37.64124,25,1000,572
2024-01-17 13:07:37.64132,25,1000,574
2024-01-17 13:07:37.64145,25,1000,576
2024-01-17 13:07:37.64162,25,1000,578
2024-01-17 13:07:37.64173,25,1000,580
2024-01-17 13:07:37.64182,25,1000,582
2024-01-17 13:07:37.64193,25,1000,584
2024-01-17 13:07:37.64220,25,1000,586
2024-01-17 13:07:37.64234,25,1000,586
2024-01-17 13:07:37.64247,25,1000,588
2024-01-17 13:07:37.64261,25,1000,590
2024-01-17 13:07:37.64275,25,1000,592
2024-01-17 13:07:37.64288,25,1000,594
2024-01-17 13:07:37.64301,25,1000,596
2024-01-17 13:07:37.64321,25,1000,598
2024-01-17 13:07:37.64333,25,1000,600
2024-01-17 13:07:37.64346,25,1000,600
2024-01-17 13:07:37.64371,25,1000,602
2024-01-17 13:07:37.64381,25,1000,602
2024-01-17 13:07:37.64390,25,1000,604
2024-01-17 13:07:37.64402,25,1000,606
2024-01-17 13:07:37.64414,25,1000,608
2024-01-17 13:07:37.64430,25,1000,610
2024-01-17 13:07:37.64448,25,1000,612
2024-01-17 13:07:37.64463,25,1000,614
2024-01-17 13:07:37.64486,25,1000,614
2024-01-17 13:07:37.64504,25,1000,616
2024-01-17 13:07:37.64514,25,1000,618
2024-01-17 13:07:37.64522,25,1000,620
2024-01-17 13:07:37.64531,25,1000,622
2024-01-17 13:07:37.64541,25,1000,624
2024-01-17 13:07:37.64549,25,1000,626
2024-01-17 13:07:37.64568,25,1000,628
2024-01-17 13:07:37.64580,25,1000,630
2024-01-17 13:07:37.64590,25,1000,632
2024-01-17 13:07:37.64600,25,1000,634
2024-01-17 13:07:37.64609,25,1000,634
2024-01-17 13:07:37.64621,25,1000,634
2024-01-17 13:07:37.64635,25,1000,636
2024-01-17 13:07:37.64647,25,1000,638
2024-01-17 13:07:37.64655,25,1000,640
2024-01-17 13:07:37.64669,25,1000,642
2024-01-17 13:07:37.64679,25,1000,644
2024-01-17 13:07:37.64689,25,1000,644
2024-01-17 13:07:37.64698,25,1000,646
2024-01-17 13:07:37.64710,25,1000,648
2024-01-17 13:07:37.64729,25,1000,648
2024-01-17 13:07:37.64742,25,1000,650
2024-01-17 13:07:37.64754,25,1000,650
2024-01-17 13:07:37.64774,25,1000,652
2024-01-17 13:07:37.64784,25,1000,654
2024-01-17 13:07:37.64793,25,1000,656
2024-01-17 13:07:37.64804,25,1000,658
2024-01-17 13:07:37.64813,25,1000,660
2024-01-17 13:07:37.64823,25,1000,662
2024-01-17 13:07:37.64832,25,1000,664
2024-01-17 13:07:37.64849,25,1000,666
2024-01-17 13:07:37.64872,25,1000,668
2024-01-17 13:07:37.64883,25,1000,670
2024-01-17 13:07:37.64899,25,1000,672
2024-01-17 13:07:37.64913,25,1000,674
2024-01-17 13:07:37.64928,25,1000,674
2024-01-17 13:07:37.64947,25,1000,676
2024-01-17 13:07:37.64966,25,1000,678
2024-01-17 13:07:37.64984,25,1000,678
2024-01-17 13:07:37.64994,25,1000,680
2024-01-17 13:07:37.65004,25,1000,680
2024-01-17 13:07:37.65013,25,1000,680
2024-01-17 13:07:37.65022,25,1000,682
2024-01-17 13:07:37.65032,25,1000,684
2024-01-17 13:07:37.65040,25,1000,686
2024-01-17 13:07:37.65051,25,1000,686
2024-01-17 13:07:37.65064,25,1000,688
2024-01-17 13:07:37.65074,25,1000,690
2024-01-17 13:07:37.65083,25,1000,690
2024-01-17 13:07:37.65094,25,1000,692
2024-01-17 13:07:37.65103,25,1000,694
2024-01-17 13:07:37.65113,25,1000,696
2024-01-17 13:07:37.65121,25,1000,698
2024-01-17 13:07:37.65130,25,1000,698
2024-01-17 13:07:37.65138,25,1000,700
2024-01-17 13:07:37.65149,25,1000,702
2024-01-17 13:07:37.65158,25,1000,702
2024-01-17 13:07:37.65166,25,1000,704
2024-01-17 13:07:37.65176,25,1000,704
2024-01-17 13:07:37.65186,25,1000,704
2024-01-17 13:07:37.65194,25,1000,706
2024-01-17 13:07:37.65202,25,1000,708
2024-01-17 13:07:37.65212,25,1000,710
2024-01-17 13:07:37.65221,25,1000,710
2024-01-17 13:07:37.65229,25,1000,712
2024-01-17 13:07:37.65238,25,1000,714
2024-01-17 13:07:37.65245,25,1000,716
2024-01-17 13:07:37.65254,25,1000,716
2024-01-17 13:07:37.65266,25,1000,718
2024-01-17 13:07:37.65280,25,1000,720
2024-01-17 13:07:37.65287,25,1000,722
2024-01-17 13:07:37.65298,25,1000,724
2024-01-17 13:07:37.65310,25,1000,726
2024-01-17 13:07:37.65318,25,1000,726
2024-01-17 13:07:37.65325,25,1000,726
2024-01-17 13:07:37.65337,25,1000,726
2024-01-17 13:07:37.65351,25,1000,728
2024-01-17 13:07:37.65369,25,1000,730
2024-01-17 13:07:37.65381,25,1000,732
2024-01-17 13:07:37.65395,25,1000,732
2024-01-17 13:07:37.65410,25,1000,734
2024-01-17 13:07:37.65422,25,1000,736
2024-01-17 13:07:37.65435,25,1000,738
2024-01-17 13:07:37.65459,25,1000,740
2024-01-17 13:07:37.65467,25,1000,742
2024-01-17 13:07:37.65476,25,1000,744
2024-01-17 13:07:37.65483,25,1000,744
2024-01-17 13:07:37.65490,25,1000,744
2024-01-17 13:07:37.65497,25,1000,746
2024-01-17 13:07:37.65504,25,1000,746
2024-01-17 13:07:37.65512,25,1000,746
2024-01-17 13:07:37.78080,25,1000,748
2024-01-17 13:07:37.78157,25,1000,748
2024-01-17 13:07:37.78924,25,1000,748
2024-01-17 13:07:37.79123,25,1000,750
2024-01-17 13:07:37.79139,25,1000,750
2024-01-17 13:07:37.79149,25,1000,750
2024-01-17 13:07:37.79213,25,1000,752
2024-01-17 13:07:37.79227,25,1000,752
2024-01-17 13:07:37.79331,25,1000,752
2024-01-17 13:07:37.79340,25,1000,752
2024-01-17 13:07:37.79351,25,1000,754
2024-01-17 13:07:37.79361,25,1000,756
2024-01-17 13:07:37.79370,25,1000,758
2024-01-17 13:07:37.79379,25,1000,760
2024-01-17 13:07:37.79389,25,1000,760
2024-01-17 13:07:37.79399,25,1000,762
2024-01-17 13:07:37.79412,25,1000,762
2024-01-17 13:07:37.79421,25,1000,764
2024-01-17 13:07:37.79430,25,1000,764
2024-01-17 13:07:37.79442,25,1000,764
2024-01-17 13:07:37.79452,25,1000,766
2024-01-17 13:07:37.79463,25,1000,768
2024-01-17 13:07:37.79472,25,1000,768
2024-01-17 13:07:37.79482,25,1000,770
2024-01-17 13:07:37.79489,25,1000,772
2024-01-17 13:07:37.79502,25,1000,772
2024-01-17 13:07:37.79511,25,1000,774
2024-01-17 13:07:37.79522,25,1000,774
2024-01-17 13:07:37.79533,25,1000,776
2024-01-17 13:07:37.79540,25,1000,778
2024-01-17 13:07:37.79550,25,1000,778
2024-01-17 13:07:37.79558,25,1000,778
2024-01-17 13:07:37.79566,25,1000,780
2024-01-17 13:07:37.79576,25,1000,780
2024-01-17 13:07:37.79585,25,1000,780
2024-01-17 13:07:37.79596,25,1000,780
2024-01-17 13:07:37.79605,25,1000,782
2024-01-17 13:07:37.79614,25,1000,782
2024-01-17 13:07:37.79623,25,1000,782
2024-01-17 13:07:37.79633,25,1000,784
2024-01-17 13:07:37.79642,25,1000,784
2024-01-17 13:07:37.79653,25,1000,786
2024-01-17 13:07:37.79663,25,1000,786
2024-01-17 13:07:37.79672,25,1000,788
2024-01-17 13:07:37.79681,25,1000,790
2024-01-17 13:07:37.79691,25,1000,792
2024-01-17 13:07:37.79716,25,1000,794
2024-01-17 13:07:37.79728,25,1000,796
2024-01-17 13:07:37.79739,25,1000,798
2024-01-17 13:07:37.79749,25,1000,800
2024-01-17 13:07:37.79757,25,1000,802
2024-01-17 13:07:37.79766,25,1000,804
2024-01-17 13:07:37.79783,25,1000,806
2024-01-17 13:07:37.79792,25,1000,808
2024-01-17 13:07:37.79799,25,1000,810
2024-01-17 13:07:37.79807,25,1000,812
2024-01-17 13:07:37.79815,25,1000,814
2024-01-17 13:07:37.79825,25,1000,816
2024-01-17 13:07:37.79834,25,1000,818
2024-01-17 13:07:37.79843,25,1000,820
2024-01-17 13:07:37.79852,25,1000,820
2024-01-17 13:07:37.79860,25,1000,822
2024-01-17 13:07:37.79868,25,1000,824
2024-01-17 13:07:37.79877,25,1000,826
2024-01-17 13:07:37.79884,25,1000,828
2024-01-17 13:07:37.79891,25,1000,830
2024-01-17 13:07:37.79899,25,1000,832
2024-01-17 13:07:37.79907,25,1000,834
2024-01-17 13:07:37.79915,25,1000,836
2024-01-17 13:07:37.79923,25,1000,838
2024-01-17 13:07:37.79931,25,1000,840
2024-01-17 13:07:37.79939,25,1000,842
2024-01-17 13:07:37.79946,25,1000,844
2024-01-17 13:07:37.79953,25,1000,846
2024-01-17 13:07:37.79966,25,1000,848
2024-01-17 13:07:37.79975,25,1000,850
2024-01-17 13:07:37.79988,25,1000,852
2024-01-17 13:07:37.79994,25,1000,854
2024-01-17 13:07:37.80002,25,1000,856
2024-01-17 13:07:37.80009,25,1000,858
2024-01-17 13:07:37.80017,25,1000,860
2024-01-17 13:07:37.80024,25,1000,862
2024-01-17 13:07:37.80032,25,1000,862
2024-01-17 13:07:37.80038,25,1000,864
2024-01-17 13:07:37.80045,25,1000,866
2024-01-17 13:07:37.80053,25,1000,868
2024-01-17 13:07:37.80064,25,1000,870
2024-01-17 13:07:37.80072,25,1000,872
2024-01-17 13:07:37.80608,25,1000,874
2024-01-17 13:07:37.80646,25,1000,876
2024-01-17 13:07:37.80662,25,1000,878
2024-01-17 13:07:37.80676,25,1000,880
2024-01-17 13:07:37.81417,25,1000,882
2024-01-17 13:07:37.81429,25,1000,884
2024-01-17 13:07:37.81442,25,1000,886
2024-01-17 13:07:37.81480,25,1000,888
2024-01-17 13:07:37.81491,25,1000,890
2024-01-17 13:07:37.81508,25,1000,892
2024-01-17 13:07:37.81516,25,1000,894
2024-01-17 13:07:37.81524,25,1000,896
2024-01-17 13:07:37.81533,25,1000,898
2024-01-17 13:07:37.81541,25,1000,900
2024-01-17 13:07:37.81555,25,1000,902
2024-01-17 13:07:37.81578,25,1000,904
2024-01-17 13:07:37.81596,25,1000,906
2024-01-17 13:07:37.81603,25,1000,908
2024-01-17 13:07:37.81625,25,1000,910
2024-01-17 13:07:37.81635,25,1000,912
2024-01-17 13:07:37.81644,25,1000,914
2024-01-17 13:07:37.81660,25,1000,916
2024-01-17 13:07:37.81667,25,1000,918
2024-01-17 13:07:37.81674,25,1000,920
2024-01-17 13:07:37.81685,25,1000,922
2024-01-17 13:07:37.81725,25,1000,924
2024-01-17 13:07:37.81734,25,1000,926
2024-01-17 13:07:37.81742,25,1000,928
2024-01-17 13:07:37.81749,25,1000,930
2024-01-17 13:07:37.81758,25,1000,932
2024-01-17 13:07:37.81774,25,1000,934
2024-01-17 13:07:37.81789,25,1000,936
2024-01-17 13:07:37.81796,25,1000,938
2024-01-17 13:07:37.81803,25,1000,940
2024-01-17 13:07:37.81810,25,1000,942
2024-01-17 13:07:37.81818,25,1000,944
2024-01-17 13:07:37.81824,25,1000,946
2024-01-17 13:07:37.81832,25,1000,948
2024-01-17 13:07:37.81842,25,1000,950
2024-01-17 13:07:37.81857,25,1000,952
2024-01-17 13:07:37.81874,25,1000,954
2024-01-17 13:07:37.81891,25,1000,956
2024-01-17 13:07:37.81905,25,1000,958
2024-01-17 13:07:37.81929,25,1000,960
2024-01-17 13:07:37.82322,25,1000,962
2024-01-17 13:07:37.82337,25,1000,964
2024-01-17 13:07:37.82347,25,1000,966
2024-01-17 13:07:37.82371,25,1000,968
2024-01-17 13:07:37.82440,25,1000,970
2024-01-17 13:07:37.82464,25,1000,972
2024-01-17 13:07:37.82480,25,1000,974
2024-01-17 13:07:37.82489,25,1000,976
2024-01-17 13:07:37.82495,25,1000,978
2024-01-17 13:07:37.82510,25,1000,980
2024-01-17 13:07:37.82521,25,1000,982
2024-01-17 13:07:37.82531,25,1000,984
2024-01-17 13:07:37.82541,25,1000,986
2024-01-17 13:07:37.82711,25,1000,988
2024-01-17 13:07:37.82723,25,1000,990
2024-01-17 13:07:37.82734,25,1000,992
2024-01-17 13:07:37.82746,25,1000,994
2024-01-17 13:07:37.82767,25,1000,996
2024-01-17 13:07:37.82781,25,1000,998
2024-01-17 13:07:37.82793,25,1000,1000
2024-01-17 13:07:38.93210,26,1000,0
2024-01-17 13:07:38.93219,26,1000,0
2024-01-17 13:07:38.93227,26,1000,0
2024-01-17 13:07:38.93234,26,1000,0
2024-01-17 13:07:38.93241,26,1000,0
2024-01-17 13:07:38.93249,26,1000,0
2024-01-17 13:07:38.93256,26,1000,0
2024-01-17 13:07:38.93263,26,1000,0
2024-01-17 13:07:38.93282,26,1000,0
2024-01-17 13:07:38.93295,26,1000,0
2024-01-17 13:07:38.93309,26,1000,0
2024-01-17 13:07:38.93318,26,1000,0
2024-01-17 13:07:38.93332,26,1000,0
2024-01-17 13:07:38.93342,26,1000,0
2024-01-17 13:07:38.93359,26,1000,0
2024-01-17 13:07:38.93462,26,1000,0
2024-01-17 13:07:38.93473,26,1000,0
2024-01-17 13:07:38.93481,26,1000,0
2024-01-17 13:07:38.93490,26,1000,0
2024-01-17 13:07:38.93497,26,1000,0
2024-01-17 13:07:38.93506,26,1000,0
2024-01-17 13:07:38.93513,26,1000,0
2024-01-17 13:07:38.93522,26,1000,0
2024-01-17 13:07:38.93529,26,1000,0
2024-01-17 13:07:38.93543,26,1000,0
2024-01-17 13:07:38.93568,26,1000,0
2024-01-17 13:07:38.93577,26,1000,0
2024-01-17 13:07:38.93584,26,1000,0
2024-01-17 13:07:38.93593,26,1000,0
2024-01-17 13:07:38.93600,26,1000,0
2024-01-17 13:07:38.93608,26,1000,0
2024-01-17 13:07:38.93615,26,1000,0
2024-01-17 13:07:38.93624,26,1000,0
2024-01-17 13:07:38.93633,26,1000,0
2024-01-17 13:07:38.93643,26,1000,0
2024-01-17 13:07:38.93651,26,1000,0
2024-01-17 13:07:38.93658,26,1000,0
2024-01-17 13:07:38.93667,26,1000,0
2024-01-17 13:07:38.93675,26,1000,0
2024-01-17 13:07:38.93685,26,1000,0
2024-01-17 13:07:38.93694,26,1000,0
2024-01-17 13:07:38.93708,26,1000,0
2024-01-17 13:07:38.93717,26,1000,0
2024-01-17 13:07:38.93726,26,1000,0
2024-01-17 13:07:38.93735,26,1000,0
2024-01-17 13:07:38.93749,26,1000,0
2024-01-17 13:07:38.93763,26,1000,0
2024-01-17 13:07:38.93776,26,1000,0
2024-01-17 13:07:38.93788,26,1000,0
2024-01-17 13:07:38.93803,26,1000,0
2024-01-17 13:07:38.93819,26,1000,0
2024-01-17 13:07:38.93827,26,1000,0
2024-01-17 13:07:38.93836,26,1000,0
2024-01-17 13:07:38.93849,26,1000,0
2024-01-17 13:07:38.93857,26,1000,0
2024-01-17 13:07:38.93866,26,1000,0
2024-01-17 13:07:38.93874,26,1000,0
2024-01-17 13:07:38.93886,26,1000,0
2024-01-17 13:07:38.93904,26,1000,0
2024-01-17 13:07:38.93916,26,1000,0
2024-01-17 13:07:38.93927,26,1000,0
2024-01-17 13:07:38.93942,26,1000,0
2024-01-17 13:07:38.93956,26,1000,0
2024-01-17 13:07:38.93977,26,1000,0
2024-01-17 13:07:38.93992,26,1000,0
2024-01-17 13:07:38.94005,26,1000,0
2024-01-17 13:07:38.94017,26,1000,0
2024-01-17 13:07:38.94039,26,1000,0
2024-01-17 13:07:38.94055,26,1000,0
2024-01-17 13:07:38.94063,26,1000,0
2024-01-17 13:07:38.94071,26,1000,0
2024-01-17 13:07:38.94081,26,1000,0
2024-01-17 13:07:38.94089,26,1000,0
2024-01-17 13:07:38.94099,26,1000,0
2024-01-17 13:07:38.94112,26,1000,0
2024-01-17 13:07:38.94126,26,1000,0
2024-01-17 13:07:38.94147,26,1000,0
2024-01-17 13:07:38.94156,26,1000,0
2024-01-17 13:07:38.94169,26,1000,0
2024-01-17 13:07:38.94179,26,1000,0
2024-01-17 13:07:38.94186,26,1000,0
2024-01-17 13:07:38.94195,26,1000,0
2024-01-17 13:07:38.94209,26,1000,0
2024-01-17 13:07:38.94739,26,1000,0
2024-01-17 13:07:38.94815,26,1000,0
2024-01-17 13:07:38.94833,26,1000,0
2024-01-17 13:07:38.94846,26,1000,0
2024-01-17 13:07:38.94856,26,1000,0
2024-01-17 13:07:38.94868,26,1000,0
2024-01-17 13:07:38.94876,26,1000,0
2024-01-17 13:07:38.94882,26,1000,0
2024-01-17 13:07:38.94891,26,1000,0
2024-01-17 13:07:38.94897,26,1000,0
2024-01-17 13:07:38.94905,26,1000,0
2024-01-17 13:07:38.94912,26,1000,0
2024-01-17 13:07:38.94920,26,1000,0
2024-01-17 13:07:38.94930,26,1000,0
2024-01-17 13:07:38.94938,26,1000,0
2024-01-17 13:07:38.94945,26,1000,0
2024-01-17 13:07:38.94952,26,1000,0
2024-01-17 13:07:38.94959,26,1000,0
2024-01-17 13:07:38.94966,26,1000,0
2024-01-17 13:07:38.94974,26,1000,0
2024-01-17 13:07:38.94981,26,1000,0
2024-01-17 13:07:38.94989,26,1000,0
2024-01-17 13:07:38.94999,26,1000,0
2024-01-17 13:07:38.95006,26,1000,0
2024-01-17 13:07:38.95067,26,1000,0
2024-01-17 13:07:38.95082,26,1000,0
2024-01-17 13:07:38.95094,26,1000,0
2024-01-17 13:07:38.95102,26,1000,0
2024-01-17 13:07:38.95109,26,1000,0
2024-01-17 13:07:38.95117,26,1000,0
2024-01-17 13:07:38.95124,26,1000,0
2024-01-17 13:07:38.95137,26,1000,0
2024-01-17 13:07:38.95208,26,1000,0
2024-01-17 13:07:38.95233,26,1000,0
2024-01-17 13:07:38.95252,26,1000,0
2024-01-17 13:07:38.95266,26,1000,0
2024-01-17 13:07:38.95273,26,1000,0
2024-01-17 13:07:38.95307,26,1000,0
2024-01-17 13:07:38.95338,26,1000,0
2024-01-17 13:07:38.95346,26,1000,0
2024-01-17 13:07:38.95354,26,1000,0
2024-01-17 13:07:38.95360,26,1000,0
2024-01-17 13:07:38.95367,26,1000,0
2024-01-17 13:07:38.95377,26,1000,0
2024-01-17 13:07:38.95388,26,1000,0
2024-01-17 13:07:38.95397,26,1000,0
2024-01-17 13:07:38.95404,26,1000,0
2024-01-17 13:07:38.95411,26,1000,0
2024-01-17 13:07:38.95418,26,1000,0
2024-01-17 13:07:38.95426,26,1000,0
2024-01-17 13:07:38.95433,26,1000,0
2024-01-17 13:07:38.95440,26,1000,0
2024-01-17 13:07:38.95448,26,1000,0
2024-01-17 13:07:38.95455,26,1000,0
2024-01-17 13:07:38.95462,26,1000,0
2024-01-17 13:07:38.95469,26,1000,0
2024-01-17 13:07:38.95479,26,1000,0
2024-01-17 13:07:38.95488,26,1000,0
2024-01-17 13:07:38.95497,26,1000,0
2024-01-17 13:07:38.95506,26,1000,0
2024-01-17 13:07:38.95517,26,1000,0
2024-01-17 13:07:38.95526,26,1000,0
2024-01-17 13:07:38.95537,26,1000,0
2024-01-17 13:07:38.95645,26,1000,0
2024-01-17 13:07:38.95658,26,1000,0
2024-01-17 13:07:38.95670,26,1000,0
2024-01-17 13:07:38.95681,26,1000,0
2024-01-17 13:07:38.95691,26,1000,0
2024-01-17 13:07:38.95702,26,1000,0
2024-01-17 13:07:38.95713,26,1000,0
2024-01-17 13:07:38.95723,26,1000,0
2024-01-17 13:07:38.95734,26,1000,0
2024-01-17 13:07:38.95743,26,1000,0
2024-01-17 13:07:38.95752,26,1000,0
2024-01-17 13:07:38.96618,26,1000,0
2024-01-17 13:07:38.96638,26,1000,0
2024-01-17 13:07:38.96648,26,1000,0
2024-01-17 13:07:38.96664,26,1000,0
2024-01-17 13:07:38.97763,26,1000,0
2024-01-17 13:07:38.97834,26,1000,0
2024-01-17 13:07:38.97847,26,1000,0
2024-01-17 13:07:38.97860,26,1000,0
2024-01-17 13:07:38.97873,26,1000,0
2024-01-17 13:07:38.97886,26,1000,0
2024-01-17 13:07:38.97899,26,1000,0
2024-01-17 13:07:38.97908,26,1000,0
2024-01-17 13:07:38.97917,26,1000,0
2024-01-17 13:07:38.97925,26,1000,0
2024-01-17 13:07:38.97933,26,1000,0
2024-01-17 13:07:38.97943,26,1000,0
2024-01-17 13:07:38.97952,26,1000,0
2024-01-17 13:07:38.97960,26,1000,0
2024-01-17 13:07:38.97969,26,1000,0
2024-01-17 13:07:38.97978,26,1000,0
2024-01-17 13:07:38.97986,26,1000,0
2024-01-17 13:07:38.97995,26,1000,0
2024-01-17 13:07:38.98003,26,1000,0
2024-01-17 13:07:38.98012,26,1000,0
2024-01-17 13:07:38.98020,26,1000,0
2024-01-17 13:07:38.98028,26,1000,0
2024-01-17 13:07:38.98036,26,1000,0
2024-01-17 13:07:38.98044,26,1000,0
2024-01-17 13:07:38.98052,26,1000,0
2024-01-17 13:07:38.98060,26,1000,2
2024-01-17 13:07:38.98068,26,1000,4
2024-01-17 13:07:38.98076,26,1000,6
2024-01-17 13:07:38.98084,26,1000,6
2024-01-17 13:07:38.98092,26,1000,8
2024-01-17 13:07:38.98101,26,1000,8
2024-01-17 13:07:38.98109,26,1000,10
2024-01-17 13:07:38.98117,26,1000,10
2024-01-17 13:07:38.98125,26,1000,10
2024-01-17 13:07:38.98133,26,1000,12
2024-01-17 13:07:38.98141,26,1000,14
2024-01-17 13:07:38.98149,26,1000,16
2024-01-17 13:07:38.98158,26,1000,18
2024-01-17 13:07:38.98166,26,1000,18
2024-01-17 13:07:38.98174,26,1000,20
2024-01-17 13:07:38.98183,26,1000,20
2024-01-17 13:07:38.98191,26,1000,22
2024-01-17 13:07:38.98199,26,1000,22
2024-01-17 13:07:38.98207,26,1000,22
2024-01-17 13:07:38.98215,26,1000,22
2024-01-17 13:07:38.98224,26,1000,22
2024-01-17 13:07:38.98232,26,1000,22
2024-01-17 13:07:38.98240,26,1000,22
2024-01-17 13:07:38.98248,26,1000,22
2024-01-17 13:07:38.98256,26,1000,24
2024-01-17 13:07:38.98265,26,1000,24
2024-01-17 13:07:38.98273,26,1000,24
2024-01-17 13:07:38.98284,26,1000,24
2024-01-17 13:07:38.98293,26,1000,24
2024-01-17 13:07:38.98304,26,1000,24
2024-01-17 13:07:38.98314,26,1000,24
2024-01-17 13:07:38.98322,26,1000,24
2024-01-17 13:07:38.98330,26,1000,26
2024-01-17 13:07:38.98339,26,1000,28
2024-01-17 13:07:38.98349,26,1000,30
2024-01-17 13:07:38.98359,26,1000,30
2024-01-17 13:07:38.98367,26,1000,32
2024-01-17 13:07:38.98375,26,1000,32
2024-01-17 13:07:38.98381,26,1000,32
2024-01-17 13:07:38.98389,26,1000,32
2024-01-17 13:07:38.98398,26,1000,34
2024-01-17 13:07:38.98406,26,1000,36
2024-01-17 13:07:38.98415,26,1000,38
2024-01-17 13:07:38.98425,26,1000,40
2024-01-17 13:07:38.98448,26,1000,42
2024-01-17 13:07:38.98462,26,1000,44
2024-01-17 13:07:38.98518,26,1000,44
2024-01-17 13:07:38.98536,26,1000,44
2024-01-17 13:07:38.98595,26,1000,46
2024-01-17 13:07:38.98609,26,1000,48
2024-01-17 13:07:38.98620,26,1000,50
2024-01-17 13:07:38.98634,26,1000,52
2024-01-17 13:07:38.98653,26,1000,54
2024-01-17 13:07:38.98671,26,1000,54
2024-01-17 13:07:38.98694,26,1000,56
2024-01-17 13:07:38.98705,26,1000,56
2024-01-17 13:07:38.98713,26,1000,56
2024-01-17 13:07:38.98725,26,1000,56
2024-01-17 13:07:38.98738,26,1000,58
2024-01-17 13:07:38.98759,26,1000,58
2024-01-17 13:07:38.98771,26,1000,58
2024-01-17 13:07:38.98787,26,1000,60
2024-01-17 13:07:38.98794,26,1000,60
2024-01-17 13:07:38.98802,26,1000,62
2024-01-17 13:07:38.98811,26,1000,62
2024-01-17 13:07:38.98822,26,1000,62
2024-01-17 13:07:38.98833,26,1000,64
2024-01-17 13:07:38.98843,26,1000,64
2024-01-17 13:07:38.98854,26,1000,64
2024-01-17 13:07:38.98869,26,1000,66
2024-01-17 13:07:38.98878,26,1000,68
2024-01-17 13:07:38.99025,26,1000,68
2024-01-17 13:07:38.99040,26,1000,70
2024-01-17 13:07:38.99052,26,1000,70
2024-01-17 13:07:38.99080,26,1000,72
2024-01-17 13:07:38.99097,26,1000,72
2024-01-17 13:07:38.99116,26,1000,72
2024-01-17 13:07:38.99123,26,1000,74
2024-01-17 13:07:38.99131,26,1000,76
2024-01-17 13:07:38.99138,26,1000,76
2024-01-17 13:07:38.99151,26,1000,78
2024-01-17 13:07:38.99164,26,1000,80
2024-01-17 13:07:38.99175,26,1000,80
2024-01-17 13:07:38.99194,26,1000,80
2024-01-17 13:07:38.99211,26,1000,80
2024-01-17 13:07:38.99226,26,1000,80
2024-01-17 13:07:38.99247,26,1000,80
2024-01-17 13:07:38.99259,26,1000,80
2024-01-17 13:07:38.99266,26,1000,82
2024-01-17 13:07:38.99274,26,1000,84
2024-01-17 13:07:38.99282,26,1000,86
2024-01-17 13:07:38.99295,26,1000,88
2024-01-17 13:07:38.99307,26,1000,90
2024-01-17 13:07:38.99319,26,1000,90
2024-01-17 13:07:38.99328,26,1000,90
2024-01-17 13:07:38.99336,26,1000,90
2024-01-17 13:07:38.99353,26,1000,90
2024-01-17 13:07:38.99373,26,1000,90
2024-01-17 13:07:38.99393,26,1000,92
2024-01-17 13:07:38.99403,26,1000,94
2024-01-17 13:07:38.99421,26,1000,94
2024-01-17 13:07:38.99434,26,1000,96
2024-01-17 13:07:38.99445,26,1000,98
2024-01-17 13:07:38.99452,26,1000,100
2024-01-17 13:07:38.99461,26,1000,102
2024-01-17 13:07:38.99472,26,1000,104
2024-01-17 13:07:38.99486,26,1000,104
2024-01-17 13:07:38.99495,26,1000,106
2024-01-17 13:07:38.99502,26,1000,106
2024-01-17 13:07:38.99512,26,1000,106
2024-01-17 13:07:38.99521,26,1000,108
2024-01-17 13:07:38.99531,26,1000,108
2024-01-17 13:07:38.99544,26,1000,110
2024-01-17 13:07:38.99560,26,1000,112
2024-01-17 13:07:38.99573,26,1000,112
2024-01-17 13:07:38.99585,26,1000,114
2024-01-17 13:07:38.99601,26,1000,114
2024-01-17 13:07:38.99610,26,1000,116
2024-01-17 13:07:38.99623,26,1000,116
2024-01-17 13:07:38.99632,26,1000,116
2024-01-17 13:07:38.99641,26,1000,116
2024-01-17 13:07:38.99648,26,1000,116
2024-01-17 13:07:38.99660,26,1000,116
2024-01-17 13:07:38.99681,26,1000,116
2024-01-17 13:07:38.99699,26,1000,118
2024-01-17 13:07:38.99710,26,1000,118
2024-01-17 13:07:38.99746,26,1000,118
2024-01-17 13:07:38.99766,26,1000,120
2024-01-17 13:07:38.99791,26,1000,122
2024-01-17 13:07:38.99809,26,1000,124
2024-01-17 13:07:38.99820,26,1000,124
2024-01-17 13:07:38.99831,26,1000,124
2024-01-17 13:07:38.99842,26,1000,124
2024-01-17 13:07:38.99851,26,1000,124
2024-01-17 13:07:38.99864,26,1000,124
2024-01-17 13:07:38.99878,26,1000,126
2024-01-17 13:07:38.99892,26,1000,126
2024-01-17 13:07:38.99904,26,1000,126
2024-01-17 13:07:38.99914,26,1000,128
2024-01-17 13:07:38.99924,26,1000,128
2024-01-17 13:07:38.99938,26,1000,128
2024-01-17 13:07:38.99951,26,1000,128
2024-01-17 13:07:38.99963,26,1000,130
2024-01-17 13:07:38.99974,26,1000,130
2024-01-17 13:07:38.99985,26,1000,130
2024-01-17 13:07:38.99997,26,1000,130
2024-01-17 13:07:39.00011,26,1000,130
2024-01-17 13:07:39.00030,26,1000,130
2024-01-17 13:07:39.00044,26,1000,130
2024-01-17 13:07:39.00051,26,1000,130
2024-01-17 13:07:39.00058,26,1000,130
2024-01-17 13:07:39.00067,26,1000,130
2024-01-17 13:07:39.00076,26,1000,130
2024-01-17 13:07:39.00083,26,1000,130
2024-01-17 13:07:39.00089,26,1000,130
2024-01-17 13:07:39.00099,26,1000,130
2024-01-17 13:07:39.00109,26,1000,130
2024-01-17 13:07:39.00116,26,1000,130
2024-01-17 13:07:39.00123,26,1000,130
2024-01-17 13:07:39.00130,26,1000,130
2024-01-17 13:07:39.00139,26,1000,130
2024-01-17 13:07:39.00147,26,1000,130
2024-01-17 13:07:39.00156,26,1000,130
2024-01-17 13:07:39.00164,26,1000,130
2024-01-17 13:07:39.00177,26,1000,130
2024-01-17 13:07:39.00185,26,1000,130
2024-01-17 13:07:39.00196,26,1000,130
2024-01-17 13:07:39.00203,26,1000,130
2024-01-17 13:07:39.00213,26,1000,130
2024-01-17 13:07:39.00220,26,1000,130
2024-01-17 13:07:39.00242,26,1000,130
2024-01-17 13:07:39.00262,26,1000,130
2024-01-17 13:07:39.00275,26,1000,130
2024-01-17 13:07:39.00289,26,1000,130
2024-01-17 13:07:39.00303,26,1000,130
2024-01-17 13:07:39.00317,26,1000,130
2024-01-17 13:07:39.00330,26,1000,130
2024-01-17 13:07:39.00345,26,1000,130
2024-01-17 13:07:39.00357,26,1000,130
2024-01-17 13:07:39.00370,26,1000,130
2024-01-17 13:07:39.00383,26,1000,130
2024-01-17 13:07:39.00395,26,1000,130
2024-01-17 13:07:39.00410,26,1000,130
2024-01-17 13:07:39.00423,26,1000,130
2024-01-17 13:07:39.00436,26,1000,130
2024-01-17 13:07:39.00450,26,1000,130
2024-01-17 13:07:39.00462,26,1000,130
2024-01-17 13:07:39.00480,26,1000,130
2024-01-17 13:07:39.00500,26,1000,130
2024-01-17 13:07:39.00518,26,1000,130
2024-01-17 13:07:39.00530,26,1000,130
2024-01-17 13:07:39.00544,26,1000,130
2024-01-17 13:07:39.00558,26,1000,130
2024-01-17 13:07:39.00569,26,1000,130
2024-01-17 13:07:39.00582,26,1000,130
2024-01-17 13:07:39.00592,26,1000,130
2024-01-17 13:07:39.00628,26,1000,130
2024-01-17 13:07:39.00636,26,1000,130
2024-01-17 13:07:39.00646,26,1000,130
2024-01-17 13:07:39.00658,26,1000,130
2024-01-17 13:07:39.00680,26,1000,130
2024-01-17 13:07:39.00696,26,1000,130
2024-01-17 13:07:39.00729,26,1000,130
2024-01-17 13:07:39.00744,26,1000,130
2024-01-17 13:07:39.00759,26,1000,130
2024-01-17 13:07:39.00789,26,1000,130
2024-01-17 13:07:39.00802,26,1000,130
2024-01-17 13:07:39.00817,26,1000,130
2024-01-17 13:07:39.00828,26,1000,130
2024-01-17 13:07:39.00837,26,1000,130
2024-01-17 13:07:39.00845,26,1000,130
2024-01-17 13:07:39.00851,26,1000,130
2024-01-17 13:07:39.00862,26,1000,130
2024-01-17 13:07:39.00870,26,1000,130
2024-01-17 13:07:39.00879,26,1000,130
2024-01-17 13:07:39.00887,26,1000,130
2024-01-17 13:07:39.00920,26,1000,132
2024-01-17 13:07:39.00934,26,1000,134
2024-01-17 13:07:39.00947,26,1000,134
2024-01-17 13:07:39.00960,26,1000,134
2024-01-17 13:07:39.00972,26,1000,134
2024-01-17 13:07:39.00984,26,1000,134
2024-01-17 13:07:39.00992,26,1000,136
2024-01-17 13:07:39.01002,26,1000,138
2024-01-17 13:07:39.01009,26,1000,138
2024-01-17 13:07:39.01017,26,1000,140
2024-01-17 13:07:39.01032,26,1000,142
2024-01-17 13:07:39.01041,26,1000,144
2024-01-17 13:07:39.01050,26,1000,146
2024-01-17 13:07:39.01058,26,1000,148
2024-01-17 13:07:39.01068,26,1000,150
2024-01-17 13:07:39.01080,26,1000,150
2024-01-17 13:07:39.01087,26,1000,152
2024-01-17 13:07:39.01106,26,1000,152
2024-01-17 13:07:39.01115,26,1000,154
2024-01-17 13:07:39.01123,26,1000,154
2024-01-17 13:07:39.01133,26,1000,154
2024-01-17 13:07:39.01146,26,1000,154
2024-01-17 13:07:39.01156,26,1000,156
2024-01-17 13:07:39.01163,26,1000,156
2024-01-17 13:07:39.01174,26,1000,156
2024-01-17 13:07:39.01187,26,1000,156
2024-01-17 13:07:39.01194,26,1000,158
2024-01-17 13:07:39.01200,26,1000,158
2024-01-17 13:07:39.01209,26,1000,160
2024-01-17 13:07:39.01219,26,1000,162
2024-01-17 13:07:39.01231,26,1000,164
2024-01-17 13:07:39.01243,26,1000,164
2024-01-17 13:07:39.01249,26,1000,166
2024-01-17 13:07:39.01262,26,1000,166
2024-01-17 13:07:39.01268,26,1000,168
2024-01-17 13:07:39.01278,26,1000,168
2024-01-17 13:07:39.01288,26,1000,170
2024-01-17 13:07:39.01309,26,1000,172
2024-01-17 13:07:39.01337,26,1000,172
2024-01-17 13:07:39.01348,26,1000,172
2024-01-17 13:07:39.01357,26,1000,172
2024-01-17 13:07:39.01368,26,1000,174
2024-01-17 13:07:39.01374,26,1000,176
2024-01-17 13:07:39.01385,26,1000,176
2024-01-17 13:07:39.01397,26,1000,178
2024-01-17 13:07:39.01411,26,1000,178
2024-01-17 13:07:39.01425,26,1000,180
2024-01-17 13:07:39.01457,26,1000,182
2024-01-17 13:07:39.01469,26,1000,184
2024-01-17 13:07:39.01481,26,1000,186
2024-01-17 13:07:39.01503,26,1000,188
2024-01-17 13:07:39.01516,26,1000,190
2024-01-17 13:07:39.01528,26,1000,192
2024-01-17 13:07:39.01540,26,1000,192
2024-01-17 13:07:39.01553,26,1000,194
2024-01-17 13:07:39.01565,26,1000,196
2024-01-17 13:07:39.01574,26,1000,198
2024-01-17 13:07:39.01581,26,1000,198
2024-01-17 13:07:39.01589,26,1000,200
2024-01-17 13:07:39.01598,26,1000,202
2024-01-17 13:07:39.01612,26,1000,204
2024-01-17 13:07:39.01619,26,1000,206
2024-01-17 13:07:39.01626,26,1000,208
2024-01-17 13:07:39.01636,26,1000,210
2024-01-17 13:07:39.01644,26,1000,210
2024-01-17 13:07:39.01656,26,1000,212
2024-01-17 13:07:39.01664,26,1000,214
2024-01-17 13:07:39.01676,26,1000,216
2024-01-17 13:07:39.01692,26,1000,218
2024-01-17 13:07:39.01705,26,1000,218
2024-01-17 13:07:39.01715,26,1000,220
2024-01-17 13:07:39.01725,26,1000,222
2024-01-17 13:07:39.01741,26,1000,222
2024-01-17 13:07:39.01759,26,1000,224
2024-01-17 13:07:39.01767,26,1000,226
2024-01-17 13:07:39.01775,26,1000,228
2024-01-17 13:07:39.01785,26,1000,230
2024-01-17 13:07:39.01794,26,1000,232
2024-01-17 13:07:39.01802,26,1000,234
2024-01-17 13:07:39.01808,26,1000,236
2024-01-17 13:07:39.01814,26,1000,238
2024-01-17 13:07:39.01826,26,1000,238
2024-01-17 13:07:39.01833,26,1000,240
2024-01-17 13:07:39.01850,26,1000,240
2024-01-17 13:07:39.01872,26,1000,242
2024-01-17 13:07:39.01884,26,1000,242
2024-01-17 13:07:39.01893,26,1000,244
2024-01-17 13:07:39.01899,26,1000,246
2024-01-17 13:07:39.01911,26,1000,248
2024-01-17 13:07:39.01925,26,1000,248
2024-01-17 13:07:39.01939,26,1000,248
2024-01-17 13:07:39.01952,26,1000,250
2024-01-17 13:07:39.01965,26,1000,252
2024-01-17 13:07:39.01974,26,1000,254
2024-01-17 13:07:39.01980,26,1000,254
2024-01-17 13:07:39.01995,26,1000,256
2024-01-17 13:07:39.02010,26,1000,256
2024-01-17 13:07:39.02023,26,1000,258
2024-01-17 13:07:39.02030,26,1000,258
2024-01-17 13:07:39.02227,26,1000,260
2024-01-17 13:07:39.02236,26,1000,262
2024-01-17 13:07:39.02250,26,1000,262
2024-01-17 13:07:39.02259,26,1000,264
2024-01-17 13:07:39.02268,26,1000,266
2024-01-17 13:07:39.02275,26,1000,268
2024-01-17 13:07:39.02286,26,1000,268
2024-01-17 13:07:39.02293,26,1000,268
2024-01-17 13:07:39.02305,26,1000,268
2024-01-17 13:07:39.02313,26,1000,270
2024-01-17 13:07:39.02322,26,1000,272
2024-01-17 13:07:39.02335,26,1000,272
2024-01-17 13:07:39.02343,26,1000,274
2024-01-17 13:07:39.02358,26,1000,276
2024-01-17 13:07:39.02366,26,1000,278
2024-01-17 13:07:39.02377,26,1000,280
2024-01-17 13:07:39.02386,26,1000,282
2024-01-17 13:07:39.02398,26,1000,284
2024-01-17 13:07:39.02414,26,1000,284
2024-01-17 13:07:39.02426,26,1000,286
2024-01-17 13:07:39.02439,26,1000,288
2024-01-17 13:07:39.02447,26,1000,290
2024-01-17 13:07:39.02456,26,1000,292
2024-01-17 13:07:39.02468,26,1000,292
2024-01-17 13:07:39.02486,26,1000,294
2024-01-17 13:07:39.02505,26,1000,296
2024-01-17 13:07:39.02521,26,1000,298
2024-01-17 13:07:39.02529,26,1000,300
2024-01-17 13:07:39.02538,26,1000,302
2024-01-17 13:07:39.02554,26,1000,304
2024-01-17 13:07:39.02569,26,1000,306
2024-01-17 13:07:39.02658,26,1000,306
2024-01-17 13:07:39.02684,26,1000,308
2024-01-17 13:07:39.02714,26,1000,310
2024-01-17 13:07:39.02727,26,1000,310
2024-01-17 13:07:39.02739,26,1000,310
2024-01-17 13:07:39.02758,26,1000,312
2024-01-17 13:07:39.02774,26,1000,314
2024-01-17 13:07:39.02790,26,1000,314
2024-01-17 13:07:39.02806,26,1000,316
2024-01-17 13:07:39.02833,26,1000,316
2024-01-17 13:07:39.02849,26,1000,318
2024-01-17 13:07:39.02860,26,1000,318
2024-01-17 13:07:39.02873,26,1000,318
2024-01-17 13:07:39.02882,26,1000,320
2024-01-17 13:07:39.02893,26,1000,322
2024-01-17 13:07:39.02904,26,1000,324
2024-01-17 13:07:39.02914,26,1000,324
2024-01-17 13:07:39.02925,26,1000,326
2024-01-17 13:07:39.02934,26,1000,328
2024-01-17 13:07:39.02944,26,1000,330
2024-01-17 13:07:39.02953,26,1000,332
2024-01-17 13:07:39.02964,26,1000,332
2024-01-17 13:07:39.03303,26,1000,334
2024-01-17 13:07:39.03362,26,1000,336
2024-01-17 13:07:39.03426,26,1000,336
2024-01-17 13:07:39.03448,26,1000,336
2024-01-17 13:07:39.03472,26,1000,338
2024-01-17 13:07:39.03489,26,1000,340
2024-01-17 13:07:39.03554,26,1000,340
2024-01-17 13:07:39.03656,26,1000,342
2024-01-17 13:07:39.04270,26,1000,344
2024-01-17 13:07:39.04289,26,1000,344
2024-01-17 13:07:39.04311,26,1000,346
2024-01-17 13:07:39.04322,26,1000,348
2024-01-17 13:07:39.04330,26,1000,350
2024-01-17 13:07:39.04339,26,1000,352
2024-01-17 13:07:39.04347,26,1000,354
2024-01-17 13:07:39.04357,26,1000,356
2024-01-17 13:07:39.04365,26,1000,356
2024-01-17 13:07:39.04373,26,1000,356
2024-01-17 13:07:39.04381,26,1000,358
2024-01-17 13:07:39.04389,26,1000,358
2024-01-17 13:07:39.04397,26,1000,358
2024-01-17 13:07:39.04408,26,1000,360
2024-01-17 13:07:39.04415,26,1000,362
2024-01-17 13:07:39.04423,26,1000,364
2024-01-17 13:07:39.04430,26,1000,364
2024-01-17 13:07:39.04440,26,1000,366
2024-01-17 13:07:39.04449,26,1000,366
2024-01-17 13:07:39.04456,26,1000,366
2024-01-17 13:07:39.04465,26,1000,368
2024-01-17 13:07:39.04472,26,1000,370
2024-01-17 13:07:39.04479,26,1000,372
2024-01-17 13:07:39.04487,26,1000,374
2024-01-17 13:07:39.07783,26,1000,376
2024-01-17 13:07:39.07833,26,1000,378
2024-01-17 13:07:39.07976,26,1000,378
2024-01-17 13:07:39.08001,26,1000,380
2024-01-17 13:07:39.08746,26,1000,382
2024-01-17 13:07:39.09455,26,1000,384
2024-01-17 13:07:39.09472,26,1000,386
2024-01-17 13:07:39.09610,26,1000,388
2024-01-17 13:07:39.11069,26,1000,390
2024-01-17 13:07:39.11128,26,1000,392
2024-01-17 13:07:39.11141,26,1000,394
2024-01-17 13:07:39.11205,26,1000,396
2024-01-17 13:07:39.11220,26,1000,396
2024-01-17 13:07:39.11250,26,1000,398
2024-01-17 13:07:39.11278,26,1000,400
2024-01-17 13:07:39.11293,26,1000,402
2024-01-17 13:07:39.11335,26,1000,402
2024-01-17 13:07:39.11391,26,1000,402
2024-01-17 13:07:39.11675,26,1000,402
2024-01-17 13:07:39.11709,26,1000,404
2024-01-17 13:07:39.11917,26,1000,404
2024-01-17 13:07:39.12004,26,1000,404
2024-01-17 13:07:39.12062,26,1000,406
2024-01-17 13:07:39.12321,26,1000,406
2024-01-17 13:07:39.12741,26,1000,408
2024-01-17 13:07:39.13098,26,1000,410
2024-01-17 13:07:39.13146,26,1000,412
2024-01-17 13:07:39.13163,26,1000,412
2024-01-17 13:07:39.13222,26,1000,414
2024-01-17 13:07:39.13800,26,1000,416
2024-01-17 13:07:39.13815,26,1000,418
2024-01-17 13:07:39.13824,26,1000,420
2024-01-17 13:07:39.13832,26,1000,422
2024-01-17 13:07:39.13842,26,1000,422
2024-01-17 13:07:39.13851,26,1000,422
2024-01-17 13:07:39.13860,26,1000,422
2024-01-17 13:07:39.13868,26,1000,422
2024-01-17 13:07:39.13876,26,1000,424
2024-01-17 13:07:39.13896,26,1000,424
2024-01-17 13:07:39.13915,26,1000,424
2024-01-17 13:07:39.13924,26,1000,426
2024-01-17 13:07:39.13933,26,1000,426
2024-01-17 13:07:39.13940,26,1000,428
2024-01-17 13:07:39.13949,26,1000,430
2024-01-17 13:07:39.13957,26,1000,432
2024-01-17 13:07:39.13965,26,1000,434
2024-01-17 13:07:39.13974,26,1000,434
2024-01-17 13:07:39.13984,26,1000,434
2024-01-17 13:07:39.13993,26,1000,436
2024-01-17 13:07:39.14001,26,1000,436
2024-01-17 13:07:39.14008,26,1000,438
2024-01-17 13:07:39.14016,26,1000,438
2024-01-17 13:07:39.14023,26,1000,440
2024-01-17 13:07:39.14034,26,1000,440
2024-01-17 13:07:39.14042,26,1000,440
2024-01-17 13:07:39.14050,26,1000,442
2024-01-17 13:07:39.14057,26,1000,444
2024-01-17 13:07:39.14065,26,1000,444
2024-01-17 13:07:39.14073,26,1000,446
2024-01-17 13:07:39.14080,26,1000,448
2024-01-17 13:07:39.14087,26,1000,448
2024-01-17 13:07:39.14094,26,1000,450
2024-01-17 13:07:39.14103,26,1000,450
2024-01-17 13:07:39.14112,26,1000,450
2024-01-17 13:07:39.14119,26,1000,450
2024-01-17 13:07:39.14128,26,1000,450
2024-01-17 13:07:39.14137,26,1000,452
2024-01-17 13:07:39.14144,26,1000,454
2024-01-17 13:07:39.14151,26,1000,454
2024-01-17 13:07:39.14158,26,1000,456
2024-01-17 13:07:39.14165,26,1000,458
2024-01-17 13:07:39.14173,26,1000,458
2024-01-17 13:07:39.14180,26,1000,460
2024-01-17 13:07:39.14190,26,1000,462
2024-01-17 13:07:39.14200,26,1000,462
2024-01-17 13:07:39.14210,26,1000,464
2024-01-17 13:07:39.14218,26,1000,466
2024-01-17 13:07:39.14228,26,1000,468
2024-01-17 13:07:39.14239,26,1000,470
2024-01-17 13:07:39.14247,26,1000,472
2024-01-17 13:07:39.14254,26,1000,472
2024-01-17 13:07:39.14262,26,1000,474
2024-01-17 13:07:39.14270,26,1000,476
2024-01-17 13:07:39.14279,26,1000,478
2024-01-17 13:07:39.14288,26,1000,480
2024-01-17 13:07:39.14298,26,1000,482
2024-01-17 13:07:39.14311,26,1000,484
2024-01-17 13:07:39.14325,26,1000,484
2024-01-17 13:07:39.14338,26,1000,486
2024-01-17 13:07:39.14349,26,1000,488
2024-01-17 13:07:39.14359,26,1000,490
2024-01-17 13:07:39.14370,26,1000,492
2024-01-17 13:07:39.14382,26,1000,494
2024-01-17 13:07:39.14392,26,1000,494
2024-01-17 13:07:39.14401,26,1000,496
2024-01-17 13:07:39.14410,26,1000,498
2024-01-17 13:07:39.14426,26,1000,498
2024-01-17 13:07:39.14438,26,1000,498
2024-01-17 13:07:39.14447,26,1000,500
2024-01-17 13:07:39.14457,26,1000,502
2024-01-17 13:07:39.14465,26,1000,504
2024-01-17 13:07:39.14472,26,1000,506
2024-01-17 13:07:39.14479,26,1000,508
2024-01-17 13:07:39.14499,26,1000,510
2024-01-17 13:07:39.14510,26,1000,512
2024-01-17 13:07:39.14525,26,1000,514
2024-01-17 13:07:39.14537,26,1000,516
2024-01-17 13:07:39.14551,26,1000,516
2024-01-17 13:07:39.14561,26,1000,518
2024-01-17 13:07:39.14573,26,1000,518
2024-01-17 13:07:39.14587,26,1000,520
2024-01-17 13:07:39.14604,26,1000,522
2024-01-17 13:07:39.14615,26,1000,524
2024-01-17 13:07:39.14626,26,1000,526
2024-01-17 13:07:39.14638,26,1000,528
2024-01-17 13:07:39.14650,26,1000,530
2024-01-17 13:07:39.14663,26,1000,532
2024-01-17 13:07:39.14676,26,1000,534
2024-01-17 13:07:39.14686,26,1000,536
2024-01-17 13:07:39.14698,26,1000,538
2024-01-17 13:07:39.14712,26,1000,540
2024-01-17 13:07:39.14731,26,1000,542
2024-01-17 13:07:39.14741,26,1000,542
2024-01-17 13:07:39.14796,26,1000,544
2024-01-17 13:07:39.14809,26,1000,546
2024-01-17 13:07:39.14818,26,1000,548
2024-01-17 13:07:39.14829,26,1000,550
2024-01-17 13:07:39.14839,26,1000,552
2024-01-17 13:07:39.14849,26,1000,554
2024-01-17 13:07:39.14860,26,1000,556
2024-01-17 13:07:39.14868,26,1000,558
2024-01-17 13:07:39.14878,26,1000,560
2024-01-17 13:07:39.14886,26,1000,562
2024-01-17 13:07:39.14893,26,1000,564
2024-01-17 13:07:39.14901,26,1000,566
2024-01-17 13:07:39.14908,26,1000,566
2024-01-17 13:07:39.14971,26,1000,568
2024-01-17 13:07:39.14978,26,1000,570
2024-01-17 13:07:39.14984,26,1000,572
2024-01-17 13:07:39.14992,26,1000,572
2024-01-17 13:07:39.14998,26,1000,572
2024-01-17 13:07:39.15005,26,1000,574
2024-01-17 13:07:39.15012,26,1000,576
2024-01-17 13:07:39.15019,26,1000,578
2024-01-17 13:07:39.15025,26,1000,580
2024-01-17 13:07:39.15032,26,1000,582
2024-01-17 13:07:39.15038,26,1000,584
2024-01-17 13:07:39.15044,26,1000,586
2024-01-17 13:07:39.15051,26,1000,588
2024-01-17 13:07:39.15057,26,1000,590
2024-01-17 13:07:39.15064,26,1000,592
2024-01-17 13:07:39.15070,26,1000,594
2024-01-17 13:07:39.15077,26,1000,596
2024-01-17 13:07:39.15082,26,1000,598
2024-01-17 13:07:39.15088,26,1000,600
2024-01-17 13:07:39.15093,26,1000,602
2024-01-17 13:07:39.15100,26,1000,604
2024-01-17 13:07:39.15106,26,1000,604
2024-01-17 13:07:39.15126,26,1000,606
2024-01-17 13:07:39.15132,26,1000,608
2024-01-17 13:07:39.15140,26,1000,608
2024-01-17 13:07:39.15147,26,1000,610
2024-01-17 13:07:39.15155,26,1000,612
2024-01-17 13:07:39.15162,26,1000,614
2024-01-17 13:07:39.15172,26,1000,616
2024-01-17 13:07:39.15186,26,1000,618
2024-01-17 13:07:39.15197,26,1000,620
2024-01-17 13:07:39.15211,26,1000,622
2024-01-17 13:07:39.15220,26,1000,624
2024-01-17 13:07:39.15231,26,1000,626
2024-01-17 13:07:39.15243,26,1000,626
2024-01-17 13:07:39.15254,26,1000,628
2024-01-17 13:07:39.15265,26,1000,630
2024-01-17 13:07:39.15275,26,1000,632
2024-01-17 13:07:39.15287,26,1000,634
2024-01-17 13:07:39.15298,26,1000,636
2024-01-17 13:07:39.15309,26,1000,638
2024-01-17 13:07:39.15319,26,1000,640
2024-01-17 13:07:39.15330,26,1000,640
2024-01-17 13:07:39.15337,26,1000,642
2024-01-17 13:07:39.15346,26,1000,644
2024-01-17 13:07:39.15354,26,1000,646
2024-01-17 13:07:39.15361,26,1000,648
2024-01-17 13:07:39.15368,26,1000,650
2024-01-17 13:07:39.15377,26,1000,652
2024-01-17 13:07:39.15385,26,1000,654
2024-01-17 13:07:39.15394,26,1000,656
2024-01-17 13:07:39.15407,26,1000,658
2024-01-17 13:07:39.15414,26,1000,660
2024-01-17 13:07:39.15421,26,1000,662
2024-01-17 13:07:39.15429,26,1000,664
2024-01-17 13:07:39.15437,26,1000,666
2024-01-17 13:07:39.15444,26,1000,668
2024-01-17 13:07:39.15451,26,1000,670
2024-01-17 13:07:39.15459,26,1000,672
2024-01-17 13:07:39.15467,26,1000,674
2024-01-17 13:07:39.15473,26,1000,676
2024-01-17 13:07:39.15482,26,1000,678
2024-01-17 13:07:39.15489,26,1000,680
2024-01-17 13:07:39.15498,26,1000,682
2024-01-17 13:07:39.15506,26,1000,684
2024-01-17 13:07:39.15514,26,1000,686
2024-01-17 13:07:39.15522,26,1000,688
2024-01-17 13:07:39.15531,26,1000,690
2024-01-17 13:07:39.15537,26,1000,692
2024-01-17 13:07:39.15543,26,1000,694
2024-01-17 13:07:39.15548,26,1000,696
2024-01-17 13:07:39.15555,26,1000,698
2024-01-17 13:07:39.15563,26,1000,698
2024-01-17 13:07:39.15569,26,1000,700
2024-01-17 13:07:39.15575,26,1000,702
2024-01-17 13:07:39.15582,26,1000,704
2024-01-17 13:07:39.15590,26,1000,704
2024-01-17 13:07:39.15597,26,1000,706
2024-01-17 13:07:39.15629,26,1000,708
2024-01-17 13:07:39.15641,26,1000,710
2024-01-17 13:07:39.15675,26,1000,712
2024-01-17 13:07:39.15695,26,1000,714
2024-01-17 13:07:39.15716,26,1000,716
2024-01-17 13:07:39.15726,26,1000,718
2024-01-17 13:07:39.15739,26,1000,720
2024-01-17 13:07:39.15751,26,1000,720
2024-01-17 13:07:39.15760,26,1000,722
2024-01-17 13:07:39.15770,26,1000,724
2024-01-17 13:07:39.15778,26,1000,726
2024-01-17 13:07:39.15786,26,1000,728
2024-01-17 13:07:39.15792,26,1000,730
2024-01-17 13:07:39.15798,26,1000,732
2024-01-17 13:07:39.15813,26,1000,732
2024-01-17 13:07:39.15830,26,1000,734
2024-01-17 13:07:39.15837,26,1000,736
2024-01-17 13:07:39.15843,26,1000,738
2024-01-17 13:07:39.15872,26,1000,740
2024-01-17 13:07:39.15897,26,1000,740
2024-01-17 13:07:39.15911,26,1000,740
2024-01-17 13:07:39.15951,26,1000,742
2024-01-17 13:07:39.15961,26,1000,744
2024-01-17 13:07:39.15975,26,1000,746
2024-01-17 13:07:39.15998,26,1000,748
2024-01-17 13:07:39.16015,26,1000,750
2024-01-17 13:07:39.16031,26,1000,752
2024-01-17 13:07:39.16038,26,1000,754
2024-01-17 13:07:39.16047,26,1000,756
2024-01-17 13:07:39.16055,26,1000,756
2024-01-17 13:07:39.16065,26,1000,758
2024-01-17 13:07:39.16072,26,1000,760
2024-01-17 13:07:39.16079,26,1000,762
2024-01-17 13:07:39.16088,26,1000,764
2024-01-17 13:07:39.16096,26,1000,766
2024-01-17 13:07:39.16104,26,1000,768
2024-01-17 13:07:39.16113,26,1000,770
2024-01-17 13:07:39.16119,26,1000,772
2024-01-17 13:07:39.16127,26,1000,774
2024-01-17 13:07:39.16134,26,1000,774
2024-01-17 13:07:39.16160,26,1000,776
2024-01-17 13:07:39.16174,26,1000,778
2024-01-17 13:07:39.16186,26,1000,780
2024-01-17 13:07:39.16221,26,1000,780
2024-01-17 13:07:39.16230,26,1000,782
2024-01-17 13:07:39.16238,26,1000,784
2024-01-17 13:07:39.16246,26,1000,786
2024-01-17 13:07:39.16254,26,1000,788
2024-01-17 13:07:39.16264,26,1000,788
2024-01-17 13:07:39.16273,26,1000,788
2024-01-17 13:07:39.16281,26,1000,790
2024-01-17 13:07:39.16290,26,1000,792
2024-01-17 13:07:39.16306,26,1000,792
2024-01-17 13:07:39.16317,26,1000,794
2024-01-17 13:07:39.16326,26,1000,794
2024-01-17 13:07:39.16337,26,1000,796
2024-01-17 13:07:39.16345,26,1000,798
2024-01-17 13:07:39.16355,26,1000,798
2024-01-17 13:07:39.16374,26,1000,798
2024-01-17 13:07:39.16383,26,1000,798
2024-01-17 13:07:39.16392,26,1000,800
2024-01-17 13:07:39.16401,26,1000,802
2024-01-17 13:07:39.16410,26,1000,804
2024-01-17 13:07:39.16419,26,1000,806
2024-01-17 13:07:39.16443,26,1000,808
2024-01-17 13:07:39.16460,26,1000,810
2024-01-17 13:07:39.16477,26,1000,812
2024-01-17 13:07:39.16496,26,1000,814
2024-01-17 13:07:39.16505,26,1000,816
2024-01-17 13:07:39.16514,26,1000,818
2024-01-17 13:07:39.16522,26,1000,818
2024-01-17 13:07:39.16533,26,1000,818
2024-01-17 13:07:39.16545,26,1000,818
2024-01-17 13:07:39.16555,26,1000,820
2024-01-17 13:07:39.16563,26,1000,822
2024-01-17 13:07:39.16573,26,1000,822
2024-01-17 13:07:39.16582,26,1000,824
2024-01-17 13:07:39.16591,26,1000,826
2024-01-17 13:07:39.16600,26,1000,828
2024-01-17 13:07:39.16607,26,1000,830
2024-01-17 13:07:39.16618,26,1000,832
2024-01-17 13:07:39.16628,26,1000,832
2024-01-17 13:07:39.16636,26,1000,832
2024-01-17 13:07:39.16648,26,1000,834
2024-01-17 13:07:39.17750,26,1000,836
2024-01-17 13:07:39.17789,26,1000,838
2024-01-17 13:07:39.17824,26,1000,840
2024-01-17 13:07:39.17882,26,1000,842
2024-01-17 13:07:39.17897,26,1000,844
2024-01-17 13:07:39.17911,26,1000,844
2024-01-17 13:07:39.17955,26,1000,846
2024-01-17 13:07:39.17991,26,1000,848
2024-01-17 13:07:39.18024,26,1000,850
2024-01-17 13:07:39.18220,26,1000,850
2024-01-17 13:07:39.18367,26,1000,852
2024-01-17 13:07:39.18564,26,1000,854
2024-01-17 13:07:39.18609,26,1000,856
2024-01-17 13:07:39.18624,26,1000,858
2024-01-17 13:07:39.18681,26,1000,860
2024-01-17 13:07:39.18713,26,1000,862
2024-01-17 13:07:39.18721,26,1000,864
2024-01-17 13:07:39.18735,26,1000,866
2024-01-17 13:07:39.18754,26,1000,868
2024-01-17 13:07:39.18764,26,1000,868
2024-01-17 13:07:39.18774,26,1000,870
2024-01-17 13:07:39.18784,26,1000,872
2024-01-17 13:07:39.18802,26,1000,874
2024-01-17 13:07:39.18821,26,1000,876
2024-01-17 13:07:39.18834,26,1000,876
2024-01-17 13:07:39.18954,26,1000,878
2024-01-17 13:07:39.19094,26,1000,880
2024-01-17 13:07:39.19334,26,1000,882
2024-01-17 13:07:39.19368,26,1000,884
2024-01-17 13:07:39.19390,26,1000,886
2024-01-17 13:07:39.19399,26,1000,888
2024-01-17 13:07:39.19414,26,1000,890
2024-01-17 13:07:39.19423,26,1000,892
2024-01-17 13:07:39.19431,26,1000,894
2024-01-17 13:07:39.19440,26,1000,896
2024-01-17 13:07:39.19449,26,1000,898
2024-01-17 13:07:39.19458,26,1000,898
2024-01-17 13:07:39.19468,26,1000,900
2024-01-17 13:07:39.19477,26,1000,902
2024-01-17 13:07:39.19485,26,1000,904
2024-01-17 13:07:39.19495,26,1000,906
2024-01-17 13:07:39.19511,26,1000,908
2024-01-17 13:07:39.19522,26,1000,910
2024-01-17 13:07:39.19533,26,1000,912
2024-01-17 13:07:39.19542,26,1000,914
2024-01-17 13:07:39.19551,26,1000,916
2024-01-17 13:07:39.19559,26,1000,918
2024-01-17 13:07:39.19568,26,1000,920
2024-01-17 13:07:39.19578,26,1000,922
2024-01-17 13:07:39.19592,26,1000,924
2024-01-17 13:07:39.19603,26,1000,926
2024-01-17 13:07:39.19726,26,1000,928
2024-01-17 13:07:39.19745,26,1000,930
2024-01-17 13:07:39.19759,26,1000,932
2024-01-17 13:07:39.19824,26,1000,934
2024-01-17 13:07:39.19835,26,1000,936
2024-01-17 13:07:39.19855,26,1000,938
2024-01-17 13:07:39.19870,26,1000,940
2024-01-17 13:07:39.19887,26,1000,942
2024-01-17 13:07:39.19899,26,1000,944
2024-01-17 13:07:39.19906,26,1000,946
2024-01-17 13:07:39.19913,26,1000,948
2024-01-17 13:07:39.19929,26,1000,950
2024-01-17 13:07:39.19947,26,1000,952
2024-01-17 13:07:39.19955,26,1000,954
2024-01-17 13:07:39.19962,26,1000,956
2024-01-17 13:07:39.19970,26,1000,958
2024-01-17 13:07:39.19978,26,1000,960
2024-01-17 13:07:39.19984,26,1000,962
2024-01-17 13:07:39.19991,26,1000,962
2024-01-17 13:07:39.19998,26,1000,964
2024-01-17 13:07:39.20005,26,1000,966
2024-01-17 13:07:39.20012,26,1000,968
2024-01-17 13:07:39.20019,26,1000,970
2024-01-17 13:07:39.20027,26,1000,972
2024-01-17 13:07:39.20034,26,1000,974
2024-01-17 13:07:39.20041,26,1000,976
2024-01-17 13:07:39.20051,26,1000,978
2024-01-17 13:07:39.20058,26,1000,980
2024-01-17 13:07:39.20066,26,1000,982
2024-01-17 13:07:39.20074,26,1000,984
2024-01-17 13:07:39.20082,26,1000,986
2024-01-17 13:07:39.20089,26,1000,988
2024-01-17 13:07:39.20098,26,1000,990
2024-01-17 13:07:39.20117,26,1000,992
2024-01-17 13:07:39.20131,26,1000,992
2024-01-17 13:07:39.20144,26,1000,994
2024-01-17 13:07:39.20152,26,1000,996
2024-01-17 13:07:39.20159,26,1000,998
2024-01-17 13:07:39.20168,26,1000,1000
2024-01-17 13:07:39.20175,26,1000,1002
2024-01-17 13:07:39.20181,26,1000,1004
2024-01-17 13:07:39.20188,26,1000,1006
2024-01-17 13:07:39.20195,26,1000,1008
2024-01-17 13:07:39.20204,26,1000,1010
2024-01-17 13:07:39.20211,26,1000,1012
2024-01-17 13:07:39.20221,26,1000,1014
2024-01-17 13:07:39.20230,26,1000,1016
2024-01-17 13:07:39.20237,26,1000,1018
2024-01-17 13:07:39.20244,26,1000,1020
2024-01-17 13:07:39.20252,26,1000,1022
2024-01-17 13:07:39.20260,26,1000,1024
2024-01-17 13:07:39.20268,26,1000,1026
2024-01-17 13:07:39.20278,26,1000,1028
2024-01-17 13:07:39.20287,26,1000,1030
2024-01-17 13:07:39.20295,26,1000,1030
2024-01-17 13:07:39.20303,26,1000,1032
2024-01-17 13:07:39.20310,26,1000,1034
2024-01-17 13:07:39.20317,26,1000,1036
2024-01-17 13:07:39.20326,26,1000,1036
2024-01-17 13:07:39.20334,26,1000,1038
2024-01-17 13:07:39.20342,26,1000,1040
2024-01-17 13:07:39.20350,26,1000,1042
2024-01-17 13:07:39.20357,26,1000,1044
2024-01-17 13:07:39.20365,26,1000,1046
2024-01-17 13:07:39.20373,26,1000,1048
2024-01-17 13:07:39.96592,27,1000,0
2024-01-17 13:07:39.96613,27,1000,0
2024-01-17 13:07:39.96625,27,1000,0
2024-01-17 13:07:39.96637,27,1000,0
2024-01-17 13:07:39.96648,27,1000,0
2024-01-17 13:07:39.96660,27,1000,0
2024-01-17 13:07:39.96674,27,1000,0
2024-01-17 13:07:39.96688,27,1000,0
2024-01-17 13:07:39.96702,27,1000,0
2024-01-17 13:07:39.96720,27,1000,0
2024-01-17 13:07:39.96735,27,1000,0
2024-01-17 13:07:39.96748,27,1000,0
2024-01-17 13:07:39.96765,27,1000,0
2024-01-17 13:07:39.96779,27,1000,0
2024-01-17 13:07:39.96793,27,1000,0
2024-01-17 13:07:39.96807,27,1000,0
2024-01-17 13:07:39.96820,27,1000,0
2024-01-17 13:07:39.96838,27,1000,0
2024-01-17 13:07:39.96848,27,1000,0
2024-01-17 13:07:39.96855,27,1000,0
2024-01-17 13:07:39.96864,27,1000,0
2024-01-17 13:07:39.96872,27,1000,0
2024-01-17 13:07:39.96878,27,1000,0
2024-01-17 13:07:39.96885,27,1000,0
2024-01-17 13:07:39.96894,27,1000,0
2024-01-17 13:07:39.96901,27,1000,0
2024-01-17 13:07:39.96908,27,1000,0
2024-01-17 13:07:39.96915,27,1000,0
2024-01-17 13:07:39.96944,27,1000,0
2024-01-17 13:07:39.96963,27,1000,0
2024-01-17 13:07:39.96988,27,1000,0
2024-01-17 13:07:39.96997,27,1000,0
2024-01-17 13:07:39.97005,27,1000,0
2024-01-17 13:07:39.97014,27,1000,0
2024-01-17 13:07:39.97023,27,1000,0
2024-01-17 13:07:39.97031,27,1000,0
2024-01-17 13:07:39.97039,27,1000,0
2024-01-17 13:07:39.97047,27,1000,0
2024-01-17 13:07:39.97056,27,1000,0
2024-01-17 13:07:39.97064,27,1000,0
2024-01-17 13:07:39.97072,27,1000,0
2024-01-17 13:07:39.97080,27,1000,0
2024-01-17 13:07:39.97335,27,1000,0
2024-01-17 13:07:39.97346,27,1000,0
2024-01-17 13:07:39.97357,27,1000,0
2024-01-17 13:07:39.97401,27,1000,0
2024-01-17 13:07:39.97410,27,1000,0
2024-01-17 13:07:39.97421,27,1000,0
2024-01-17 13:07:39.97431,27,1000,0
2024-01-17 13:07:39.97441,27,1000,0
2024-01-17 13:07:39.97450,27,1000,0
2024-01-17 13:07:39.97460,27,1000,0
2024-01-17 13:07:39.97469,27,1000,0
2024-01-17 13:07:39.97478,27,1000,0
2024-01-17 13:07:39.97490,27,1000,0
2024-01-17 13:07:39.97500,27,1000,0
2024-01-17 13:07:39.97511,27,1000,0
2024-01-17 13:07:39.97526,27,1000,0
2024-01-17 13:07:39.97538,27,1000,0
2024-01-17 13:07:39.97546,27,1000,0
2024-01-17 13:07:39.97559,27,1000,0
2024-01-17 13:07:39.97567,27,1000,0
2024-01-17 13:07:39.97578,27,1000,0
2024-01-17 13:07:39.97586,27,1000,0
2024-01-17 13:07:39.97595,27,1000,0
2024-01-17 13:07:39.97604,27,1000,0
2024-01-17 13:07:39.97613,27,1000,0
2024-01-17 13:07:39.97621,27,1000,0
2024-01-17 13:07:39.97635,27,1000,0
2024-01-17 13:07:39.97644,27,1000,0
2024-01-17 13:07:39.97655,27,1000,0
2024-01-17 13:07:39.97670,27,1000,0
2024-01-17 13:07:39.97685,27,1000,0
2024-01-17 13:07:39.97694,27,1000,0
2024-01-17 13:07:39.97703,27,1000,0
2024-01-17 13:07:39.97711,27,1000,0
2024-01-17 13:07:39.97718,27,1000,0
2024-01-17 13:07:39.97727,27,1000,0
2024-01-17 13:07:39.97736,27,1000,0
2024-01-17 13:07:39.97747,27,1000,0
2024-01-17 13:07:39.97756,27,1000,0
2024-01-17 13:07:39.97764,27,1000,0
2024-01-17 13:07:39.97776,27,1000,0
2024-01-17 13:07:39.97785,27,1000,0
2024-01-17 13:07:39.97795,27,1000,0
2024-01-17 13:07:39.97804,27,1000,0
2024-01-17 13:07:39.97813,27,1000,0
2024-01-17 13:07:39.97825,27,1000,0
2024-01-17 13:07:39.97844,27,1000,0
2024-01-17 13:07:39.97862,27,1000,0
2024-01-17 13:07:39.97878,27,1000,0
2024-01-17 13:07:39.97893,27,1000,0
2024-01-17 13:07:39.97908,27,1000,0
2024-01-17 13:07:39.97917,27,1000,0
2024-01-17 13:07:39.97941,27,1000,0
2024-01-17 13:07:39.97960,27,1000,0
2024-01-17 13:07:39.97969,27,1000,0
2024-01-17 13:07:39.97980,27,1000,0
2024-01-17 13:07:39.97988,27,1000,0
2024-01-17 13:07:39.97995,27,1000,0
2024-01-17 13:07:39.98009,27,1000,0
2024-01-17 13:07:39.98020,27,1000,0
2024-01-17 13:07:39.98028,27,1000,0
2024-01-17 13:07:39.98037,27,1000,0
2024-01-17 13:07:39.98054,27,1000,0
2024-01-17 13:07:39.98067,27,1000,0
2024-01-17 13:07:39.98086,27,1000,0
2024-01-17 13:07:39.98095,27,1000,0
2024-01-17 13:07:39.98103,27,1000,0
2024-01-17 13:07:39.98114,27,1000,0
2024-01-17 13:07:39.98127,27,1000,0
2024-01-17 13:07:39.98135,27,1000,0
2024-01-17 13:07:39.98143,27,1000,0
2024-01-17 13:07:39.98151,27,1000,0
2024-01-17 13:07:39.98164,27,1000,0
2024-01-17 13:07:39.98183,27,1000,0
2024-01-17 13:07:39.98203,27,1000,0
2024-01-17 13:07:39.98222,27,1000,0
2024-01-17 13:07:39.98238,27,1000,0
2024-01-17 13:07:39.98246,27,1000,0
2024-01-17 13:07:39.98259,27,1000,0
2024-01-17 13:07:39.98277,27,1000,0
2024-01-17 13:07:39.98290,27,1000,0
2024-01-17 13:07:39.98296,27,1000,0
2024-01-17 13:07:39.98312,27,1000,0
2024-01-17 13:07:39.98340,27,1000,0
2024-01-17 13:07:39.98349,27,1000,0
2024-01-17 13:07:39.98358,27,1000,0
2024-01-17 13:07:39.98366,27,1000,0
2024-01-17 13:07:39.98373,27,1000,0
2024-01-17 13:07:39.98383,27,1000,0
2024-01-17 13:07:39.98391,27,1000,0
2024-01-17 13:07:39.98400,27,1000,0
2024-01-17 13:07:39.98409,27,1000,0
2024-01-17 13:07:39.98418,27,1000,0
2024-01-17 13:07:39.98427,27,1000,0
2024-01-17 13:07:39.98437,27,1000,0
2024-01-17 13:07:39.98445,27,1000,0
2024-01-17 13:07:39.98455,27,1000,0
2024-01-17 13:07:39.98466,27,1000,0
2024-01-17 13:07:39.98472,27,1000,0
2024-01-17 13:07:39.98480,27,1000,0
2024-01-17 13:07:39.98487,27,1000,0
2024-01-17 13:07:39.98530,27,1000,0
2024-01-17 13:07:39.98770,27,1000,0
2024-01-17 13:07:39.98783,27,1000,0
2024-01-17 13:07:39.98807,27,1000,0
2024-01-17 13:07:39.98824,27,1000,0
2024-01-17 13:07:39.98842,27,1000,0
2024-01-17 13:07:39.98855,27,1000,0
2024-01-17 13:07:39.98870,27,1000,0
2024-01-17 13:07:39.98880,27,1000,0
2024-01-17 13:07:39.98948,27,1000,0
2024-01-17 13:07:39.98959,27,1000,0
2024-01-17 13:07:39.98967,27,1000,0
2024-01-17 13:07:39.98981,27,1000,0
2024-01-17 13:07:39.98989,27,1000,0
2024-01-17 13:07:39.99001,27,1000,0
2024-01-17 13:07:39.99019,27,1000,0
2024-01-17 13:07:39.99030,27,1000,0
2024-01-17 13:07:39.99044,27,1000,0
2024-01-17 13:07:39.99062,27,1000,0
2024-01-17 13:07:39.99079,27,1000,0
2024-01-17 13:07:39.99092,27,1000,0
2024-01-17 13:07:39.99100,27,1000,0
2024-01-17 13:07:39.99110,27,1000,0
2024-01-17 13:07:39.99124,27,1000,0
2024-01-17 13:07:39.99134,27,1000,0
2024-01-17 13:07:39.99145,27,1000,0
2024-01-17 13:07:39.99155,27,1000,0
2024-01-17 13:07:39.99169,27,1000,0
2024-01-17 13:07:39.99181,27,1000,0
2024-01-17 13:07:39.99194,27,1000,0
2024-01-17 13:07:39.99203,27,1000,0
2024-01-17 13:07:39.99215,27,1000,0
2024-01-17 13:07:39.99226,27,1000,0
2024-01-17 13:07:39.99240,27,1000,0
2024-01-17 13:07:39.99256,27,1000,0
2024-01-17 13:07:39.99272,27,1000,0
2024-01-17 13:07:39.99286,27,1000,0
2024-01-17 13:07:39.99300,27,1000,0
2024-01-17 13:07:39.99319,27,1000,0
2024-01-17 13:07:39.99331,27,1000,0
2024-01-17 13:07:39.99347,27,1000,0
2024-01-17 13:07:39.99366,27,1000,0
2024-01-17 13:07:39.99379,27,1000,0
2024-01-17 13:07:39.99392,27,1000,0
2024-01-17 13:07:39.99406,27,1000,0
2024-01-17 13:07:39.99421,27,1000,0
2024-01-17 13:07:39.99437,27,1000,0
2024-01-17 13:07:39.99449,27,1000,0
2024-01-17 13:07:39.99460,27,1000,0
2024-01-17 13:07:39.99471,27,1000,0
2024-01-17 13:07:39.99481,27,1000,0
2024-01-17 13:07:39.99496,27,1000,0
2024-01-17 13:07:39.99507,27,1000,0
2024-01-17 13:07:39.99517,27,1000,0
2024-01-17 13:07:39.99531,27,1000,0
2024-01-17 13:07:39.99544,27,1000,0
2024-01-17 13:07:39.99556,27,1000,0
2024-01-17 13:07:39.99578,27,1000,0
2024-01-17 13:07:39.99588,27,1000,0
2024-01-17 13:07:39.99598,27,1000,0
2024-01-17 13:07:39.99610,27,1000,0
2024-01-17 13:07:39.99618,27,1000,0
2024-01-17 13:07:39.99628,27,1000,0
2024-01-17 13:07:39.99642,27,1000,0
2024-01-17 13:07:39.99653,27,1000,0
2024-01-17 13:07:39.99667,27,1000,0
2024-01-17 13:07:39.99695,27,1000,0
2024-01-17 13:07:39.99704,27,1000,0
2024-01-17 13:07:39.99718,27,1000,0
2024-01-17 13:07:39.99735,27,1000,0
2024-01-17 13:07:39.99743,27,1000,0
2024-01-17 13:07:39.99753,27,1000,0
2024-01-17 13:07:39.99765,27,1000,0
2024-01-17 13:07:39.99777,27,1000,0
2024-01-17 13:07:39.99797,27,1000,0
2024-01-17 13:07:39.99806,27,1000,0
2024-01-17 13:07:39.99819,27,1000,0
2024-01-17 13:07:39.99832,27,1000,0
2024-01-17 13:07:39.99843,27,1000,0
2024-01-17 13:07:39.99855,27,1000,0
2024-01-17 13:07:39.99871,27,1000,0
2024-01-17 13:07:39.99883,27,1000,0
2024-01-17 13:07:39.99900,27,1000,0
2024-01-17 13:07:39.99919,27,1000,0
2024-01-17 13:07:39.99943,27,1000,0
2024-01-17 13:07:39.99951,27,1000,0
2024-01-17 13:07:39.99965,27,1000,0
2024-01-17 13:07:39.99980,27,1000,0
2024-01-17 13:07:39.99992,27,1000,0
2024-01-17 13:07:40.00003,27,1000,0
2024-01-17 13:07:40.00018,27,1000,0
2024-01-17 13:07:40.00032,27,1000,0
2024-01-17 13:07:40.00066,27,1000,0
2024-01-17 13:07:40.00083,27,1000,0
2024-01-17 13:07:40.00097,27,1000,0
2024-01-17 13:07:40.00110,27,1000,0
2024-01-17 13:07:40.00123,27,1000,0
2024-01-17 13:07:40.00131,27,1000,0
2024-01-17 13:07:40.00140,27,1000,0
2024-01-17 13:07:40.00153,27,1000,0
2024-01-17 13:07:40.00164,27,1000,0
2024-01-17 13:07:40.00172,27,1000,0
2024-01-17 13:07:40.00188,27,1000,0
2024-01-17 13:07:40.00201,27,1000,0
2024-01-17 13:07:40.00209,27,1000,0
2024-01-17 13:07:40.00216,27,1000,0
2024-01-17 13:07:40.00235,27,1000,0
2024-01-17 13:07:40.00252,27,1000,2
2024-01-17 13:07:40.00260,27,1000,4
2024-01-17 13:07:40.00268,27,1000,6
2024-01-17 13:07:40.00278,27,1000,6
2024-01-17 13:07:40.00286,27,1000,8
2024-01-17 13:07:40.00293,27,1000,10
2024-01-17 13:07:40.00304,27,1000,10
2024-01-17 13:07:40.00319,27,1000,10
2024-01-17 13:07:40.00337,27,1000,10
2024-01-17 13:07:40.00344,27,1000,10
2024-01-17 13:07:40.00352,27,1000,12
2024-01-17 13:07:40.00359,27,1000,12
2024-01-17 13:07:40.00366,27,1000,14
2024-01-17 13:07:40.00372,27,1000,16
2024-01-17 13:07:40.00386,27,1000,16
2024-01-17 13:07:40.00400,27,1000,16
2024-01-17 13:07:40.00411,27,1000,18
2024-01-17 13:07:40.00420,27,1000,18
2024-01-17 13:07:40.00434,27,1000,20
2024-01-17 13:07:40.00447,27,1000,20
2024-01-17 13:07:40.00458,27,1000,22
2024-01-17 13:07:40.00472,27,1000,22
2024-01-17 13:07:40.00484,27,1000,22
2024-01-17 13:07:40.00499,27,1000,24
2024-01-17 13:07:40.00508,27,1000,26
2024-01-17 13:07:40.00518,27,1000,28
2024-01-17 13:07:40.00527,27,1000,28
2024-01-17 13:07:40.00535,27,1000,28
2024-01-17 13:07:40.00544,27,1000,30
2024-01-17 13:07:40.00561,27,1000,32
2024-01-17 13:07:40.00575,27,1000,34
2024-01-17 13:07:40.00592,27,1000,36
2024-01-17 13:07:40.00610,27,1000,38
2024-01-17 13:07:40.00619,27,1000,38
2024-01-17 13:07:40.00628,27,1000,40
2024-01-17 13:07:40.00639,27,1000,40
2024-01-17 13:07:40.00649,27,1000,40
2024-01-17 13:07:40.00672,27,1000,40
2024-01-17 13:07:40.00686,27,1000,42
2024-01-17 13:07:40.00695,27,1000,44
2024-01-17 13:07:40.00701,27,1000,46
2024-01-17 13:07:40.00709,27,1000,46
2024-01-17 13:07:40.00716,27,1000,48
2024-01-17 13:07:40.00725,27,1000,48
2024-01-17 13:07:40.00733,27,1000,48
2024-01-17 13:07:40.00740,27,1000,50
2024-01-17 13:07:40.00747,27,1000,52
2024-01-17 13:07:40.00759,27,1000,52
2024-01-17 13:07:40.00768,27,1000,52
2024-01-17 13:07:40.00778,27,1000,54
2024-01-17 13:07:40.00787,27,1000,56
2024-01-17 13:07:40.00795,27,1000,56
2024-01-17 13:07:40.00805,27,1000,56
2024-01-17 13:07:40.00813,27,1000,56
2024-01-17 13:07:40.00820,27,1000,56
2024-01-17 13:07:40.00828,27,1000,56
2024-01-17 13:07:40.00835,27,1000,58
2024-01-17 13:07:40.00848,27,1000,58
2024-01-17 13:07:40.00862,27,1000,58
2024-01-17 13:07:40.00873,27,1000,58
2024-01-17 13:07:40.00889,27,1000,58
2024-01-17 13:07:40.00903,27,1000,58
2024-01-17 13:07:40.00915,27,1000,60
2024-01-17 13:07:40.00927,27,1000,62
2024-01-17 13:07:40.00938,27,1000,62
2024-01-17 13:07:40.00949,27,1000,64
2024-01-17 13:07:40.00962,27,1000,66
2024-01-17 13:07:40.00977,27,1000,68
2024-01-17 13:07:40.00989,27,1000,68
2024-01-17 13:07:40.01001,27,1000,68
2024-01-17 13:07:40.01011,27,1000,68
2024-01-17 13:07:40.01022,27,1000,70
2024-01-17 13:07:40.01035,27,1000,72
2024-01-17 13:07:40.01048,27,1000,72
2024-01-17 13:07:40.01060,27,1000,74
2024-01-17 13:07:40.01070,27,1000,76
2024-01-17 13:07:40.01083,27,1000,76
2024-01-17 13:07:40.01093,27,1000,76
2024-01-17 13:07:40.01107,27,1000,76
2024-01-17 13:07:40.01118,27,1000,78
2024-01-17 13:07:40.01131,27,1000,80
2024-01-17 13:07:40.01144,27,1000,80
2024-01-17 13:07:40.01157,27,1000,82
2024-01-17 13:07:40.01169,27,1000,82
2024-01-17 13:07:40.01183,27,1000,82
2024-01-17 13:07:40.01194,27,1000,84
2024-01-17 13:07:40.01206,27,1000,84
2024-01-17 13:07:40.01218,27,1000,84
2024-01-17 13:07:40.01242,27,1000,84
2024-01-17 13:07:40.01249,27,1000,86
2024-01-17 13:07:40.01257,27,1000,88
2024-01-17 13:07:40.01263,27,1000,88
2024-01-17 13:07:40.01273,27,1000,90
2024-01-17 13:07:40.01280,27,1000,92
2024-01-17 13:07:40.01289,27,1000,92
2024-01-17 13:07:40.01305,27,1000,92
2024-01-17 13:07:40.01313,27,1000,94
2024-01-17 13:07:40.01320,27,1000,94
2024-01-17 13:07:40.01327,27,1000,96
2024-01-17 13:07:40.01334,27,1000,98
2024-01-17 13:07:40.01342,27,1000,100
2024-01-17 13:07:40.01350,27,1000,100
2024-01-17 13:07:40.01358,27,1000,102
2024-01-17 13:07:40.01366,27,1000,104
2024-01-17 13:07:40.01373,27,1000,104
2024-01-17 13:07:40.01379,27,1000,104
2024-01-17 13:07:40.01386,27,1000,106
2024-01-17 13:07:40.01393,27,1000,106
2024-01-17 13:07:40.01400,27,1000,106
2024-01-17 13:07:40.01409,27,1000,108
2024-01-17 13:07:40.01416,27,1000,108
2024-01-17 13:07:40.01422,27,1000,110
2024-01-17 13:07:40.01428,27,1000,112
2024-01-17 13:07:40.01434,27,1000,112
2024-01-17 13:07:40.01441,27,1000,112
2024-01-17 13:07:40.01447,27,1000,112
2024-01-17 13:07:40.01458,27,1000,114
2024-01-17 13:07:40.01467,27,1000,116
2024-01-17 13:07:40.01475,27,1000,116
2024-01-17 13:07:40.01482,27,1000,118
2024-01-17 13:07:40.01489,27,1000,120
2024-01-17 13:07:40.01496,27,1000,120
2024-01-17 13:07:40.01503,27,1000,122
2024-01-17 13:07:40.01510,27,1000,124
2024-01-17 13:07:40.01517,27,1000,124
2024-01-17 13:07:40.01524,27,1000,126
2024-01-17 13:07:40.01531,27,1000,126
2024-01-17 13:07:40.01540,27,1000,126
2024-01-17 13:07:40.01548,27,1000,128
2024-01-17 13:07:40.01554,27,1000,130
2024-01-17 13:07:40.01563,27,1000,132
2024-01-17 13:07:40.01571,27,1000,132
2024-01-17 13:07:40.01579,27,1000,134
2024-01-17 13:07:40.01586,27,1000,134
2024-01-17 13:07:40.01593,27,1000,136
2024-01-17 13:07:40.01600,27,1000,136
2024-01-17 13:07:40.01607,27,1000,138
2024-01-17 13:07:40.01614,27,1000,138
2024-01-17 13:07:40.01622,27,1000,140
2024-01-17 13:07:40.01628,27,1000,140
2024-01-17 13:07:40.01634,27,1000,142
2024-01-17 13:07:40.01641,27,1000,142
2024-01-17 13:07:40.01648,27,1000,142
2024-01-17 13:07:40.01655,27,1000,142
2024-01-17 13:07:40.01662,27,1000,144
2024-01-17 13:07:40.01669,27,1000,146
2024-01-17 13:07:40.01676,27,1000,146
2024-01-17 13:07:40.01683,27,1000,148
2024-01-17 13:07:40.01690,27,1000,148
2024-01-17 13:07:40.01698,27,1000,150
2024-01-17 13:07:40.01705,27,1000,150
2024-01-17 13:07:40.01712,27,1000,152
2024-01-17 13:07:40.01718,27,1000,152
2024-01-17 13:07:40.01725,27,1000,152
2024-01-17 13:07:40.01733,27,1000,152
2024-01-17 13:07:40.01740,27,1000,152
2024-01-17 13:07:40.01747,27,1000,152
2024-01-17 13:07:40.01756,27,1000,154
2024-01-17 13:07:40.01764,27,1000,154
2024-01-17 13:07:40.01773,27,1000,156
2024-01-17 13:07:40.01780,27,1000,156
2024-01-17 13:07:40.01799,27,1000,158
2024-01-17 13:07:40.01806,27,1000,158
2024-01-17 13:07:40.01819,27,1000,160
2024-01-17 13:07:40.01826,27,1000,160
2024-01-17 13:07:40.01835,27,1000,162
2024-01-17 13:07:40.01843,27,1000,162
2024-01-17 13:07:40.01852,27,1000,164
2024-01-17 13:07:40.01861,27,1000,164
2024-01-17 13:07:40.01869,27,1000,166
2024-01-17 13:07:40.01878,27,1000,166
2024-01-17 13:07:40.01888,27,1000,166
2024-01-17 13:07:40.01895,27,1000,166
2024-01-17 13:07:40.01905,27,1000,168
2024-01-17 13:07:40.01912,27,1000,170
2024-01-17 13:07:40.01920,27,1000,170
2024-01-17 13:07:40.01927,27,1000,170
2024-01-17 13:07:40.01936,27,1000,170
2024-01-17 13:07:40.01944,27,1000,172
2024-01-17 13:07:40.01953,27,1000,174
2024-01-17 13:07:40.01959,27,1000,174
2024-01-17 13:07:40.01966,27,1000,174
2024-01-17 13:07:40.01975,27,1000,174
2024-01-17 13:07:40.01982,27,1000,176
2024-01-17 13:07:40.01992,27,1000,176
2024-01-17 13:07:40.02005,27,1000,178
2024-01-17 13:07:40.02014,27,1000,180
2024-01-17 13:07:40.02023,27,1000,180
2024-01-17 13:07:40.02044,27,1000,182
2024-01-17 13:07:40.02056,27,1000,184
2024-01-17 13:07:40.02065,27,1000,186
2024-01-17 13:07:40.02074,27,1000,188
2024-01-17 13:07:40.02084,27,1000,188
2024-01-17 13:07:40.02104,27,1000,190
2024-01-17 13:07:40.02112,27,1000,192
2024-01-17 13:07:40.02121,27,1000,192
2024-01-17 13:07:40.02127,27,1000,194
2024-01-17 13:07:40.02133,27,1000,196
2024-01-17 13:07:40.02138,27,1000,196
2024-01-17 13:07:40.02145,27,1000,198
2024-01-17 13:07:40.02150,27,1000,198
2024-01-17 13:07:40.02155,27,1000,198
2024-01-17 13:07:40.02162,27,1000,198
2024-01-17 13:07:40.02169,27,1000,200
2024-01-17 13:07:40.02174,27,1000,202
2024-01-17 13:07:40.02181,27,1000,202
2024-01-17 13:07:40.02188,27,1000,202
2024-01-17 13:07:40.02194,27,1000,204
2024-01-17 13:07:40.02200,27,1000,204
2024-01-17 13:07:40.02206,27,1000,206
2024-01-17 13:07:40.02231,27,1000,206
2024-01-17 13:07:40.02242,27,1000,208
2024-01-17 13:07:40.02254,27,1000,208
2024-01-17 13:07:40.02266,27,1000,210
2024-01-17 13:07:40.02276,27,1000,210
2024-01-17 13:07:40.02305,27,1000,210
2024-01-17 13:07:40.02311,27,1000,210
2024-01-17 13:07:40.02317,27,1000,210
2024-01-17 13:07:40.02323,27,1000,212
2024-01-17 13:07:40.02329,27,1000,214
2024-01-17 13:07:40.02335,27,1000,214
2024-01-17 13:07:40.02345,27,1000,216
2024-01-17 13:07:40.02351,27,1000,216
2024-01-17 13:07:40.02357,27,1000,218
2024-01-17 13:07:40.02363,27,1000,218
2024-01-17 13:07:40.02369,27,1000,220
2024-01-17 13:07:40.02378,27,1000,220
2024-01-17 13:07:40.02409,27,1000,222
2024-01-17 13:07:40.02432,27,1000,224
2024-01-17 13:07:40.02445,27,1000,226
2024-01-17 13:07:40.02458,27,1000,226
2024-01-17 13:07:40.02475,27,1000,228
2024-01-17 13:07:40.02486,27,1000,230
2024-01-17 13:07:40.02508,27,1000,230
2024-01-17 13:07:40.02527,27,1000,232
2024-01-17 13:07:40.02541,27,1000,234
2024-01-17 13:07:40.02553,27,1000,236
2024-01-17 13:07:40.02565,27,1000,236
2024-01-17 13:07:40.02577,27,1000,238
2024-01-17 13:07:40.02590,27,1000,240
2024-01-17 13:07:40.02604,27,1000,242
2024-01-17 13:07:40.02614,27,1000,242
2024-01-17 13:07:40.02633,27,1000,242
2024-01-17 13:07:40.02644,27,1000,242
2024-01-17 13:07:40.02653,27,1000,242
2024-01-17 13:07:40.02662,27,1000,244
2024-01-17 13:07:40.02673,27,1000,244
2024-01-17 13:07:40.02683,27,1000,244
2024-01-17 13:07:40.02692,27,1000,246
2024-01-17 13:07:40.02706,27,1000,246
2024-01-17 13:07:40.02727,27,1000,246
2024-01-17 13:07:40.02739,27,1000,246
2024-01-17 13:07:40.02751,27,1000,248
2024-01-17 13:07:40.02763,27,1000,248
2024-01-17 13:07:40.02778,27,1000,248
2024-01-17 13:07:40.02792,27,1000,248
2024-01-17 13:07:40.02822,27,1000,248
2024-01-17 13:07:40.02843,27,1000,250
2024-01-17 13:07:40.02857,27,1000,250
2024-01-17 13:07:40.02866,27,1000,252
2024-01-17 13:07:40.02880,27,1000,254
2024-01-17 13:07:40.02896,27,1000,256
2024-01-17 13:07:40.02908,27,1000,256
2024-01-17 13:07:40.02917,27,1000,256
2024-01-17 13:07:40.02928,27,1000,258
2024-01-17 13:07:40.02939,27,1000,260
2024-01-17 13:07:40.02949,27,1000,260
2024-01-17 13:07:40.02959,27,1000,262
2024-01-17 13:07:40.02969,27,1000,262
2024-01-17 13:07:40.02984,27,1000,264
2024-01-17 13:07:40.03027,27,1000,264
2024-01-17 13:07:40.03065,27,1000,266
2024-01-17 13:07:40.03092,27,1000,268
2024-01-17 13:07:40.03105,27,1000,270
2024-01-17 13:07:40.03115,27,1000,270
2024-01-17 13:07:40.03130,27,1000,270
2024-01-17 13:07:40.03156,27,1000,270
2024-01-17 13:07:40.03180,27,1000,270
2024-01-17 13:07:40.03227,27,1000,272
2024-01-17 13:07:40.03245,27,1000,274
2024-01-17 13:07:40.03253,27,1000,274
2024-01-17 13:07:40.03263,27,1000,274
2024-01-17 13:07:40.03272,27,1000,276
2024-01-17 13:07:40.03281,27,1000,276
2024-01-17 13:07:40.03289,27,1000,278
2024-01-17 13:07:40.03300,27,1000,280
2024-01-17 13:07:40.03308,27,1000,280
2024-01-17 13:07:40.03352,27,1000,280
2024-01-17 13:07:40.03395,27,1000,282
2024-01-17 13:07:40.03407,27,1000,282
2024-01-17 13:07:40.03457,27,1000,282
2024-01-17 13:07:40.03535,27,1000,284
2024-01-17 13:07:40.03559,27,1000,284
2024-01-17 13:07:40.03627,27,1000,284
2024-01-17 13:07:40.03659,27,1000,284
2024-01-17 13:07:40.03717,27,1000,286
2024-01-17 13:07:40.03728,27,1000,288
2024-01-17 13:07:40.03737,27,1000,288
2024-01-17 13:07:40.03744,27,1000,290
2024-01-17 13:07:40.03752,27,1000,290
2024-01-17 13:07:40.03769,27,1000,292
2024-01-17 13:07:40.03776,27,1000,292
2024-01-17 13:07:40.03782,27,1000,294
2024-01-17 13:07:40.03792,27,1000,294
2024-01-17 13:07:40.03817,27,1000,294
2024-01-17 13:07:40.03834,27,1000,294
2024-01-17 13:07:40.03851,27,1000,296
2024-01-17 13:07:40.03870,27,1000,296
2024-01-17 13:07:40.03877,27,1000,296
2024-01-17 13:07:40.03884,27,1000,298
2024-01-17 13:07:40.03891,27,1000,300
2024-01-17 13:07:40.03898,27,1000,300
2024-01-17 13:07:40.03904,27,1000,302
2024-01-17 13:07:40.03911,27,1000,304
2024-01-17 13:07:40.03958,27,1000,304
2024-01-17 13:07:40.03967,27,1000,306
2024-01-17 13:07:40.03978,27,1000,308
2024-01-17 13:07:40.03987,27,1000,308
2024-01-17 13:07:40.03995,27,1000,308
2024-01-17 13:07:40.04005,27,1000,308
2024-01-17 13:07:40.04014,27,1000,308
2024-01-17 13:07:40.04022,27,1000,310
2024-01-17 13:07:40.04031,27,1000,312
2024-01-17 13:07:40.04042,27,1000,314
2024-01-17 13:07:40.04051,27,1000,314
2024-01-17 13:07:40.04059,27,1000,314
2024-01-17 13:07:40.04066,27,1000,316
2024-01-17 13:07:40.04078,27,1000,316
2024-01-17 13:07:40.04085,27,1000,316
2024-01-17 13:07:40.04139,27,1000,318
2024-01-17 13:07:40.04148,27,1000,320
2024-01-17 13:07:40.04161,27,1000,320
2024-01-17 13:07:40.04171,27,1000,322
2024-01-17 13:07:40.04189,27,1000,322
2024-01-17 13:07:40.04198,27,1000,324
2024-01-17 13:07:40.04207,27,1000,324
2024-01-17 13:07:40.04214,27,1000,326
2024-01-17 13:07:40.04224,27,1000,326
2024-01-17 13:07:40.04232,27,1000,326
2024-01-17 13:07:40.04241,27,1000,328
2024-01-17 13:07:40.04248,27,1000,328
2024-01-17 13:07:40.04257,27,1000,328
2024-01-17 13:07:40.04266,27,1000,328
2024-01-17 13:07:40.04274,27,1000,328
2024-01-17 13:07:40.04285,27,1000,330
2024-01-17 13:07:40.04292,27,1000,330
2024-01-17 13:07:40.04302,27,1000,330
2024-01-17 13:07:40.04308,27,1000,330
2024-01-17 13:07:40.04316,27,1000,332
2024-01-17 13:07:40.04325,27,1000,334
2024-01-17 13:07:40.04335,27,1000,336
2024-01-17 13:07:40.04344,27,1000,336
2024-01-17 13:07:40.04352,27,1000,338
2024-01-17 13:07:40.04364,27,1000,338
2024-01-17 13:07:40.04371,27,1000,340
2024-01-17 13:07:40.04380,27,1000,340
2024-01-17 13:07:40.04388,27,1000,342
2024-01-17 13:07:40.04396,27,1000,342
2024-01-17 13:07:40.04404,27,1000,344
2024-01-17 13:07:40.04413,27,1000,346
2024-01-17 13:07:40.04421,27,1000,348
2024-01-17 13:07:40.04430,27,1000,350
2024-01-17 13:07:40.04439,27,1000,350
2024-01-17 13:07:40.04451,27,1000,350
2024-01-17 13:07:40.04462,27,1000,352
2024-01-17 13:07:40.04472,27,1000,354
2024-01-17 13:07:40.04480,27,1000,354
2024-01-17 13:07:40.04490,27,1000,356
2024-01-17 13:07:40.04498,27,1000,358
2024-01-17 13:07:40.04510,27,1000,360
2024-01-17 13:07:40.04518,27,1000,362
2024-01-17 13:07:40.04526,27,1000,362
2024-01-17 13:07:40.04538,27,1000,362
2024-01-17 13:07:40.04545,27,1000,362
2024-01-17 13:07:40.04553,27,1000,364
2024-01-17 13:07:40.04560,27,1000,364
2024-01-17 13:07:40.04568,27,1000,366
2024-01-17 13:07:40.04577,27,1000,366
2024-01-17 13:07:40.04590,27,1000,368
2024-01-17 13:07:40.04597,27,1000,368
2024-01-17 13:07:40.04605,27,1000,368
2024-01-17 13:07:40.04612,27,1000,370
2024-01-17 13:07:40.04621,27,1000,372
2024-01-17 13:07:40.04629,27,1000,374
2024-01-17 13:07:40.04638,27,1000,376
2024-01-17 13:07:40.04645,27,1000,378
2024-01-17 13:07:40.04655,27,1000,380
2024-01-17 13:07:40.04677,27,1000,380
2024-01-17 13:07:40.04685,27,1000,382
2024-01-17 13:07:40.04702,27,1000,382
2024-01-17 13:07:40.04726,27,1000,384
2024-01-17 13:07:40.04738,27,1000,386
2024-01-17 13:07:40.04746,27,1000,388
2024-01-17 13:07:40.04753,27,1000,388
2024-01-17 13:07:40.04762,27,1000,388
2024-01-17 13:07:40.04773,27,1000,390
2024-01-17 13:07:40.04783,27,1000,390
2024-01-17 13:07:40.04823,27,1000,392
2024-01-17 13:07:40.04858,27,1000,394
2024-01-17 13:07:40.04878,27,1000,396
2024-01-17 13:07:40.04889,27,1000,398
2024-01-17 13:07:40.04918,27,1000,400
2024-01-17 13:07:40.04955,27,1000,402
2024-01-17 13:07:40.04971,27,1000,402
2024-01-17 13:07:40.04978,27,1000,404
2024-01-17 13:07:40.04985,27,1000,404
2024-01-17 13:07:40.04992,27,1000,404
2024-01-17 13:07:40.05004,27,1000,406
2024-01-17 13:07:40.05011,27,1000,408
2024-01-17 13:07:40.05018,27,1000,410
2024-01-17 13:07:40.05024,27,1000,410
2024-01-17 13:07:40.05036,27,1000,412
2024-01-17 13:07:40.05057,27,1000,412
2024-01-17 13:07:40.05065,27,1000,414
2024-01-17 13:07:40.05072,27,1000,416
2024-01-17 13:07:40.05080,27,1000,416
2024-01-17 13:07:40.05089,27,1000,418
2024-01-17 13:07:40.05099,27,1000,418
2024-01-17 13:07:40.05107,27,1000,420
2024-01-17 13:07:40.05115,27,1000,422
2024-01-17 13:07:40.05125,27,1000,424
2024-01-17 13:07:40.05134,27,1000,424
2024-01-17 13:07:40.05142,27,1000,426
2024-01-17 13:07:40.05150,27,1000,428
2024-01-17 13:07:40.05157,27,1000,430
2024-01-17 13:07:40.05165,27,1000,432
2024-01-17 13:07:40.05178,27,1000,434
2024-01-17 13:07:40.05195,27,1000,434
2024-01-17 13:07:40.05208,27,1000,436
2024-01-17 13:07:40.05222,27,1000,438
2024-01-17 13:07:40.05234,27,1000,440
2024-01-17 13:07:40.05247,27,1000,442
2024-01-17 13:07:40.05259,27,1000,442
2024-01-17 13:07:40.05270,27,1000,442
2024-01-17 13:07:40.05282,27,1000,442
2024-01-17 13:07:40.05296,27,1000,444
2024-01-17 13:07:40.05308,27,1000,446
2024-01-17 13:07:40.05322,27,1000,448
2024-01-17 13:07:40.05335,27,1000,450
2024-01-17 13:07:40.05349,27,1000,452
2024-01-17 13:07:40.05360,27,1000,454
2024-01-17 13:07:40.05372,27,1000,456
2024-01-17 13:07:40.05386,27,1000,456
2024-01-17 13:07:40.05401,27,1000,458
2024-01-17 13:07:40.05417,27,1000,460
2024-01-17 13:07:40.05425,27,1000,462
2024-01-17 13:07:40.05434,27,1000,464
2024-01-17 13:07:40.05443,27,1000,466
2024-01-17 13:07:40.05452,27,1000,468
2024-01-17 13:07:40.05460,27,1000,470
2024-01-17 13:07:40.05468,27,1000,472
2024-01-17 13:07:40.05476,27,1000,474
2024-01-17 13:07:40.05483,27,1000,476
2024-01-17 13:07:40.05492,27,1000,476
2024-01-17 13:07:40.05501,27,1000,478
2024-01-17 13:07:40.05510,27,1000,480
2024-01-17 13:07:40.05519,27,1000,480
2024-01-17 13:07:40.05528,27,1000,482
2024-01-17 13:07:40.05535,27,1000,484
2024-01-17 13:07:40.05545,27,1000,486
2024-01-17 13:07:40.05553,27,1000,488
2024-01-17 13:07:40.05570,27,1000,488
2024-01-17 13:07:40.05578,27,1000,490
2024-01-17 13:07:40.05589,27,1000,490
2024-01-17 13:07:40.05598,27,1000,492
2024-01-17 13:07:40.05607,27,1000,494
2024-01-17 13:07:40.05616,27,1000,496
2024-01-17 13:07:40.05629,27,1000,496
2024-01-17 13:07:40.05637,27,1000,498
2024-01-17 13:07:40.05644,27,1000,500
2024-01-17 13:07:40.05650,27,1000,502
2024-01-17 13:07:40.05658,27,1000,504
2024-01-17 13:07:40.05665,27,1000,506
2024-01-17 13:07:40.05672,27,1000,508
2024-01-17 13:07:40.05680,27,1000,510
2024-01-17 13:07:40.05690,27,1000,512
2024-01-17 13:07:40.05698,27,1000,514
2024-01-17 13:07:40.05710,27,1000,514
2024-01-17 13:07:40.05720,27,1000,516
2024-01-17 13:07:40.05757,27,1000,518
2024-01-17 13:07:40.05780,27,1000,520
2024-01-17 13:07:40.05787,27,1000,522
2024-01-17 13:07:40.05796,27,1000,524
2024-01-17 13:07:40.05804,27,1000,526
2024-01-17 13:07:40.05813,27,1000,528
2024-01-17 13:07:40.05822,27,1000,530
2024-01-17 13:07:40.05830,27,1000,532
2024-01-17 13:07:40.05839,27,1000,534
2024-01-17 13:07:40.05851,27,1000,536
2024-01-17 13:07:40.05860,27,1000,538
2024-01-17 13:07:40.05869,27,1000,540
2024-01-17 13:07:40.05878,27,1000,540
2024-01-17 13:07:40.05885,27,1000,542
2024-01-17 13:07:40.05894,27,1000,542
2024-01-17 13:07:40.05901,27,1000,544
2024-01-17 13:07:40.05908,27,1000,546
2024-01-17 13:07:40.05917,27,1000,548
2024-01-17 13:07:40.05926,27,1000,550
2024-01-17 13:07:40.05933,27,1000,552
2024-01-17 13:07:40.05947,27,1000,554
2024-01-17 13:07:40.05955,27,1000,556
2024-01-17 13:07:40.05963,27,1000,558
2024-01-17 13:07:40.05975,27,1000,560
2024-01-17 13:07:40.05985,27,1000,562
2024-01-17 13:07:40.05996,27,1000,564
2024-01-17 13:07:40.06006,27,1000,566
2024-01-17 13:07:40.06015,27,1000,566
2024-01-17 13:07:40.06024,27,1000,566
2024-01-17 13:07:40.06035,27,1000,568
2024-01-17 13:07:40.06046,27,1000,568
2024-01-17 13:07:40.06056,27,1000,570
2024-01-17 13:07:40.06067,27,1000,570
2024-01-17 13:07:40.06084,27,1000,572
2024-01-17 13:07:40.06100,27,1000,572
2024-01-17 13:07:40.06113,27,1000,574
2024-01-17 13:07:40.06125,27,1000,576
2024-01-17 13:07:40.06134,27,1000,578
2024-01-17 13:07:40.06144,27,1000,580
2024-01-17 13:07:40.06156,27,1000,582
2024-01-17 13:07:40.06165,27,1000,584
2024-01-17 13:07:40.06175,27,1000,586
2024-01-17 13:07:40.06186,27,1000,586
2024-01-17 13:07:40.06196,27,1000,588
2024-01-17 13:07:40.06207,27,1000,590
2024-01-17 13:07:40.06226,27,1000,590
2024-01-17 13:07:40.06242,27,1000,592
2024-01-17 13:07:40.06259,27,1000,592
2024-01-17 13:07:40.06269,27,1000,592
2024-01-17 13:07:40.06282,27,1000,594
2024-01-17 13:07:40.06293,27,1000,596
2024-01-17 13:07:40.06366,27,1000,598
2024-01-17 13:07:40.06375,27,1000,600
2024-01-17 13:07:40.06387,27,1000,602
2024-01-17 13:07:40.06409,27,1000,602
2024-01-17 13:07:40.06435,27,1000,604
2024-01-17 13:07:40.06448,27,1000,606
2024-01-17 13:07:40.06458,27,1000,608
2024-01-17 13:07:40.06466,27,1000,610
2024-01-17 13:07:40.06477,27,1000,612
2024-01-17 13:07:40.06486,27,1000,612
2024-01-17 13:07:40.06496,27,1000,614
2024-01-17 13:07:40.06507,27,1000,616
2024-01-17 13:07:40.06517,27,1000,618
2024-01-17 13:07:40.06536,27,1000,620
2024-01-17 13:07:40.06545,27,1000,620
2024-01-17 13:07:40.06553,27,1000,622
2024-01-17 13:07:40.06562,27,1000,622
2024-01-17 13:07:40.06571,27,1000,624
2024-01-17 13:07:40.06579,27,1000,626
2024-01-17 13:07:40.06588,27,1000,626
2024-01-17 13:07:40.06596,27,1000,626
2024-01-17 13:07:40.06608,27,1000,626
2024-01-17 13:07:40.06617,27,1000,628
2024-01-17 13:07:40.06626,27,1000,628
2024-01-17 13:07:40.06872,27,1000,630
2024-01-17 13:07:40.06881,27,1000,632
2024-01-17 13:07:40.06889,27,1000,634
2024-01-17 13:07:40.06902,27,1000,636
2024-01-17 13:07:40.06911,27,1000,638
2024-01-17 13:07:40.06920,27,1000,640
2024-01-17 13:07:40.06930,27,1000,642
2024-01-17 13:07:40.06942,27,1000,644
2024-01-17 13:07:40.06950,27,1000,646
2024-01-17 13:07:40.06966,27,1000,646
2024-01-17 13:07:40.06976,27,1000,648
2024-01-17 13:07:40.06989,27,1000,648
2024-01-17 13:07:40.06999,27,1000,648
2024-01-17 13:07:40.07011,27,1000,650
2024-01-17 13:07:40.07022,27,1000,652
2024-01-17 13:07:40.07031,27,1000,652
2024-01-17 13:07:40.07041,27,1000,654
2024-01-17 13:07:40.07051,27,1000,654
2024-01-17 13:07:40.07064,27,1000,656
2024-01-17 13:07:40.07074,27,1000,658
2024-01-17 13:07:40.07093,27,1000,660
2024-01-17 13:07:40.07109,27,1000,662
2024-01-17 13:07:40.07122,27,1000,662
2024-01-17 13:07:40.07137,27,1000,664
2024-01-17 13:07:40.07149,27,1000,666
2024-01-17 13:07:40.07166,27,1000,668
2024-01-17 13:07:40.07180,27,1000,668
2024-01-17 13:07:40.07201,27,1000,670
2024-01-17 13:07:40.07210,27,1000,672
2024-01-17 13:07:40.07223,27,1000,674
2024-01-17 13:07:40.07239,27,1000,676
2024-01-17 13:07:40.07254,27,1000,676
2024-01-17 13:07:40.07265,27,1000,678
2024-01-17 13:07:40.07275,27,1000,680
2024-01-17 13:07:40.07284,27,1000,682
2024-01-17 13:07:40.07292,27,1000,682
2024-01-17 13:07:40.07300,27,1000,684
2024-01-17 13:07:40.07308,27,1000,686
2024-01-17 13:07:40.07316,27,1000,688
2024-01-17 13:07:40.07324,27,1000,690
2024-01-17 13:07:40.07338,27,1000,690
2024-01-17 13:07:40.07355,27,1000,692
2024-01-17 13:07:40.07361,27,1000,694
2024-01-17 13:07:40.07369,27,1000,696
2024-01-17 13:07:40.07375,27,1000,698
2024-01-17 13:07:40.07387,27,1000,700
2024-01-17 13:07:40.07396,27,1000,702
2024-01-17 13:07:40.07406,27,1000,704
2024-01-17 13:07:40.07414,27,1000,706
2024-01-17 13:07:40.07423,27,1000,708
2024-01-17 13:07:40.07432,27,1000,710
2024-01-17 13:07:40.07439,27,1000,712
2024-01-17 13:07:40.07453,27,1000,714
2024-01-17 13:07:40.07462,27,1000,716
2024-01-17 13:07:40.07469,27,1000,718
2024-01-17 13:07:40.07479,27,1000,720
2024-01-17 13:07:40.07487,27,1000,722
2024-01-17 13:07:40.07494,27,1000,724
2024-01-17 13:07:40.07502,27,1000,726
2024-01-17 13:07:40.07510,27,1000,728
2024-01-17 13:07:40.07520,27,1000,730
2024-01-17 13:07:40.07539,27,1000,732
2024-01-17 13:07:40.07553,27,1000,734
2024-01-17 13:07:40.07566,27,1000,736
2024-01-17 13:07:40.07575,27,1000,738
2024-01-17 13:07:40.07582,27,1000,740
2024-01-17 13:07:40.07590,27,1000,742
2024-01-17 13:07:40.07599,27,1000,744
2024-01-17 13:07:40.07606,27,1000,746
2024-01-17 13:07:40.07619,27,1000,748
2024-01-17 13:07:40.07626,27,1000,750
2024-01-17 13:07:40.07634,27,1000,752
2024-01-17 13:07:40.07647,27,1000,754
2024-01-17 13:07:40.07657,27,1000,756
2024-01-17 13:07:40.07665,27,1000,758
2024-01-17 13:07:40.07672,27,1000,760
2024-01-17 13:07:40.07686,27,1000,762
2024-01-17 13:07:40.07693,27,1000,764
2024-01-17 13:07:40.07701,27,1000,766
2024-01-17 13:07:40.07709,27,1000,768
2024-01-17 13:07:40.07717,27,1000,770
2024-01-17 13:07:40.07725,27,1000,772
2024-01-17 13:07:40.07732,27,1000,774
2024-01-17 13:07:40.07742,27,1000,776
2024-01-17 13:07:40.07753,27,1000,778
2024-01-17 13:07:40.07761,27,1000,780
2024-01-17 13:07:40.07770,27,1000,782
2024-01-17 13:07:40.07777,27,1000,784
2024-01-17 13:07:40.07785,27,1000,786
2024-01-17 13:07:40.07792,27,1000,788
2024-01-17 13:07:40.07801,27,1000,790
2024-01-17 13:07:40.07810,27,1000,792
2024-01-17 13:07:40.07819,27,1000,794
2024-01-17 13:07:40.07826,27,1000,796
2024-01-17 13:07:40.07836,27,1000,798
2024-01-17 13:07:40.07843,27,1000,800
2024-01-17 13:07:40.07851,27,1000,802
2024-01-17 13:07:40.07867,27,1000,804
2024-01-17 13:07:40.07880,27,1000,806
2024-01-17 13:07:40.07891,27,1000,808
2024-01-17 13:07:40.07902,27,1000,810
2024-01-17 13:07:40.07909,27,1000,812
2024-01-17 13:07:40.07919,27,1000,814
2024-01-17 13:07:40.07928,27,1000,816
2024-01-17 13:07:40.07936,27,1000,818
2024-01-17 13:07:40.07947,27,1000,820
2024-01-17 13:07:40.07955,27,1000,822
2024-01-17 13:07:40.07977,27,1000,824
2024-01-17 13:07:40.07985,27,1000,826
2024-01-17 13:07:40.07992,27,1000,828
2024-01-17 13:07:40.08000,27,1000,830
2024-01-17 13:07:40.08009,27,1000,832
2024-01-17 13:07:40.08019,27,1000,834
2024-01-17 13:07:40.08025,27,1000,836
2024-01-17 13:07:40.08033,27,1000,838
2024-01-17 13:07:40.08043,27,1000,840
2024-01-17 13:07:40.08051,27,1000,842
2024-01-17 13:07:40.08058,27,1000,844
2024-01-17 13:07:40.08067,27,1000,846
2024-01-17 13:07:40.08074,27,1000,848
2024-01-17 13:07:40.08083,27,1000,850
2024-01-17 13:07:40.08093,27,1000,852
2024-01-17 13:07:40.08100,27,1000,854
2024-01-17 13:07:40.08107,27,1000,856
2024-01-17 13:07:40.08115,27,1000,858
2024-01-17 13:07:40.08122,27,1000,860
2024-01-17 13:07:40.08130,27,1000,862
2024-01-17 13:07:40.08137,27,1000,864
2024-01-17 13:07:40.08146,27,1000,866
2024-01-17 13:07:40.08154,27,1000,868
2024-01-17 13:07:40.08162,27,1000,870
2024-01-17 13:07:40.08170,27,1000,872
2024-01-17 13:07:40.08178,27,1000,874
2024-01-17 13:07:40.08237,27,1000,876
2024-01-17 13:07:40.08290,27,1000,878
2024-01-17 13:07:40.08308,27,1000,880
2024-01-17 13:07:40.08324,27,1000,882
2024-01-17 13:07:40.08331,27,1000,884
2024-01-17 13:07:40.08339,27,1000,886
2024-01-17 13:07:40.08346,27,1000,888
2024-01-17 13:07:40.08358,27,1000,890
2024-01-17 13:07:40.08366,27,1000,892
2024-01-17 13:07:40.08373,27,1000,894
2024-01-17 13:07:40.08381,27,1000,896
2024-01-17 13:07:40.08389,27,1000,898
2024-01-17 13:07:40.08396,27,1000,900
2024-01-17 13:07:40.08404,27,1000,902
2024-01-17 13:07:40.08414,27,1000,904
2024-01-17 13:07:40.08425,27,1000,906
2024-01-17 13:07:40.08440,27,1000,908
2024-01-17 13:07:40.08452,27,1000,910
2024-01-17 13:07:40.08493,27,1000,912
2024-01-17 13:07:40.08511,27,1000,914
2024-01-17 13:07:40.08555,27,1000,916
2024-01-17 13:07:40.08570,27,1000,918
2024-01-17 13:07:40.08600,27,1000,920
2024-01-17 13:07:40.08615,27,1000,922
2024-01-17 13:07:40.08628,27,1000,924
2024-01-17 13:07:40.08638,27,1000,926
2024-01-17 13:07:40.08646,27,1000,928
2024-01-17 13:07:40.08658,27,1000,930
2024-01-17 13:07:40.08667,27,1000,932
2024-01-17 13:07:40.08677,27,1000,934
2024-01-17 13:07:40.08686,27,1000,936
2024-01-17 13:07:40.08694,27,1000,938
2024-01-17 13:07:40.08702,27,1000,940
2024-01-17 13:07:40.08710,27,1000,942
2024-01-17 13:07:40.08726,27,1000,944
2024-01-17 13:07:40.08739,27,1000,946
2024-01-17 13:07:40.08755,27,1000,948
2024-01-17 13:07:40.08768,27,1000,950
2024-01-17 13:07:40.08782,27,1000,952
2024-01-17 13:07:40.08797,27,1000,954
2024-01-17 13:07:40.08823,27,1000,956
2024-01-17 13:07:40.08830,27,1000,958
2024-01-17 13:07:40.08847,27,1000,960
2024-01-17 13:07:40.08860,27,1000,962
2024-01-17 13:07:40.08881,27,1000,964
2024-01-17 13:07:40.08890,27,1000,966
2024-01-17 13:07:40.08898,27,1000,968
2024-01-17 13:07:40.08906,27,1000,970
2024-01-17 13:07:40.08915,27,1000,972
2024-01-17 13:07:40.08926,27,1000,974
2024-01-17 13:07:40.08936,27,1000,976
2024-01-17 13:07:40.08943,27,1000,978
2024-01-17 13:07:40.08953,27,1000,980
2024-01-17 13:07:40.08962,27,1000,982
2024-01-17 13:07:40.08972,27,1000,984
2024-01-17 13:07:40.08980,27,1000,986
2024-01-17 13:07:40.08989,27,1000,988
2024-01-17 13:07:40.08999,27,1000,990
2024-01-17 13:07:40.09007,27,1000,992
2024-01-17 13:07:40.09017,27,1000,994
2024-01-17 13:07:40.09026,27,1000,996
2024-01-17 13:07:40.09040,27,1000,998
2024-01-17 13:07:40.09047,27,1000,1000
2024-01-17 13:07:40.77265,28,1000,0
2024-01-17 13:07:40.77283,28,1000,0
2024-01-17 13:07:40.77297,28,1000,0
2024-01-17 13:07:40.77311,28,1000,0
2024-01-17 13:07:40.77322,28,1000,0
2024-01-17 13:07:40.77335,28,1000,0
2024-01-17 13:07:40.77350,28,1000,0
2024-01-17 13:07:40.77367,28,1000,0
2024-01-17 13:07:40.77379,28,1000,0
2024-01-17 13:07:40.77390,28,1000,0
2024-01-17 13:07:40.77402,28,1000,0
2024-01-17 13:07:40.77415,28,1000,0
2024-01-17 13:07:40.77456,28,1000,0
2024-01-17 13:07:40.77470,28,1000,0
2024-01-17 13:07:40.77483,28,1000,0
2024-01-17 13:07:40.77498,28,1000,0
2024-01-17 13:07:40.77508,28,1000,0
2024-01-17 13:07:40.77517,28,1000,0
2024-01-17 13:07:40.77526,28,1000,0
2024-01-17 13:07:40.77536,28,1000,0
2024-01-17 13:07:40.77548,28,1000,0
2024-01-17 13:07:40.77557,28,1000,0
2024-01-17 13:07:40.77564,28,1000,0
2024-01-17 13:07:40.77572,28,1000,0
2024-01-17 13:07:40.77580,28,1000,0
2024-01-17 13:07:40.77591,28,1000,0
2024-01-17 13:07:40.77600,28,1000,0
2024-01-17 13:07:40.77611,28,1000,0
2024-01-17 13:07:40.77618,28,1000,0
2024-01-17 13:07:40.77626,28,1000,0
2024-01-17 13:07:40.77633,28,1000,0
2024-01-17 13:07:40.77640,28,1000,0
2024-01-17 13:07:40.77648,28,1000,0
2024-01-17 13:07:40.77659,28,1000,0
2024-01-17 13:07:40.77670,28,1000,0
2024-01-17 13:07:40.77679,28,1000,0
2024-01-17 13:07:40.77687,28,1000,0
2024-01-17 13:07:40.77695,28,1000,0
2024-01-17 13:07:40.77705,28,1000,0
2024-01-17 13:07:40.77715,28,1000,0
2024-01-17 13:07:40.77724,28,1000,0
2024-01-17 13:07:40.77733,28,1000,0
2024-01-17 13:07:40.77741,28,1000,0
2024-01-17 13:07:40.77750,28,1000,0
2024-01-17 13:07:40.77761,28,1000,0
2024-01-17 13:07:40.77772,28,1000,0
2024-01-17 13:07:40.77780,28,1000,0
2024-01-17 13:07:40.77789,28,1000,0
2024-01-17 13:07:40.77798,28,1000,0
2024-01-17 13:07:40.77805,28,1000,0
2024-01-17 13:07:40.77812,28,1000,0
2024-01-17 13:07:40.77821,28,1000,0
2024-01-17 13:07:40.77831,28,1000,0
2024-01-17 13:07:40.77841,28,1000,0
2024-01-17 13:07:40.77852,28,1000,0
2024-01-17 13:07:40.77868,28,1000,0
2024-01-17 13:07:40.77885,28,1000,0
2024-01-17 13:07:40.77898,28,1000,0
2024-01-17 13:07:40.77911,28,1000,0
2024-01-17 13:07:40.77924,28,1000,0
2024-01-17 13:07:40.77937,28,1000,0
2024-01-17 13:07:40.77951,28,1000,0
2024-01-17 13:07:40.77977,28,1000,0
2024-01-17 13:07:40.77990,28,1000,0
2024-01-17 13:07:40.78002,28,1000,0
2024-01-17 13:07:40.78013,28,1000,0
2024-01-17 13:07:40.78027,28,1000,0
2024-01-17 13:07:40.78039,28,1000,0
2024-01-17 13:07:40.78048,28,1000,0
2024-01-17 13:07:40.78056,28,1000,0
2024-01-17 13:07:40.78064,28,1000,0
2024-01-17 13:07:40.78073,28,1000,0
2024-01-17 13:07:40.78081,28,1000,0
2024-01-17 13:07:40.78090,28,1000,0
2024-01-17 13:07:40.78099,28,1000,0
2024-01-17 13:07:40.78107,28,1000,0
2024-01-17 13:07:40.78115,28,1000,0
2024-01-17 13:07:40.78124,28,1000,0
2024-01-17 13:07:40.78132,28,1000,0
2024-01-17 13:07:40.78140,28,1000,0
2024-01-17 13:07:40.78149,28,1000,0
2024-01-17 13:07:40.78159,28,1000,0
2024-01-17 13:07:40.78168,28,1000,0
2024-01-17 13:07:40.78175,28,1000,0
2024-01-17 13:07:40.78182,28,1000,0
2024-01-17 13:07:40.78190,28,1000,0
2024-01-17 13:07:40.78198,28,1000,0
2024-01-17 13:07:40.78206,28,1000,0
2024-01-17 13:07:40.78221,28,1000,0
2024-01-17 13:07:40.78250,28,1000,0
2024-01-17 13:07:40.78269,28,1000,0
2024-01-17 13:07:40.78283,28,1000,0
2024-01-17 13:07:40.78298,28,1000,0
2024-01-17 13:07:40.78312,28,1000,0
2024-01-17 13:07:40.78324,28,1000,0
2024-01-17 13:07:40.78332,28,1000,0
2024-01-17 13:07:40.78341,28,1000,0
2024-01-17 13:07:40.78350,28,1000,0
2024-01-17 13:07:40.78359,28,1000,0
2024-01-17 13:07:40.78367,28,1000,0
2024-01-17 13:07:40.78375,28,1000,0
2024-01-17 13:07:40.78383,28,1000,0
2024-01-17 13:07:40.78393,28,1000,0
2024-01-17 13:07:40.78404,28,1000,0
2024-01-17 13:07:40.78413,28,1000,0
2024-01-17 13:07:40.78423,28,1000,0
2024-01-17 13:07:40.78434,28,1000,0
2024-01-17 13:07:40.78445,28,1000,0
2024-01-17 13:07:40.78454,28,1000,0
2024-01-17 13:07:40.78465,28,1000,0
2024-01-17 13:07:40.78476,28,1000,0
2024-01-17 13:07:40.78487,28,1000,0
2024-01-17 13:07:40.78496,28,1000,0
2024-01-17 13:07:40.78507,28,1000,0
2024-01-17 13:07:40.78516,28,1000,0
2024-01-17 13:07:40.78524,28,1000,0
2024-01-17 13:07:40.78533,28,1000,0
2024-01-17 13:07:40.78541,28,1000,0
2024-01-17 13:07:40.78549,28,1000,0
2024-01-17 13:07:40.78557,28,1000,0
2024-01-17 13:07:40.78565,28,1000,0
2024-01-17 13:07:40.78573,28,1000,0
2024-01-17 13:07:40.78585,28,1000,0
2024-01-17 13:07:40.78608,28,1000,0
2024-01-17 13:07:40.78623,28,1000,0
2024-01-17 13:07:40.78636,28,1000,0
2024-01-17 13:07:40.78650,28,1000,0
2024-01-17 13:07:40.78661,28,1000,0
2024-01-17 13:07:40.78690,28,1000,0
2024-01-17 13:07:40.78703,28,1000,0
2024-01-17 13:07:40.78715,28,1000,0
2024-01-17 13:07:40.78727,28,1000,0
2024-01-17 13:07:40.78740,28,1000,0
2024-01-17 13:07:40.78753,28,1000,0
2024-01-17 13:07:40.78766,28,1000,0
2024-01-17 13:07:40.78779,28,1000,0
2024-01-17 13:07:40.78793,28,1000,0
2024-01-17 13:07:40.78804,28,1000,0
2024-01-17 13:07:40.78816,28,1000,0
2024-01-17 13:07:40.78828,28,1000,0
2024-01-17 13:07:40.78842,28,1000,0
2024-01-17 13:07:40.78854,28,1000,0
2024-01-17 13:07:40.78868,28,1000,0
2024-01-17 13:07:40.78876,28,1000,0
2024-01-17 13:07:40.78885,28,1000,0
2024-01-17 13:07:40.78895,28,1000,0
2024-01-17 13:07:40.78904,28,1000,0
2024-01-17 13:07:40.78912,28,1000,0
2024-01-17 13:07:40.78921,28,1000,0
2024-01-17 13:07:40.78929,28,1000,0
2024-01-17 13:07:40.78937,28,1000,0
2024-01-17 13:07:40.78945,28,1000,0
2024-01-17 13:07:40.78953,28,1000,0
2024-01-17 13:07:40.78963,28,1000,0
2024-01-17 13:07:40.78970,28,1000,0
2024-01-17 13:07:40.78978,28,1000,0
2024-01-17 13:07:40.78988,28,1000,0
2024-01-17 13:07:40.78997,28,1000,0
2024-01-17 13:07:40.79005,28,1000,0
2024-01-17 13:07:40.79014,28,1000,0
2024-01-17 13:07:40.79023,28,1000,0
2024-01-17 13:07:40.79031,28,1000,0
2024-01-17 13:07:40.79039,28,1000,0
2024-01-17 13:07:40.79048,28,1000,0
2024-01-17 13:07:40.79058,28,1000,0
2024-01-17 13:07:40.79065,28,1000,0
2024-01-17 13:07:40.79073,28,1000,0
2024-01-17 13:07:40.79081,28,1000,0
2024-01-17 13:07:40.79090,28,1000,0
2024-01-17 13:07:40.79097,28,1000,0
2024-01-17 13:07:40.79105,28,1000,0
2024-01-17 13:07:40.79112,28,1000,0
2024-01-17 13:07:40.79122,28,1000,0
2024-01-17 13:07:40.79130,28,1000,0
2024-01-17 13:07:40.79139,28,1000,0
2024-01-17 13:07:40.79148,28,1000,0
2024-01-17 13:07:40.79156,28,1000,0
2024-01-17 13:07:40.79166,28,1000,0
2024-01-17 13:07:40.79174,28,1000,0
2024-01-17 13:07:40.79186,28,1000,0
2024-01-17 13:07:40.79195,28,1000,0
2024-01-17 13:07:40.79203,28,1000,0
2024-01-17 13:07:40.79212,28,1000,0
2024-01-17 13:07:40.79221,28,1000,0
2024-01-17 13:07:40.79229,28,1000,0
2024-01-17 13:07:40.79237,28,1000,0
2024-01-17 13:07:40.79247,28,1000,0
2024-01-17 13:07:40.79255,28,1000,0
2024-01-17 13:07:40.79263,28,1000,0
2024-01-17 13:07:40.79272,28,1000,0
2024-01-17 13:07:40.79281,28,1000,0
2024-01-17 13:07:40.79289,28,1000,0
2024-01-17 13:07:40.79297,28,1000,0
2024-01-17 13:07:40.79305,28,1000,0
2024-01-17 13:07:40.79313,28,1000,0
2024-01-17 13:07:40.79321,28,1000,0
2024-01-17 13:07:40.79329,28,1000,0
2024-01-17 13:07:40.79337,28,1000,0
2024-01-17 13:07:40.79345,28,1000,0
2024-01-17 13:07:40.79352,28,1000,0
2024-01-17 13:07:40.79362,28,1000,0
2024-01-17 13:07:40.79372,28,1000,0
2024-01-17 13:07:40.79380,28,1000,0
2024-01-17 13:07:40.79389,28,1000,0
2024-01-17 13:07:40.79397,28,1000,0
2024-01-17 13:07:40.79405,28,1000,0
2024-01-17 13:07:40.79415,28,1000,0
2024-01-17 13:07:40.79424,28,1000,0
2024-01-17 13:07:40.79432,28,1000,0
2024-01-17 13:07:40.79445,28,1000,0
2024-01-17 13:07:40.79454,28,1000,0
2024-01-17 13:07:40.79462,28,1000,0
2024-01-17 13:07:40.79471,28,1000,0
2024-01-17 13:07:40.79479,28,1000,0
2024-01-17 13:07:40.79489,28,1000,0
2024-01-17 13:07:40.79498,28,1000,0
2024-01-17 13:07:40.79508,28,1000,0
2024-01-17 13:07:40.79518,28,1000,0
2024-01-17 13:07:40.79526,28,1000,0
2024-01-17 13:07:40.79534,28,1000,0
2024-01-17 13:07:40.79543,28,1000,0
2024-01-17 13:07:40.79551,28,1000,0
2024-01-17 13:07:40.79559,28,1000,0
2024-01-17 13:07:40.79567,28,1000,0
2024-01-17 13:07:40.79574,28,1000,0
2024-01-17 13:07:40.79583,28,1000,0
2024-01-17 13:07:40.79591,28,1000,0
2024-01-17 13:07:40.79601,28,1000,0
2024-01-17 13:07:40.79622,28,1000,0
2024-01-17 13:07:40.79635,28,1000,0
2024-01-17 13:07:40.79649,28,1000,0
2024-01-17 13:07:40.79662,28,1000,0
2024-01-17 13:07:40.79676,28,1000,0
2024-01-17 13:07:40.79689,28,1000,0
2024-01-17 13:07:40.79703,28,1000,0
2024-01-17 13:07:40.79712,28,1000,0
2024-01-17 13:07:40.79720,28,1000,0
2024-01-17 13:07:40.79729,28,1000,0
2024-01-17 13:07:40.79738,28,1000,0
2024-01-17 13:07:40.79748,28,1000,0
2024-01-17 13:07:40.79757,28,1000,0
2024-01-17 13:07:40.79765,28,1000,0
2024-01-17 13:07:40.79774,28,1000,0
2024-01-17 13:07:40.79783,28,1000,0
2024-01-17 13:07:40.79793,28,1000,0
2024-01-17 13:07:40.79801,28,1000,0
2024-01-17 13:07:40.79809,28,1000,0
2024-01-17 13:07:40.79819,28,1000,0
2024-01-17 13:07:40.79827,28,1000,0
2024-01-17 13:07:40.79837,28,1000,0
2024-01-17 13:07:40.79847,28,1000,0
2024-01-17 13:07:40.79855,28,1000,0
2024-01-17 13:07:40.79864,28,1000,0
2024-01-17 13:07:40.79872,28,1000,0
2024-01-17 13:07:40.79881,28,1000,0
2024-01-17 13:07:40.79891,28,1000,0
2024-01-17 13:07:40.79901,28,1000,0
2024-01-17 13:07:40.79910,28,1000,0
2024-01-17 13:07:40.79918,28,1000,0
2024-01-17 13:07:40.79927,28,1000,0
2024-01-17 13:07:40.79937,28,1000,0
2024-01-17 13:07:40.79946,28,1000,0
2024-01-17 13:07:40.79957,28,1000,0
2024-01-17 13:07:40.79966,28,1000,0
2024-01-17 13:07:40.79976,28,1000,0
2024-01-17 13:07:40.79984,28,1000,0
2024-01-17 13:07:40.79993,28,1000,2
2024-01-17 13:07:40.80003,28,1000,2
2024-01-17 13:07:40.80011,28,1000,4
2024-01-17 13:07:40.80019,28,1000,6
2024-01-17 13:07:40.80028,28,1000,8
2024-01-17 13:07:40.80039,28,1000,10
2024-01-17 13:07:40.80048,28,1000,12
2024-01-17 13:07:40.80057,28,1000,14
2024-01-17 13:07:40.80065,28,1000,16
2024-01-17 13:07:40.80073,28,1000,18
2024-01-17 13:07:40.80081,28,1000,20
2024-01-17 13:07:40.80089,28,1000,22
2024-01-17 13:07:40.80098,28,1000,24
2024-01-17 13:07:40.80107,28,1000,26
2024-01-17 13:07:40.80120,28,1000,28
2024-01-17 13:07:40.80128,28,1000,30
2024-01-17 13:07:40.80136,28,1000,32
2024-01-17 13:07:40.80145,28,1000,34
2024-01-17 13:07:40.80153,28,1000,36
2024-01-17 13:07:40.80160,28,1000,38
2024-01-17 13:07:40.80175,28,1000,38
2024-01-17 13:07:40.80188,28,1000,38
2024-01-17 13:07:40.80198,28,1000,38
2024-01-17 13:07:40.80211,28,1000,38
2024-01-17 13:07:40.80221,28,1000,40
2024-01-17 13:07:40.80234,28,1000,42
2024-01-17 13:07:40.80246,28,1000,42
2024-01-17 13:07:40.80256,28,1000,42
2024-01-17 13:07:40.80270,28,1000,44
2024-01-17 13:07:40.80281,28,1000,46
2024-01-17 13:07:40.80288,28,1000,48
2024-01-17 13:07:40.80295,28,1000,50
2024-01-17 13:07:40.80302,28,1000,52
2024-01-17 13:07:40.80316,28,1000,52
2024-01-17 13:07:40.80331,28,1000,52
2024-01-17 13:07:40.80344,28,1000,54
2024-01-17 13:07:40.80355,28,1000,54
2024-01-17 13:07:40.80367,28,1000,56
2024-01-17 13:07:40.80378,28,1000,56
2024-01-17 13:07:40.80394,28,1000,58
2024-01-17 13:07:40.80401,28,1000,60
2024-01-17 13:07:40.80408,28,1000,62
2024-01-17 13:07:40.80414,28,1000,62
2024-01-17 13:07:40.80422,28,1000,64
2024-01-17 13:07:40.80428,28,1000,66
2024-01-17 13:07:40.80436,28,1000,68
2024-01-17 13:07:40.80443,28,1000,68
2024-01-17 13:07:40.80450,28,1000,70
2024-01-17 13:07:40.80457,28,1000,72
2024-01-17 13:07:40.80464,28,1000,72
2024-01-17 13:07:40.80473,28,1000,74
2024-01-17 13:07:40.80480,28,1000,74
2024-01-17 13:07:40.80489,28,1000,76
2024-01-17 13:07:40.80505,28,1000,76
2024-01-17 13:07:40.80517,28,1000,78
2024-01-17 13:07:40.80527,28,1000,80
2024-01-17 13:07:40.80540,28,1000,82
2024-01-17 13:07:40.80552,28,1000,84
2024-01-17 13:07:40.80559,28,1000,86
2024-01-17 13:07:40.80566,28,1000,86
2024-01-17 13:07:40.80573,28,1000,88
2024-01-17 13:07:40.80581,28,1000,88
2024-01-17 13:07:40.80589,28,1000,90
2024-01-17 13:07:40.80596,28,1000,92
2024-01-17 13:07:40.80603,28,1000,94
2024-01-17 13:07:40.80611,28,1000,94
2024-01-17 13:07:40.80621,28,1000,94
2024-01-17 13:07:40.80628,28,1000,96
2024-01-17 13:07:40.80636,28,1000,96
2024-01-17 13:07:40.80644,28,1000,98
2024-01-17 13:07:40.80651,28,1000,100
2024-01-17 13:07:40.80659,28,1000,100
2024-01-17 13:07:40.80671,28,1000,102
2024-01-17 13:07:40.80683,28,1000,104
2024-01-17 13:07:40.80695,28,1000,106
2024-01-17 13:07:40.80709,28,1000,106
2024-01-17 13:07:40.80716,28,1000,108
2024-01-17 13:07:40.80724,28,1000,110
2024-01-17 13:07:40.80734,28,1000,112
2024-01-17 13:07:40.80741,28,1000,112
2024-01-17 13:07:40.80749,28,1000,112
2024-01-17 13:07:40.80758,28,1000,114
2024-01-17 13:07:40.80766,28,1000,116
2024-01-17 13:07:40.80776,28,1000,116
2024-01-17 13:07:40.80790,28,1000,116
2024-01-17 13:07:40.80802,28,1000,116
2024-01-17 13:07:40.80815,28,1000,118
2024-01-17 13:07:40.80827,28,1000,118
2024-01-17 13:07:40.80835,28,1000,118
2024-01-17 13:07:40.80843,28,1000,118
2024-01-17 13:07:40.80850,28,1000,118
2024-01-17 13:07:40.80859,28,1000,118
2024-01-17 13:07:40.80866,28,1000,120
2024-01-17 13:07:40.80878,28,1000,120
2024-01-17 13:07:40.80887,28,1000,122
2024-01-17 13:07:40.80894,28,1000,122
2024-01-17 13:07:40.80902,28,1000,124
2024-01-17 13:07:40.80910,28,1000,124
2024-01-17 13:07:40.80917,28,1000,124
2024-01-17 13:07:40.80925,28,1000,124
2024-01-17 13:07:40.80932,28,1000,124
2024-01-17 13:07:40.80938,28,1000,126
2024-01-17 13:07:40.80947,28,1000,126
2024-01-17 13:07:40.80954,28,1000,126
2024-01-17 13:07:40.80963,28,1000,126
2024-01-17 13:07:40.80969,28,1000,126
2024-01-17 13:07:40.80975,28,1000,126
2024-01-17 13:07:40.80983,28,1000,128
2024-01-17 13:07:40.80993,28,1000,130
2024-01-17 13:07:40.81000,28,1000,132
2024-01-17 13:07:40.81008,28,1000,134
2024-01-17 13:07:40.81026,28,1000,134
2024-01-17 13:07:40.81040,28,1000,134
2024-01-17 13:07:40.81054,28,1000,134
2024-01-17 13:07:40.81066,28,1000,134
2024-01-17 13:07:40.81079,28,1000,134
2024-01-17 13:07:40.81093,28,1000,134
2024-01-17 13:07:40.81106,28,1000,136
2024-01-17 13:07:40.81121,28,1000,138
2024-01-17 13:07:40.81134,28,1000,140
2024-01-17 13:07:40.81147,28,1000,142
2024-01-17 13:07:40.81163,28,1000,142
2024-01-17 13:07:40.81175,28,1000,142
2024-01-17 13:07:40.81188,28,1000,144
2024-01-17 13:07:40.81205,28,1000,144
2024-01-17 13:07:40.81217,28,1000,144
2024-01-17 13:07:40.81230,28,1000,144
2024-01-17 13:07:40.81243,28,1000,144
2024-01-17 13:07:40.81256,28,1000,146
2024-01-17 13:07:40.81269,28,1000,146
2024-01-17 13:07:40.81282,28,1000,148
2024-01-17 13:07:40.81296,28,1000,148
2024-01-17 13:07:40.81307,28,1000,150
2024-01-17 13:07:40.81322,28,1000,150
2024-01-17 13:07:40.81331,28,1000,150
2024-01-17 13:07:40.81348,28,1000,152
2024-01-17 13:07:40.81358,28,1000,152
2024-01-17 13:07:40.81367,28,1000,152
2024-01-17 13:07:40.81379,28,1000,152
2024-01-17 13:07:40.81390,28,1000,154
2024-01-17 13:07:40.81402,28,1000,154
2024-01-17 13:07:40.81416,28,1000,154
2024-01-17 13:07:40.81430,28,1000,154
2024-01-17 13:07:40.81443,28,1000,154
2024-01-17 13:07:40.81458,28,1000,156
2024-01-17 13:07:40.81467,28,1000,158
2024-01-17 13:07:40.81478,28,1000,160
2024-01-17 13:07:40.81488,28,1000,162
2024-01-17 13:07:40.81499,28,1000,162
2024-01-17 13:07:40.81507,28,1000,162
2024-01-17 13:07:40.81517,28,1000,162
2024-01-17 13:07:40.81525,28,1000,164
2024-01-17 13:07:40.81538,28,1000,164
2024-01-17 13:07:40.81546,28,1000,164
2024-01-17 13:07:40.81557,28,1000,164
2024-01-17 13:07:40.81565,28,1000,164
2024-01-17 13:07:40.81573,28,1000,166
2024-01-17 13:07:40.81585,28,1000,168
2024-01-17 13:07:40.81606,28,1000,168
2024-01-17 13:07:40.81619,28,1000,168
2024-01-17 13:07:40.81637,28,1000,170
2024-01-17 13:07:40.81646,28,1000,172
2024-01-17 13:07:40.81660,28,1000,172
2024-01-17 13:07:40.81668,28,1000,174
2024-01-17 13:07:40.81683,28,1000,174
2024-01-17 13:07:40.81703,28,1000,174
2024-01-17 13:07:40.81712,28,1000,174
2024-01-17 13:07:40.81720,28,1000,174
2024-01-17 13:07:40.81729,28,1000,174
2024-01-17 13:07:40.81736,28,1000,176
2024-01-17 13:07:40.81747,28,1000,176
2024-01-17 13:07:40.81763,28,1000,176
2024-01-17 13:07:40.81772,28,1000,176
2024-01-17 13:07:40.81782,28,1000,176
2024-01-17 13:07:40.81790,28,1000,178
2024-01-17 13:07:40.81799,28,1000,178
2024-01-17 13:07:40.81815,28,1000,180
2024-01-17 13:07:40.81823,28,1000,180
2024-01-17 13:07:40.81835,28,1000,180
2024-01-17 13:07:40.81844,28,1000,182
2024-01-17 13:07:40.81854,28,1000,182
2024-01-17 13:07:40.81862,28,1000,182
2024-01-17 13:07:40.81870,28,1000,184
2024-01-17 13:07:40.81883,28,1000,186
2024-01-17 13:07:40.81895,28,1000,188
2024-01-17 13:07:40.81904,28,1000,188
2024-01-17 13:07:40.81915,28,1000,190
2024-01-17 13:07:40.81922,28,1000,192
2024-01-17 13:07:40.81930,28,1000,194
2024-01-17 13:07:40.81939,28,1000,196
2024-01-17 13:07:40.81946,28,1000,196
2024-01-17 13:07:40.81958,28,1000,196
2024-01-17 13:07:40.81968,28,1000,196
2024-01-17 13:07:40.81978,28,1000,198
2024-01-17 13:07:40.81985,28,1000,198
2024-01-17 13:07:40.81994,28,1000,198
2024-01-17 13:07:40.82003,28,1000,200
2024-01-17 13:07:40.82015,28,1000,202
2024-01-17 13:07:40.82023,28,1000,204
2024-01-17 13:07:40.82032,28,1000,206
2024-01-17 13:07:40.82041,28,1000,208
2024-01-17 13:07:40.82050,28,1000,210
2024-01-17 13:07:40.82060,28,1000,210
2024-01-17 13:07:40.82068,28,1000,210
2024-01-17 13:07:40.82076,28,1000,210
2024-01-17 13:07:40.82086,28,1000,210
2024-01-17 13:07:40.82094,28,1000,212
2024-01-17 13:07:40.82102,28,1000,212
2024-01-17 13:07:40.82110,28,1000,212
2024-01-17 13:07:40.82119,28,1000,214
2024-01-17 13:07:40.82129,28,1000,216
2024-01-17 13:07:40.82140,28,1000,216
2024-01-17 13:07:40.82151,28,1000,216
2024-01-17 13:07:40.82159,28,1000,216
2024-01-17 13:07:40.82168,28,1000,218
2024-01-17 13:07:40.82179,28,1000,218
2024-01-17 13:07:40.82188,28,1000,218
2024-01-17 13:07:40.82197,28,1000,218
2024-01-17 13:07:40.82215,28,1000,220
2024-01-17 13:07:40.82223,28,1000,220
2024-01-17 13:07:40.82232,28,1000,222
2024-01-17 13:07:40.82241,28,1000,222
2024-01-17 13:07:40.82252,28,1000,224
2024-01-17 13:07:40.82260,28,1000,226
2024-01-17 13:07:40.82275,28,1000,226
2024-01-17 13:07:40.82287,28,1000,228
2024-01-17 13:07:40.82301,28,1000,230
2024-01-17 13:07:40.82326,28,1000,232
2024-01-17 13:07:40.82338,28,1000,234
2024-01-17 13:07:40.82346,28,1000,236
2024-01-17 13:07:40.82355,28,1000,238
2024-01-17 13:07:40.82367,28,1000,240
2024-01-17 13:07:40.82376,28,1000,242
2024-01-17 13:07:40.82383,28,1000,244
2024-01-17 13:07:40.82391,28,1000,246
2024-01-17 13:07:40.82401,28,1000,248
2024-01-17 13:07:40.82409,28,1000,250
2024-01-17 13:07:40.82417,28,1000,252
2024-01-17 13:07:40.82437,28,1000,254
2024-01-17 13:07:40.82454,28,1000,256
2024-01-17 13:07:40.82474,28,1000,258
2024-01-17 13:07:40.82483,28,1000,260
2024-01-17 13:07:40.82491,28,1000,262
2024-01-17 13:07:40.82500,28,1000,264
2024-01-17 13:07:40.82508,28,1000,266
2024-01-17 13:07:40.82515,28,1000,268
2024-01-17 13:07:40.82525,28,1000,270
2024-01-17 13:07:40.82532,28,1000,272
2024-01-17 13:07:40.82541,28,1000,274
2024-01-17 13:07:40.82550,28,1000,276
2024-01-17 13:07:40.82558,28,1000,278
2024-01-17 13:07:40.82566,28,1000,280
2024-01-17 13:07:40.82575,28,1000,282
2024-01-17 13:07:40.82585,28,1000,284
2024-01-17 13:07:40.82596,28,1000,286
2024-01-17 13:07:40.82606,28,1000,288
2024-01-17 13:07:40.82618,28,1000,290
2024-01-17 13:07:40.82625,28,1000,292
2024-01-17 13:07:40.82633,28,1000,294
2024-01-17 13:07:40.82642,28,1000,294
2024-01-17 13:07:40.82657,28,1000,294
2024-01-17 13:07:40.82670,28,1000,294
2024-01-17 13:07:40.82680,28,1000,296
2024-01-17 13:07:40.82691,28,1000,298
2024-01-17 13:07:40.82703,28,1000,298
2024-01-17 13:07:40.82713,28,1000,300
2024-01-17 13:07:40.82722,28,1000,302
2024-01-17 13:07:40.82732,28,1000,304
2024-01-17 13:07:40.82741,28,1000,306
2024-01-17 13:07:40.82749,28,1000,308
2024-01-17 13:07:40.82757,28,1000,308
2024-01-17 13:07:40.82765,28,1000,310
2024-01-17 13:07:40.82773,28,1000,310
2024-01-17 13:07:40.82780,28,1000,312
2024-01-17 13:07:40.82788,28,1000,314
2024-01-17 13:07:40.82797,28,1000,314
2024-01-17 13:07:40.82805,28,1000,314
2024-01-17 13:07:40.83767,28,1000,316
2024-01-17 13:07:40.83773,28,1000,318
2024-01-17 13:07:40.83779,28,1000,320
2024-01-17 13:07:40.83785,28,1000,320
2024-01-17 13:07:40.83790,28,1000,320
2024-01-17 13:07:40.83796,28,1000,322
2024-01-17 13:07:40.83801,28,1000,324
2024-01-17 13:07:40.83807,28,1000,324
2024-01-17 13:07:40.83812,28,1000,326
2024-01-17 13:07:40.83817,28,1000,328
2024-01-17 13:07:40.83823,28,1000,328
2024-01-17 13:07:40.83828,28,1000,330
2024-01-17 13:07:40.83835,28,1000,332
2024-01-17 13:07:40.83841,28,1000,334
2024-01-17 13:07:40.83848,28,1000,336
2024-01-17 13:07:40.83853,28,1000,338
2024-01-17 13:07:40.83860,28,1000,338
2024-01-17 13:07:40.83866,28,1000,340
2024-01-17 13:07:40.83873,28,1000,340
2024-01-17 13:07:40.83880,28,1000,342
2024-01-17 13:07:40.83887,28,1000,342
2024-01-17 13:07:40.83895,28,1000,344
2024-01-17 13:07:40.83904,28,1000,344
2024-01-17 13:07:40.83911,28,1000,346
2024-01-17 13:07:40.83931,28,1000,348
2024-01-17 13:07:40.83950,28,1000,350
2024-01-17 13:07:40.83966,28,1000,352
2024-01-17 13:07:40.83978,28,1000,354
2024-01-17 13:07:40.83988,28,1000,356
2024-01-17 13:07:40.83997,28,1000,358
2024-01-17 13:07:40.84006,28,1000,360
2024-01-17 13:07:40.84016,28,1000,362
2024-01-17 13:07:40.84028,28,1000,364
2024-01-17 13:07:40.84039,28,1000,366
2024-01-17 13:07:40.84049,28,1000,368
2024-01-17 13:07:40.84059,28,1000,368
2024-01-17 13:07:40.84128,28,1000,370
2024-01-17 13:07:40.84139,28,1000,370
2024-01-17 13:07:40.84147,28,1000,372
2024-01-17 13:07:40.84156,28,1000,374
2024-01-17 13:07:40.84164,28,1000,376
2024-01-17 13:07:40.84173,28,1000,376
2024-01-17 13:07:40.84184,28,1000,378
2024-01-17 13:07:40.84202,28,1000,380
2024-01-17 13:07:40.84210,28,1000,382
2024-01-17 13:07:40.84249,28,1000,384
2024-01-17 13:07:40.84267,28,1000,386
2024-01-17 13:07:40.84280,28,1000,388
2024-01-17 13:07:40.84291,28,1000,388
2024-01-17 13:07:40.84307,28,1000,388
2024-01-17 13:07:40.84315,28,1000,390
2024-01-17 13:07:40.84322,28,1000,392
2024-01-17 13:07:40.84330,28,1000,394
2024-01-17 13:07:40.84338,28,1000,394
2024-01-17 13:07:40.84345,28,1000,396
2024-01-17 13:07:40.84355,28,1000,398
2024-01-17 13:07:40.84377,28,1000,400
2024-01-17 13:07:40.84386,28,1000,402
2024-01-17 13:07:40.84395,28,1000,404
2024-01-17 13:07:40.84404,28,1000,406
2024-01-17 13:07:40.84412,28,1000,408
2024-01-17 13:07:40.84420,28,1000,410
2024-01-17 13:07:40.84427,28,1000,412
2024-01-17 13:07:40.84437,28,1000,414
2024-01-17 13:07:40.84449,28,1000,414
2024-01-17 13:07:40.84506,28,1000,414
2024-01-17 13:07:40.84514,28,1000,416
2024-01-17 13:07:40.84521,28,1000,418
2024-01-17 13:07:40.84530,28,1000,420
2024-01-17 13:07:40.84537,28,1000,420
2024-01-17 13:07:40.84544,28,1000,422
2024-01-17 13:07:40.84551,28,1000,424
2024-01-17 13:07:40.84562,28,1000,426
2024-01-17 13:07:40.84586,28,1000,428
2024-01-17 13:07:40.84595,28,1000,428
2024-01-17 13:07:40.84604,28,1000,430
2024-01-17 13:07:40.84612,28,1000,432
2024-01-17 13:07:40.84621,28,1000,434
2024-01-17 13:07:40.84630,28,1000,434
2024-01-17 13:07:40.84638,28,1000,436
2024-01-17 13:07:40.84646,28,1000,438
2024-01-17 13:07:40.84659,28,1000,440
2024-01-17 13:07:40.84668,28,1000,440
2024-01-17 13:07:40.84677,28,1000,442
2024-01-17 13:07:40.84685,28,1000,444
2024-01-17 13:07:40.84693,28,1000,444
2024-01-17 13:07:40.84703,28,1000,444
2024-01-17 13:07:40.84711,28,1000,446
2024-01-17 13:07:40.84720,28,1000,448
2024-01-17 13:07:40.84728,28,1000,448
2024-01-17 13:07:40.84737,28,1000,450
2024-01-17 13:07:40.84745,28,1000,452
2024-01-17 13:07:40.84753,28,1000,452
2024-01-17 13:07:40.84762,28,1000,454
2024-01-17 13:07:40.84770,28,1000,456
2024-01-17 13:07:40.84778,28,1000,458
2024-01-17 13:07:40.84787,28,1000,460
2024-01-17 13:07:40.84795,28,1000,460
2024-01-17 13:07:40.84803,28,1000,460
2024-01-17 13:07:40.84812,28,1000,462
2024-01-17 13:07:40.84820,28,1000,462
2024-01-17 13:07:40.84828,28,1000,464
2024-01-17 13:07:40.84837,28,1000,466
2024-01-17 13:07:40.84845,28,1000,468
2024-01-17 13:07:40.84857,28,1000,470
2024-01-17 13:07:40.84865,28,1000,472
2024-01-17 13:07:40.84872,28,1000,472
2024-01-17 13:07:40.84879,28,1000,474
2024-01-17 13:07:40.84885,28,1000,476
2024-01-17 13:07:40.84892,28,1000,476
2024-01-17 13:07:40.84899,28,1000,478
2024-01-17 13:07:40.84906,28,1000,480
2024-01-17 13:07:40.84912,28,1000,480
2024-01-17 13:07:40.84919,28,1000,482
2024-01-17 13:07:40.84926,28,1000,484
2024-01-17 13:07:40.84933,28,1000,486
2024-01-17 13:07:40.84939,28,1000,488
2024-01-17 13:07:40.84946,28,1000,490
2024-01-17 13:07:40.84953,28,1000,492
2024-01-17 13:07:40.84960,28,1000,494
2024-01-17 13:07:40.84966,28,1000,496
2024-01-17 13:07:40.84973,28,1000,498
2024-01-17 13:07:40.84980,28,1000,500
2024-01-17 13:07:40.84987,28,1000,500
2024-01-17 13:07:40.84994,28,1000,502
2024-01-17 13:07:40.85004,28,1000,504
2024-01-17 13:07:40.85012,28,1000,506
2024-01-17 13:07:40.85020,28,1000,506
2024-01-17 13:07:40.85030,28,1000,506
2024-01-17 13:07:40.85040,28,1000,506
2024-01-17 13:07:40.85048,28,1000,508
2024-01-17 13:07:40.85057,28,1000,508
2024-01-17 13:07:40.85066,28,1000,508
2024-01-17 13:07:40.85073,28,1000,510
2024-01-17 13:07:40.85080,28,1000,512
2024-01-17 13:07:40.85088,28,1000,514
2024-01-17 13:07:40.85094,28,1000,516
2024-01-17 13:07:40.85100,28,1000,516
2024-01-17 13:07:40.85106,28,1000,518
2024-01-17 13:07:40.85113,28,1000,520
2024-01-17 13:07:40.85119,28,1000,522
2024-01-17 13:07:40.85125,28,1000,524
2024-01-17 13:07:40.85131,28,1000,526
2024-01-17 13:07:40.85137,28,1000,528
2024-01-17 13:07:40.85144,28,1000,528
2024-01-17 13:07:40.85150,28,1000,530
2024-01-17 13:07:40.85156,28,1000,532
2024-01-17 13:07:40.85163,28,1000,534
2024-01-17 13:07:40.85170,28,1000,536
2024-01-17 13:07:40.85178,28,1000,538
2024-01-17 13:07:40.85185,28,1000,540
2024-01-17 13:07:40.85191,28,1000,540
2024-01-17 13:07:40.85200,28,1000,542
2024-01-17 13:07:40.85207,28,1000,544
2024-01-17 13:07:40.85215,28,1000,546
2024-01-17 13:07:40.85222,28,1000,548
2024-01-17 13:07:40.85230,28,1000,550
2024-01-17 13:07:40.85236,28,1000,552
2024-01-17 13:07:40.85243,28,1000,554
2024-01-17 13:07:40.85250,28,1000,556
2024-01-17 13:07:40.85256,28,1000,556
2024-01-17 13:07:40.85263,28,1000,558
2024-01-17 13:07:40.85269,28,1000,560
2024-01-17 13:07:40.85276,28,1000,562
2024-01-17 13:07:40.85282,28,1000,564
2024-01-17 13:07:40.85288,28,1000,566
2024-01-17 13:07:40.85295,28,1000,568
2024-01-17 13:07:40.85301,28,1000,570
2024-01-17 13:07:40.85308,28,1000,572
2024-01-17 13:07:40.85314,28,1000,574
2024-01-17 13:07:40.85321,28,1000,576
2024-01-17 13:07:40.85327,28,1000,576
2024-01-17 13:07:40.85334,28,1000,578
2024-01-17 13:07:40.85340,28,1000,580
2024-01-17 13:07:40.85347,28,1000,582
2024-01-17 13:07:40.85354,28,1000,584
2024-01-17 13:07:40.85362,28,1000,586
2024-01-17 13:07:40.85369,28,1000,588
2024-01-17 13:07:40.85376,28,1000,590
2024-01-17 13:07:40.85383,28,1000,590
2024-01-17 13:07:40.85388,28,1000,592
2024-01-17 13:07:40.85394,28,1000,594
2024-01-17 13:07:40.85402,28,1000,594
2024-01-17 13:07:40.85410,28,1000,596
2024-01-17 13:07:40.85417,28,1000,598
2024-01-17 13:07:40.85424,28,1000,600
2024-01-17 13:07:40.85431,28,1000,602
2024-01-17 13:07:40.85449,28,1000,604
2024-01-17 13:07:40.85466,28,1000,604
2024-01-17 13:07:40.85478,28,1000,606
2024-01-17 13:07:40.85493,28,1000,608
2024-01-17 13:07:40.85503,28,1000,610
2024-01-17 13:07:40.85512,28,1000,612
2024-01-17 13:07:40.85520,28,1000,614
2024-01-17 13:07:40.85533,28,1000,616
2024-01-17 13:07:40.85541,28,1000,618
2024-01-17 13:07:40.85558,28,1000,618
2024-01-17 13:07:40.85573,28,1000,618
2024-01-17 13:07:40.85588,28,1000,620
2024-01-17 13:07:40.85596,28,1000,622
2024-01-17 13:07:40.85604,28,1000,624
2024-01-17 13:07:40.85612,28,1000,626
2024-01-17 13:07:40.85621,28,1000,626
2024-01-17 13:07:40.85628,28,1000,628
2024-01-17 13:07:40.85635,28,1000,630
2024-01-17 13:07:40.85643,28,1000,630
2024-01-17 13:07:40.85651,28,1000,630
2024-01-17 13:07:40.85659,28,1000,632
2024-01-17 13:07:40.85667,28,1000,634
2024-01-17 13:07:40.85674,28,1000,636
2024-01-17 13:07:40.85681,28,1000,638
2024-01-17 13:07:40.85688,28,1000,638
2024-01-17 13:07:40.85698,28,1000,638
2024-01-17 13:07:40.85712,28,1000,638
2024-01-17 13:07:40.85726,28,1000,640
2024-01-17 13:07:40.85735,28,1000,640
2024-01-17 13:07:40.85741,28,1000,642
2024-01-17 13:07:40.85747,28,1000,644
2024-01-17 13:07:40.85752,28,1000,646
2024-01-17 13:07:40.85758,28,1000,648
2024-01-17 13:07:40.85788,28,1000,648
2024-01-17 13:07:40.85809,28,1000,650
2024-01-17 13:07:40.85817,28,1000,652
2024-01-17 13:07:40.85825,28,1000,654
2024-01-17 13:07:40.85859,28,1000,656
2024-01-17 13:07:40.85872,28,1000,658
2024-01-17 13:07:40.85884,28,1000,660
2024-01-17 13:07:40.86099,28,1000,660
2024-01-17 13:07:40.86114,28,1000,662
2024-01-17 13:07:40.86127,28,1000,664
2024-01-17 13:07:40.86138,28,1000,666
2024-01-17 13:07:40.86149,28,1000,668
2024-01-17 13:07:40.86160,28,1000,670
2024-01-17 13:07:40.86172,28,1000,672
2024-01-17 13:07:40.86182,28,1000,672
2024-01-17 13:07:40.86193,28,1000,672
2024-01-17 13:07:40.86205,28,1000,674
2024-01-17 13:07:40.86215,28,1000,676
2024-01-17 13:07:40.86227,28,1000,676
2024-01-17 13:07:40.86238,28,1000,676
2024-01-17 13:07:40.86248,28,1000,678
2024-01-17 13:07:40.86261,28,1000,678
2024-01-17 13:07:40.86272,28,1000,680
2024-01-17 13:07:40.86282,28,1000,682
2024-01-17 13:07:40.86294,28,1000,684
2024-01-17 13:07:40.86305,28,1000,686
2024-01-17 13:07:40.86316,28,1000,688
2024-01-17 13:07:40.86327,28,1000,688
2024-01-17 13:07:40.86339,28,1000,690
2024-01-17 13:07:40.86349,28,1000,692
2024-01-17 13:07:40.86361,28,1000,694
2024-01-17 13:07:40.86373,28,1000,694
2024-01-17 13:07:40.86393,28,1000,696
2024-01-17 13:07:40.86403,28,1000,698
2024-01-17 13:07:40.86411,28,1000,700
2024-01-17 13:07:40.86596,28,1000,702
2024-01-17 13:07:40.86607,28,1000,704
2024-01-17 13:07:40.86615,28,1000,704
2024-01-17 13:07:40.86625,28,1000,704
2024-01-17 13:07:40.86634,28,1000,706
2024-01-17 13:07:40.86643,28,1000,708
2024-01-17 13:07:40.86652,28,1000,710
2024-01-17 13:07:40.86661,28,1000,710
2024-01-17 13:07:40.86676,28,1000,712
2024-01-17 13:07:40.86685,28,1000,714
2024-01-17 13:07:40.86692,28,1000,714
2024-01-17 13:07:40.86700,28,1000,716
2024-01-17 13:07:40.86708,28,1000,718
2024-01-17 13:07:40.86718,28,1000,720
2024-01-17 13:07:40.86729,28,1000,722
2024-01-17 13:07:40.86738,28,1000,724
2024-01-17 13:07:40.86748,28,1000,724
2024-01-17 13:07:40.86758,28,1000,726
2024-01-17 13:07:40.86768,28,1000,728
2024-01-17 13:07:40.86778,28,1000,730
2024-01-17 13:07:40.86787,28,1000,732
2024-01-17 13:07:40.86797,28,1000,734
2024-01-17 13:07:40.86810,28,1000,734
2024-01-17 13:07:40.86821,28,1000,736
2024-01-17 13:07:40.86838,28,1000,738
2024-01-17 13:07:40.86854,28,1000,740
2024-01-17 13:07:40.86875,28,1000,740
2024-01-17 13:07:40.86890,28,1000,742
2024-01-17 13:07:40.86906,28,1000,744
2024-01-17 13:07:40.86921,28,1000,746
2024-01-17 13:07:40.86935,28,1000,746
2024-01-17 13:07:40.86950,28,1000,748
2024-01-17 13:07:40.86963,28,1000,750
2024-01-17 13:07:40.86975,28,1000,750
2024-01-17 13:07:40.86988,28,1000,752
2024-01-17 13:07:40.87001,28,1000,752
2024-01-17 13:07:40.87009,28,1000,754
2024-01-17 13:07:40.87022,28,1000,756
2024-01-17 13:07:40.87031,28,1000,758
2024-01-17 13:07:40.87049,28,1000,758
2024-01-17 13:07:40.87060,28,1000,760
2024-01-17 13:07:40.87073,28,1000,762
2024-01-17 13:07:40.87085,28,1000,764
2024-01-17 13:07:40.87096,28,1000,766
2024-01-17 13:07:40.87108,28,1000,766
2024-01-17 13:07:40.87122,28,1000,768
2024-01-17 13:07:40.87132,28,1000,770
2024-01-17 13:07:40.87149,28,1000,772
2024-01-17 13:07:40.87160,28,1000,774
2024-01-17 13:07:40.87171,28,1000,774
2024-01-17 13:07:40.87183,28,1000,776
2024-01-17 13:07:40.87191,28,1000,776
2024-01-17 13:07:40.87202,28,1000,778
2024-01-17 13:07:40.87210,28,1000,780
2024-01-17 13:07:40.87217,28,1000,780
2024-01-17 13:07:40.87225,28,1000,780
2024-01-17 13:07:40.87234,28,1000,782
2024-01-17 13:07:40.87243,28,1000,782
2024-01-17 13:07:40.87255,28,1000,784
2024-01-17 13:07:40.87266,28,1000,784
2024-01-17 13:07:40.87277,28,1000,786
2024-01-17 13:07:40.87289,28,1000,788
2024-01-17 13:07:40.87304,28,1000,788
2024-01-17 13:07:40.87315,28,1000,788
2024-01-17 13:07:40.87325,28,1000,788
2024-01-17 13:07:40.87334,28,1000,790
2024-01-17 13:07:40.87345,28,1000,790
2024-01-17 13:07:40.87356,28,1000,790
2024-01-17 13:07:40.87367,28,1000,790
2024-01-17 13:07:40.87380,28,1000,790
2024-01-17 13:07:40.87394,28,1000,792
2024-01-17 13:07:40.87404,28,1000,794
2024-01-17 13:07:40.87413,28,1000,794
2024-01-17 13:07:40.87422,28,1000,796
2024-01-17 13:07:40.87431,28,1000,798
2024-01-17 13:07:40.87441,28,1000,800
2024-01-17 13:07:40.87540,28,1000,800
2024-01-17 13:07:40.87548,28,1000,802
2024-01-17 13:07:40.87554,28,1000,804
2024-01-17 13:07:40.87561,28,1000,806
2024-01-17 13:07:40.87570,28,1000,806
2024-01-17 13:07:40.87579,28,1000,808
2024-01-17 13:07:40.87589,28,1000,810
2024-01-17 13:07:40.87598,28,1000,812
2024-01-17 13:07:40.87605,28,1000,814
2024-01-17 13:07:40.87612,28,1000,816
2024-01-17 13:07:40.87619,28,1000,816
2024-01-17 13:07:40.87626,28,1000,818
2024-01-17 13:07:40.87633,28,1000,820
2024-01-17 13:07:40.87640,28,1000,822
2024-01-17 13:07:40.87647,28,1000,824
2024-01-17 13:07:40.87655,28,1000,826
2024-01-17 13:07:40.87674,28,1000,828
2024-01-17 13:07:40.87686,28,1000,830
2024-01-17 13:07:40.87698,28,1000,832
2024-01-17 13:07:40.87708,28,1000,834
2024-01-17 13:07:40.87722,28,1000,836
2024-01-17 13:07:40.87736,28,1000,838
2024-01-17 13:07:40.87746,28,1000,840
2024-01-17 13:07:40.87753,28,1000,842
2024-01-17 13:07:40.87760,28,1000,844
2024-01-17 13:07:40.87767,28,1000,846
2024-01-17 13:07:40.87774,28,1000,848
2024-01-17 13:07:40.87781,28,1000,850
2024-01-17 13:07:40.87790,28,1000,852
2024-01-17 13:07:40.87804,28,1000,854
2024-01-17 13:07:40.87821,28,1000,856
2024-01-17 13:07:40.87833,28,1000,858
2024-01-17 13:07:40.87843,28,1000,860
2024-01-17 13:07:40.87854,28,1000,862
2024-01-17 13:07:40.87870,28,1000,864
2024-01-17 13:07:40.87882,28,1000,866
2024-01-17 13:07:40.87899,28,1000,868
2024-01-17 13:07:40.87913,28,1000,870
2024-01-17 13:07:40.87926,28,1000,872
2024-01-17 13:07:40.87940,28,1000,874
2024-01-17 13:07:40.87947,28,1000,876
2024-01-17 13:07:40.87954,28,1000,878
2024-01-17 13:07:40.87961,28,1000,880
2024-01-17 13:07:40.87972,28,1000,882
2024-01-17 13:07:40.87985,28,1000,884
2024-01-17 13:07:40.88000,28,1000,886
2024-01-17 13:07:40.88010,28,1000,888
2024-01-17 13:07:40.88019,28,1000,890
2024-01-17 13:07:40.88034,28,1000,892
2024-01-17 13:07:40.88042,28,1000,894
2024-01-17 13:07:40.88048,28,1000,896
2024-01-17 13:07:40.88055,28,1000,898
2024-01-17 13:07:40.88062,28,1000,900
2024-01-17 13:07:40.88068,28,1000,902
2024-01-17 13:07:40.88074,28,1000,904
2024-01-17 13:07:40.88079,28,1000,906
2024-01-17 13:07:40.88085,28,1000,908
2024-01-17 13:07:40.88091,28,1000,910
2024-01-17 13:07:40.88097,28,1000,912
2024-01-17 13:07:40.88102,28,1000,914
2024-01-17 13:07:40.88107,28,1000,916
2024-01-17 13:07:40.88326,28,1000,918
2024-01-17 13:07:40.88333,28,1000,920
2024-01-17 13:07:40.88339,28,1000,922
2024-01-17 13:07:40.88345,28,1000,924
2024-01-17 13:07:40.88352,28,1000,926
2024-01-17 13:07:40.88359,28,1000,928
2024-01-17 13:07:40.88366,28,1000,930
2024-01-17 13:07:40.88373,28,1000,932
2024-01-17 13:07:40.88380,28,1000,934
2024-01-17 13:07:40.88387,28,1000,936
2024-01-17 13:07:40.88393,28,1000,938
2024-01-17 13:07:40.88399,28,1000,940
2024-01-17 13:07:40.88405,28,1000,942
2024-01-17 13:07:40.88412,28,1000,944
2024-01-17 13:07:40.88418,28,1000,946
2024-01-17 13:07:40.88425,28,1000,946
2024-01-17 13:07:40.88431,28,1000,948
2024-01-17 13:07:40.88437,28,1000,950
2024-01-17 13:07:40.88444,28,1000,952
2024-01-17 13:07:40.88452,28,1000,954
2024-01-17 13:07:40.88461,28,1000,956
2024-01-17 13:07:40.88471,28,1000,958
2024-01-17 13:07:40.88479,28,1000,960
2024-01-17 13:07:40.88485,28,1000,962
2024-01-17 13:07:40.88493,28,1000,964
2024-01-17 13:07:40.88499,28,1000,966
2024-01-17 13:07:40.88507,28,1000,968
2024-01-17 13:07:40.88513,28,1000,970
2024-01-17 13:07:40.88520,28,1000,972
2024-01-17 13:07:40.88527,28,1000,974
2024-01-17 13:07:40.88534,28,1000,976
2024-01-17 13:07:40.88544,28,1000,978
2024-01-17 13:07:40.88551,28,1000,980
2024-01-17 13:07:40.88558,28,1000,982
2024-01-17 13:07:40.88565,28,1000,984
2024-01-17 13:07:40.88573,28,1000,986
2024-01-17 13:07:40.88580,28,1000,988
2024-01-17 13:07:40.88588,28,1000,990
2024-01-17 13:07:40.88594,28,1000,992
2024-01-17 13:07:40.88601,28,1000,994
2024-01-17 13:07:40.88609,28,1000,996
2024-01-17 13:07:40.88616,28,1000,998
2024-01-17 13:07:40.88624,28,1000,1000
2024-01-17 13:07:40.88635,28,1000,1002
2024-01-17 13:07:40.88642,28,1000,1002
2024-01-17 13:07:40.88651,28,1000,1004
2024-01-17 13:07:40.88660,28,1000,1006
2024-01-17 13:07:40.88668,28,1000,1008
2024-01-17 13:07:40.88676,28,1000,1010
2024-01-17 13:07:40.88684,28,1000,1010
2024-01-17 13:07:40.88695,28,1000,1012
2024-01-17 13:07:40.88705,28,1000,1014
2024-01-17 13:07:40.88719,28,1000,1016
2024-01-17 13:07:40.88733,28,1000,1018
2024-01-17 13:07:40.88748,28,1000,1020
2024-01-17 13:07:40.88761,28,1000,1022
2024-01-17 13:07:40.88773,28,1000,1022
2024-01-17 13:07:40.88790,28,1000,1024
2024-01-17 13:07:40.88808,28,1000,1024
2024-01-17 13:07:40.88828,28,1000,1026
2024-01-17 13:07:40.88843,28,1000,1028
2024-01-17 13:07:40.88858,28,1000,1030
2024-01-17 13:07:40.88867,28,1000,1032
2024-01-17 13:07:40.88876,28,1000,1034
2024-01-17 13:07:40.88884,28,1000,1036
2024-01-17 13:07:42.31088,29,512,0
2024-01-17 13:07:42.31100,29,512,0
2024-01-17 13:07:42.31112,29,512,0
2024-01-17 13:07:42.31122,29,512,0
2024-01-17 13:07:42.31133,29,512,0
2024-01-17 13:07:42.31145,29,512,0
2024-01-17 13:07:42.31155,29,512,0
2024-01-17 13:07:42.31164,29,512,0
2024-01-17 13:07:42.31234,29,512,0
2024-01-17 13:07:42.31246,29,512,0
2024-01-17 13:07:42.31263,29,512,0
2024-01-17 13:07:42.31281,29,512,0
2024-01-17 13:07:42.31292,29,512,0
2024-01-17 13:07:42.31300,29,512,0
2024-01-17 13:07:42.31312,29,512,0
2024-01-17 13:07:42.31339,29,512,0
2024-01-17 13:07:42.31360,29,512,0
2024-01-17 13:07:42.31375,29,512,0
2024-01-17 13:07:42.31388,29,512,0
2024-01-17 13:07:42.31405,29,512,0
2024-01-17 13:07:42.31413,29,512,0
2024-01-17 13:07:42.31423,29,512,0
2024-01-17 13:07:42.31433,29,512,0
2024-01-17 13:07:42.31441,29,512,0
2024-01-17 13:07:42.31451,29,512,0
2024-01-17 13:07:42.31462,29,512,0
2024-01-17 13:07:42.31472,29,512,0
2024-01-17 13:07:42.31482,29,512,0
2024-01-17 13:07:42.31497,29,512,0
2024-01-17 13:07:42.31507,29,512,0
2024-01-17 13:07:42.31515,29,512,0
2024-01-17 13:07:42.31525,29,512,0
2024-01-17 13:07:42.31534,29,512,0
2024-01-17 13:07:42.31545,29,512,0
2024-01-17 13:07:42.31556,29,512,0
2024-01-17 13:07:42.31567,29,512,0
2024-01-17 13:07:42.31578,29,512,0
2024-01-17 13:07:42.31588,29,512,0
2024-01-17 13:07:42.31609,29,512,0
2024-01-17 13:07:42.31619,29,512,0
2024-01-17 13:07:42.31628,29,512,0
2024-01-17 13:07:42.31641,29,512,0
2024-01-17 13:07:42.31649,29,512,0
2024-01-17 13:07:42.31657,29,512,0
2024-01-17 13:07:42.31665,29,512,0
2024-01-17 13:07:42.31674,29,512,0
2024-01-17 13:07:42.31682,29,512,0
2024-01-17 13:07:42.31691,29,512,0
2024-01-17 13:07:42.31738,29,512,0
2024-01-17 13:07:42.31750,29,512,0
2024-01-17 13:07:42.31791,29,512,0
2024-01-17 13:07:42.31799,29,512,0
2024-01-17 13:07:42.31805,29,512,0
2024-01-17 13:07:42.31816,29,512,0
2024-01-17 13:07:42.31841,29,512,0
2024-01-17 13:07:42.31876,29,512,0
2024-01-17 13:07:42.31892,29,512,0
2024-01-17 13:07:42.31902,29,512,0
2024-01-17 13:07:42.31909,29,512,0
2024-01-17 13:07:42.31924,29,512,0
2024-01-17 13:07:42.31941,29,512,0
2024-01-17 13:07:42.31952,29,512,0
2024-01-17 13:07:42.31977,29,512,0
2024-01-17 13:07:42.31987,29,512,0
2024-01-17 13:07:42.31995,29,512,0
2024-01-17 13:07:42.32003,29,512,0
2024-01-17 13:07:42.32013,29,512,0
2024-01-17 13:07:42.32026,29,512,0
2024-01-17 13:07:42.32033,29,512,0
2024-01-17 13:07:42.32046,29,512,0
2024-01-17 13:07:42.32068,29,512,0
2024-01-17 13:07:42.32085,29,512,0
2024-01-17 13:07:42.32093,29,512,0
2024-01-17 13:07:42.32103,29,512,0
2024-01-17 13:07:42.32120,29,512,0
2024-01-17 13:07:42.32143,29,512,0
2024-01-17 13:07:42.32159,29,512,0
2024-01-17 13:07:42.32171,29,512,0
2024-01-17 13:07:42.32189,29,512,0
2024-01-17 13:07:42.32199,29,512,0
2024-01-17 13:07:42.32207,29,512,0
2024-01-17 13:07:42.32217,29,512,0
2024-01-17 13:07:42.32224,29,512,0
2024-01-17 13:07:42.32232,29,512,0
2024-01-17 13:07:42.32239,29,512,0
2024-01-17 13:07:42.32251,29,512,0
2024-01-17 13:07:42.32272,29,512,0
2024-01-17 13:07:42.32290,29,512,0
2024-01-17 13:07:42.32305,29,512,0
2024-01-17 13:07:42.32317,29,512,0
2024-01-17 13:07:42.32329,29,512,0
2024-01-17 13:07:42.32342,29,512,0
2024-01-17 13:07:42.32352,29,512,0
2024-01-17 13:07:42.32368,29,512,0
2024-01-17 13:07:42.32379,29,512,0
2024-01-17 13:07:42.32388,29,512,0
2024-01-17 13:07:42.32397,29,512,0
2024-01-17 13:07:42.32406,29,512,0
2024-01-17 13:07:42.32413,29,512,0
2024-01-17 13:07:42.32426,29,512,0
2024-01-17 13:07:42.32444,29,512,0
2024-01-17 13:07:42.32464,29,512,0
2024-01-17 13:07:42.32479,29,512,0
2024-01-17 13:07:42.32485,29,512,0
2024-01-17 13:07:42.32505,29,512,0
2024-01-17 13:07:42.32514,29,512,0
2024-01-17 13:07:42.32524,29,512,0
2024-01-17 13:07:42.32531,29,512,0
2024-01-17 13:07:42.32537,29,512,0
2024-01-17 13:07:42.32548,29,512,0
2024-01-17 13:07:42.32568,29,512,0
2024-01-17 13:07:42.32576,29,512,0
2024-01-17 13:07:42.32582,29,512,0
2024-01-17 13:07:42.32590,29,512,0
2024-01-17 13:07:42.32609,29,512,0
2024-01-17 13:07:42.32626,29,512,0
2024-01-17 13:07:42.32640,29,512,0
2024-01-17 13:07:42.32647,29,512,0
2024-01-17 13:07:42.32653,29,512,0
2024-01-17 13:07:42.32662,29,512,0
2024-01-17 13:07:42.32668,29,512,0
2024-01-17 13:07:42.32674,29,512,0
2024-01-17 13:07:42.32681,29,512,0
2024-01-17 13:07:42.32687,29,512,0
2024-01-17 13:07:42.32706,29,512,0
2024-01-17 13:07:42.32724,29,512,0
2024-01-17 13:07:42.32731,29,512,0
2024-01-17 13:07:42.32738,29,512,0
2024-01-17 13:07:42.32757,29,512,0
2024-01-17 13:07:42.32783,29,512,0
2024-01-17 13:07:42.32800,29,512,0
2024-01-17 13:07:42.32815,29,512,0
2024-01-17 13:07:42.32832,29,512,0
2024-01-17 13:07:42.32838,29,512,0
2024-01-17 13:07:42.32845,29,512,0
2024-01-17 13:07:42.32853,29,512,0
2024-01-17 13:07:42.32859,29,512,0
2024-01-17 13:07:42.32880,29,512,0
2024-01-17 13:07:42.32903,29,512,0
2024-01-17 13:07:42.32919,29,512,0
2024-01-17 13:07:42.32938,29,512,0
2024-01-17 13:07:42.32958,29,512,0
2024-01-17 13:07:42.32967,29,512,0
2024-01-17 13:07:42.32974,29,512,0
2024-01-17 13:07:42.32981,29,512,0
2024-01-17 13:07:42.32987,29,512,0
2024-01-17 13:07:42.32994,29,512,0
2024-01-17 13:07:42.33002,29,512,0
2024-01-17 13:07:42.33010,29,512,0
2024-01-17 13:07:42.33019,29,512,0
2024-01-17 13:07:42.33025,29,512,0
2024-01-17 13:07:42.33033,29,512,0
2024-01-17 13:07:42.33040,29,512,0
2024-01-17 13:07:42.33057,29,512,0
2024-01-17 13:07:42.33079,29,512,0
2024-01-17 13:07:42.33097,29,512,0
2024-01-17 13:07:42.33108,29,512,0
2024-01-17 13:07:42.33115,29,512,0
2024-01-17 13:07:42.33123,29,512,0
2024-01-17 13:07:42.33131,29,512,0
2024-01-17 13:07:42.33162,29,512,0
2024-01-17 13:07:42.33171,29,512,0
2024-01-17 13:07:42.33181,29,512,0
2024-01-17 13:07:42.33200,29,512,0
2024-01-17 13:07:42.33214,29,512,0
2024-01-17 13:07:42.33234,29,512,0
2024-01-17 13:07:42.33241,29,512,0
2024-01-17 13:07:42.33247,29,512,0
2024-01-17 13:07:42.33257,29,512,0
2024-01-17 13:07:42.33273,29,512,0
2024-01-17 13:07:42.33282,29,512,0
2024-01-17 13:07:42.33291,29,512,0
2024-01-17 13:07:42.33298,29,512,0
2024-01-17 13:07:42.33304,29,512,0
2024-01-17 13:07:42.33310,29,512,0
2024-01-17 13:07:42.33327,29,512,0
2024-01-17 13:07:42.33345,29,512,0
2024-01-17 13:07:42.33355,29,512,0
2024-01-17 13:07:42.33371,29,512,0
2024-01-17 13:07:42.33386,29,512,0
2024-01-17 13:07:42.33401,29,512,0
2024-01-17 13:07:42.33416,29,512,0
2024-01-17 13:07:42.33440,29,512,0
2024-01-17 13:07:42.33451,29,512,0
2024-01-17 13:07:42.33457,29,512,0
2024-01-17 13:07:42.33463,29,512,0
2024-01-17 13:07:42.33469,29,512,0
2024-01-17 13:07:42.33476,29,512,0
2024-01-17 13:07:42.33482,29,512,0
2024-01-17 13:07:42.33487,29,512,0
2024-01-17 13:07:42.33492,29,512,0
2024-01-17 13:07:42.33499,29,512,0
2024-01-17 13:07:42.33508,29,512,0
2024-01-17 13:07:42.33515,29,512,0
2024-01-17 13:07:42.33521,29,512,0
2024-01-17 13:07:42.33526,29,512,0
2024-01-17 13:07:42.33536,29,512,0
2024-01-17 13:07:42.33542,29,512,0
2024-01-17 13:07:42.33548,29,512,0
2024-01-17 13:07:42.33554,29,512,0
2024-01-17 13:07:42.33567,29,512,0
2024-01-17 13:07:42.33584,29,512,0
2024-01-17 13:07:42.33594,29,512,0
2024-01-17 13:07:42.33601,29,512,0
2024-01-17 13:07:42.33608,29,512,0
2024-01-17 13:07:42.33618,29,512,0
2024-01-17 13:07:42.33626,29,512,0
2024-01-17 13:07:42.33635,29,512,0
2024-01-17 13:07:42.33667,29,512,0
2024-01-17 13:07:42.33681,29,512,0
2024-01-17 13:07:42.33688,29,512,0
2024-01-17 13:07:42.33694,29,512,0
2024-01-17 13:07:42.33701,29,512,0
2024-01-17 13:07:42.33708,29,512,0
2024-01-17 13:07:42.33713,29,512,0
2024-01-17 13:07:42.33720,29,512,0
2024-01-17 13:07:42.33733,29,512,0
2024-01-17 13:07:42.33754,29,512,0
2024-01-17 13:07:42.33759,29,512,0
2024-01-17 13:07:42.33766,29,512,0
2024-01-17 13:07:42.33772,29,512,0
2024-01-17 13:07:42.33777,29,512,0
2024-01-17 13:07:42.33784,29,512,0
2024-01-17 13:07:42.33792,29,512,0
2024-01-17 13:07:42.33797,29,512,0
2024-01-17 13:07:42.33802,29,512,0
2024-01-17 13:07:42.33823,29,512,0
2024-01-17 13:07:42.33828,29,512,0
2024-01-17 13:07:42.33843,29,512,0
2024-01-17 13:07:42.33850,29,512,0
2024-01-17 13:07:42.33856,29,512,0
2024-01-17 13:07:42.33862,29,512,0
2024-01-17 13:07:42.33867,29,512,0
2024-01-17 13:07:42.33871,29,512,0
2024-01-17 13:07:42.33889,29,512,0
2024-01-17 13:07:42.33898,29,512,0
2024-01-17 13:07:42.33904,29,512,0
2024-01-17 13:07:42.33922,29,512,0
2024-01-17 13:07:42.33928,29,512,0
2024-01-17 13:07:42.33933,29,512,0
2024-01-17 13:07:42.33939,29,512,0
2024-01-17 13:07:42.33944,29,512,0
2024-01-17 13:07:42.33949,29,512,0
2024-01-17 13:07:42.33954,29,512,0
2024-01-17 13:07:42.33961,29,512,0
2024-01-17 13:07:42.33969,29,512,0
2024-01-17 13:07:42.33978,29,512,0
2024-01-17 13:07:42.33984,29,512,2
2024-01-17 13:07:42.34001,29,512,4
2024-01-17 13:07:42.34009,29,512,6
2024-01-17 13:07:42.34015,29,512,8
2024-01-17 13:07:42.34020,29,512,8
2024-01-17 13:07:42.34025,29,512,8
2024-01-17 13:07:42.34031,29,512,10
2024-01-17 13:07:42.34037,29,512,12
2024-01-17 13:07:42.34042,29,512,12
2024-01-17 13:07:42.34068,29,512,14
2024-01-17 13:07:42.34075,29,512,16
2024-01-17 13:07:42.34081,29,512,16
2024-01-17 13:07:42.34086,29,512,16
2024-01-17 13:07:42.34093,29,512,16
2024-01-17 13:07:42.34097,29,512,16
2024-01-17 13:07:42.34114,29,512,16
2024-01-17 13:07:42.34119,29,512,16
2024-01-17 13:07:42.34127,29,512,16
2024-01-17 13:07:42.34131,29,512,16
2024-01-17 13:07:42.34137,29,512,16
2024-01-17 13:07:42.34144,29,512,16
2024-01-17 13:07:42.34149,29,512,16
2024-01-17 13:07:42.34155,29,512,16
2024-01-17 13:07:42.34164,29,512,16
2024-01-17 13:07:42.34169,29,512,16
2024-01-17 13:07:42.34176,29,512,16
2024-01-17 13:07:42.34186,29,512,16
2024-01-17 13:07:42.34207,29,512,16
2024-01-17 13:07:42.34238,29,512,16
2024-01-17 13:07:42.34243,29,512,16
2024-01-17 13:07:42.34254,29,512,16
2024-01-17 13:07:42.34261,29,512,16
2024-01-17 13:07:42.34268,29,512,16
2024-01-17 13:07:42.34273,29,512,16
2024-01-17 13:07:42.34281,29,512,16
2024-01-17 13:07:42.34287,29,512,16
2024-01-17 13:07:42.34294,29,512,16
2024-01-17 13:07:42.34300,29,512,16
2024-01-17 13:07:42.34310,29,512,16
2024-01-17 13:07:42.34316,29,512,16
2024-01-17 13:07:42.34322,29,512,16
2024-01-17 13:07:42.34326,29,512,16
2024-01-17 13:07:42.34332,29,512,16
2024-01-17 13:07:42.34337,29,512,16
2024-01-17 13:07:42.34343,29,512,16
2024-01-17 13:07:42.34348,29,512,16
2024-01-17 13:07:42.34353,29,512,16
2024-01-17 13:07:42.34360,29,512,16
2024-01-17 13:07:42.34365,29,512,16
2024-01-17 13:07:42.34373,29,512,16
2024-01-17 13:07:42.34382,29,512,16
2024-01-17 13:07:42.34387,29,512,16
2024-01-17 13:07:42.34403,29,512,16
2024-01-17 13:07:42.34419,29,512,16
2024-01-17 13:07:42.34425,29,512,16
2024-01-17 13:07:42.34432,29,512,16
2024-01-17 13:07:42.34438,29,512,16
2024-01-17 13:07:42.34443,29,512,16
2024-01-17 13:07:42.34455,29,512,16
2024-01-17 13:07:42.34462,29,512,16
2024-01-17 13:07:42.34468,29,512,16
2024-01-17 13:07:42.34473,29,512,16
2024-01-17 13:07:42.34481,29,512,16
2024-01-17 13:07:42.34487,29,512,16
2024-01-17 13:07:42.34494,29,512,16
2024-01-17 13:07:42.34504,29,512,16
2024-01-17 13:07:42.34515,29,512,16
2024-01-17 13:07:42.34521,29,512,16
2024-01-17 13:07:42.34526,29,512,16
2024-01-17 13:07:42.34533,29,512,16
2024-01-17 13:07:42.34537,29,512,16
2024-01-17 13:07:42.34547,29,512,16
2024-01-17 13:07:42.34565,29,512,16
2024-01-17 13:07:42.34570,29,512,16
2024-01-17 13:07:42.34575,29,512,16
2024-01-17 13:07:42.34580,29,512,16
2024-01-17 13:07:42.34596,29,512,16
2024-01-17 13:07:42.34602,29,512,16
2024-01-17 13:07:42.34607,29,512,16
2024-01-17 13:07:42.34618,29,512,16
2024-01-17 13:07:42.34624,29,512,16
2024-01-17 13:07:42.34630,29,512,16
2024-01-17 13:07:42.34641,29,512,16
2024-01-17 13:07:42.34647,29,512,16
2024-01-17 13:07:42.34652,29,512,16
2024-01-17 13:07:42.34659,29,512,16
2024-01-17 13:07:42.34663,29,512,16
2024-01-17 13:07:42.34667,29,512,16
2024-01-17 13:07:42.34672,29,512,16
2024-01-17 13:07:42.34678,29,512,16
2024-01-17 13:07:42.34683,29,512,16
2024-01-17 13:07:42.34687,29,512,16
2024-01-17 13:07:42.34692,29,512,16
2024-01-17 13:07:42.34697,29,512,16
2024-01-17 13:07:42.34701,29,512,16
2024-01-17 13:07:42.34709,29,512,16
2024-01-17 13:07:42.34727,29,512,16
2024-01-17 13:07:42.34743,29,512,16
2024-01-17 13:07:42.34762,29,512,16
2024-01-17 13:07:42.34779,29,512,16
2024-01-17 13:07:42.34793,29,512,16
2024-01-17 13:07:42.34813,29,512,16
2024-01-17 13:07:42.34832,29,512,16
2024-01-17 13:07:42.34847,29,512,16
2024-01-17 13:07:42.34867,29,512,16
2024-01-17 13:07:42.34885,29,512,16
2024-01-17 13:07:42.34902,29,512,16
2024-01-17 13:07:42.34918,29,512,16
2024-01-17 13:07:42.34955,29,512,16
2024-01-17 13:07:42.34961,29,512,16
2024-01-17 13:07:42.34974,29,512,16
2024-01-17 13:07:42.34981,29,512,16
2024-01-17 13:07:42.34989,29,512,16
2024-01-17 13:07:42.34995,29,512,16
2024-01-17 13:07:42.34999,29,512,16
2024-01-17 13:07:42.35003,29,512,16
2024-01-17 13:07:42.35007,29,512,16
2024-01-17 13:07:42.35011,29,512,16
2024-01-17 13:07:42.35017,29,512,16
2024-01-17 13:07:42.35021,29,512,16
2024-01-17 13:07:42.35025,29,512,16
2024-01-17 13:07:42.35041,29,512,16
2024-01-17 13:07:42.35046,29,512,16
2024-01-17 13:07:42.35050,29,512,16
2024-01-17 13:07:42.35055,29,512,16
2024-01-17 13:07:42.35059,29,512,16
2024-01-17 13:07:42.35065,29,512,16
2024-01-17 13:07:42.35074,29,512,16
2024-01-17 13:07:42.35079,29,512,16
2024-01-17 13:07:42.35087,29,512,16
2024-01-17 13:07:42.35094,29,512,16
2024-01-17 13:07:42.35099,29,512,16
2024-01-17 13:07:42.35106,29,512,16
2024-01-17 13:07:42.35111,29,512,16
2024-01-17 13:07:42.35115,29,512,16
2024-01-17 13:07:42.35120,29,512,16
2024-01-17 13:07:42.35125,29,512,16
2024-01-17 13:07:42.35130,29,512,16
2024-01-17 13:07:42.35139,29,512,16
2024-01-17 13:07:42.35144,29,512,16
2024-01-17 13:07:42.35149,29,512,16
2024-01-17 13:07:42.35159,29,512,16
2024-01-17 13:07:42.35164,29,512,16
2024-01-17 13:07:42.35172,29,512,16
2024-01-17 13:07:42.35176,29,512,16
2024-01-17 13:07:42.35180,29,512,16
2024-01-17 13:07:42.35205,29,512,16
2024-01-17 13:07:42.35212,29,512,16
2024-01-17 13:07:42.35219,29,512,16
2024-01-17 13:07:42.35223,29,512,16
2024-01-17 13:07:42.35232,29,512,16
2024-01-17 13:07:42.35237,29,512,16
2024-01-17 13:07:42.35242,29,512,16
2024-01-17 13:07:42.35252,29,512,16
2024-01-17 13:07:42.35257,29,512,16
2024-01-17 13:07:42.35264,29,512,16
2024-01-17 13:07:42.35268,29,512,16
2024-01-17 13:07:42.35273,29,512,16
2024-01-17 13:07:42.35290,29,512,16
2024-01-17 13:07:42.35303,29,512,16
2024-01-17 13:07:42.35309,29,512,16
2024-01-17 13:07:42.35316,29,512,16
2024-01-17 13:07:42.35320,29,512,16
2024-01-17 13:07:42.35327,29,512,16
2024-01-17 13:07:42.35336,29,512,16
2024-01-17 13:07:42.35348,29,512,16
2024-01-17 13:07:42.35352,29,512,16
2024-01-17 13:07:42.35357,29,512,16
2024-01-17 13:07:42.35362,29,512,16
2024-01-17 13:07:42.35369,29,512,16
2024-01-17 13:07:42.35375,29,512,16
2024-01-17 13:07:42.35379,29,512,16
2024-01-17 13:07:42.35384,29,512,16
2024-01-17 13:07:42.35390,29,512,16
2024-01-17 13:07:42.35397,29,512,16
2024-01-17 13:07:42.35407,29,512,16
2024-01-17 13:07:42.35414,29,512,16
2024-01-17 13:07:42.35423,29,512,16
2024-01-17 13:07:42.35430,29,512,16
2024-01-17 13:07:42.35435,29,512,16
2024-01-17 13:07:42.35443,29,512,16
2024-01-17 13:07:42.35448,29,512,16
2024-01-17 13:07:42.35453,29,512,16
2024-01-17 13:07:42.35460,29,512,16
2024-01-17 13:07:42.35473,29,512,16
2024-01-17 13:07:42.35488,29,512,16
2024-01-17 13:07:42.35499,29,512,16
2024-01-17 13:07:42.35504,29,512,16
2024-01-17 13:07:42.35509,29,512,16
2024-01-17 13:07:42.35517,29,512,16
2024-01-17 13:07:42.35521,29,512,16
2024-01-17 13:07:42.35527,29,512,16
2024-01-17 13:07:42.35532,29,512,16
2024-01-17 13:07:42.35537,29,512,16
2024-01-17 13:07:42.35541,29,512,16
2024-01-17 13:07:42.35547,29,512,16
2024-01-17 13:07:42.35553,29,512,16
2024-01-17 13:07:42.35560,29,512,16
2024-01-17 13:07:42.35565,29,512,16
2024-01-17 13:07:42.35570,29,512,16
2024-01-17 13:07:42.35576,29,512,16
2024-01-17 13:07:42.35581,29,512,16
2024-01-17 13:07:42.35586,29,512,16
2024-01-17 13:07:42.35595,29,512,16
2024-01-17 13:07:42.35601,29,512,16
2024-01-17 13:07:42.35607,29,512,16
2024-01-17 13:07:42.35613,29,512,16
2024-01-17 13:07:42.35619,29,512,16
2024-01-17 13:07:42.35623,29,512,16
2024-01-17 13:07:42.35638,29,512,16
2024-01-17 13:07:42.35646,29,512,16
2024-01-17 13:07:42.35662,29,512,16
2024-01-17 13:07:42.35667,29,512,16
2024-01-17 13:07:42.35672,29,512,16
2024-01-17 13:07:42.35680,29,512,16
2024-01-17 13:07:42.35687,29,512,16
2024-01-17 13:07:42.35693,29,512,16
2024-01-17 13:07:42.35698,29,512,16
2024-01-17 13:07:42.35704,29,512,16
2024-01-17 13:07:42.35709,29,512,16
2024-01-17 13:07:42.35714,29,512,16
2024-01-17 13:07:42.35720,29,512,16
2024-01-17 13:07:42.35725,29,512,16
2024-01-17 13:07:42.35732,29,512,16
2024-01-17 13:07:42.35737,29,512,16
2024-01-17 13:07:42.35741,29,512,16
2024-01-17 13:07:42.35745,29,512,16
2024-01-17 13:07:42.35751,29,512,16
2024-01-17 13:07:42.35756,29,512,16
2024-01-17 13:07:42.35760,29,512,16
2024-01-17 13:07:42.35767,29,512,16
2024-01-17 13:07:42.35777,29,512,16
2024-01-17 13:07:42.35783,29,512,16
2024-01-17 13:07:42.35787,29,512,16
2024-01-17 13:07:42.35793,29,512,16
2024-01-17 13:07:42.35802,29,512,16
2024-01-17 13:07:42.35808,29,512,16
2024-01-17 13:07:42.35815,29,512,16
2024-01-17 13:07:42.35819,29,512,16
2024-01-17 13:07:42.35824,29,512,16
2024-01-17 13:07:42.35835,29,512,16
2024-01-17 13:07:42.35841,29,512,16
2024-01-17 13:07:42.35846,29,512,16
2024-01-17 13:07:42.35853,29,512,18
2024-01-17 13:07:42.35858,29,512,20
2024-01-17 13:07:42.35863,29,512,20
2024-01-17 13:07:42.35869,29,512,20
2024-01-17 13:07:42.35875,29,512,22
2024-01-17 13:07:42.35881,29,512,22
2024-01-17 13:07:42.35887,29,512,22
2024-01-17 13:07:42.35892,29,512,24
2024-01-17 13:07:42.35899,29,512,24
2024-01-17 13:07:42.35904,29,512,24
2024-01-17 13:07:42.35909,29,512,26
2024-01-17 13:07:42.35916,29,512,26
2024-01-17 13:07:42.35938,29,512,28
2024-01-17 13:07:42.35951,29,512,28
2024-01-17 13:07:42.35962,29,512,28
2024-01-17 13:07:42.35974,29,512,28
2024-01-17 13:07:42.35980,29,512,28
2024-01-17 13:07:42.35985,29,512,30
2024-01-17 13:07:42.35991,29,512,30
2024-01-17 13:07:42.35996,29,512,32
2024-01-17 13:07:42.36000,29,512,32
2024-01-17 13:07:42.36005,29,512,34
